hhid,animalid,altitude,goats,sheep,cattle,donkeys,species,breed,sex,age,bdt,bsr,avaq,area,pathogen,landuse,result
0,55415,104,,,,,Goat,Cross,Male,Adult,BDT071233,BSR014030,AVAQ55415,Hola,rvf,Irrigated,negative
0,55387,103.7,,,,,Goat,"Galla Goat, Cross",Female,Adult,BDT071225,BSR014029,AVAQ55387,Hola,qfever,Irrigated,negative
0,55127,103.7,,,,,Goat,Cross,Female,Adult,BDT071253,BSR014033,AVAQ55127,Hola,brucella,Irrigated,negative
0,55418,105.8,,,,,Goat,Cross,Female,Weaner,BDT070477,BSR013528,AVAQ55418,Hola,qfever,Irrigated,negative
0,55415,104,,,,,Goat,Cross,Male,Adult,BDT071233,BSR014030,AVAQ55415,Hola,qfever,Irrigated,negative
0,55127,103.7,,,,,Goat,Cross,Female,Adult,BDT071253,BSR014033,AVAQ55127,Hola,qfever,Irrigated,negative
0,55387,103.7,,,,,Goat,"Galla Goat, Cross",Female,Adult,BDT071225,BSR014029,AVAQ55387,Hola,brucella,Irrigated,negative
0,55424,105.2,,,,,Sheep,Black Head Persian,Female,Adult,BDT070500,BSR013533,AVAQ55424,Hola,brucella,Irrigated,negative
0,55431,104.6,,,,,Goat,Cross,Female,Adult,BDT070463,BSR013552,AVAQ55431,Hola,qfever,Irrigated,negative
0,55658,104.1,,,,,Goat,"Galla Goat, Cross",Female,Adult,BDT070480,BSR014025,AVAQ55658,Hola,qfever,Irrigated,negative
0,54544,105.3,,,,,Sheep,Cross,Female,Adult,BDT070498,BSR013532,AVAQ54544,Hola,brucella,Irrigated,negative
0,55387,103.7,,,,,Goat,"Galla Goat, Cross",Female,Adult,BDT071225,BSR014029,AVAQ55387,Hola,rvf,Irrigated,negative
0,55431,104.6,,,,,Goat,Cross,Female,Adult,BDT070463,BSR013552,AVAQ55431,Hola,rvf,Irrigated,negative
0,55658,104.1,,,,,Goat,"Galla Goat, Cross",Female,Adult,BDT070480,BSR014025,AVAQ55658,Hola,rvf,Irrigated,positive
0,55408,104.9,,,,,Goat,Cross,Female,Weaner,BDT070475,BSR013525,AVAQ55408,Hola,brucella,Irrigated,negative
0,55408,104.9,,,,,Goat,Cross,Female,Weaner,BDT070475,BSR013525,AVAQ55408,Hola,rvf,Irrigated,negative
0,54544,105.3,,,,,Sheep,Cross,Female,Adult,BDT070498,BSR013532,AVAQ54544,Hola,qfever,Irrigated,negative
0,54544,105.3,,,,,Sheep,Cross,Female,Adult,BDT070498,BSR013532,AVAQ54544,Hola,rvf,Irrigated,negative
0,55424,105.2,,,,,Sheep,Black Head Persian,Female,Adult,BDT070500,BSR013533,AVAQ55424,Hola,rvf,Irrigated,negative
0,54016,105.5,,,,,Sheep,Black Head Persian,Male,Weaner,BDT070481,BSR013534,AVAQ54016,Hola,rvf,Irrigated,negative
0,55408,104.9,,,,,Goat,Cross,Female,Weaner,BDT070475,BSR013525,AVAQ55408,Hola,qfever,Irrigated,negative
0,53928,105.1,,,,,Sheep,Black Head Persian,Female,Adult,BDT070494,BSR013526,AVAQ53928,Hola,brucella,Irrigated,negative
0,55415,104,,,,,Goat,Cross,Male,Adult,BDT071233,BSR014030,AVAQ55415,Hola,brucella,Irrigated,negative
0,54016,105.5,,,,,Sheep,Black Head Persian,Male,Weaner,BDT070481,BSR013534,AVAQ54016,Hola,qfever,Irrigated,negative
0,55127,103.7,,,,,Goat,Cross,Female,Adult,BDT071253,BSR014033,AVAQ55127,Hola,rvf,Irrigated,positive
0,55424,105.2,,,,,Sheep,Black Head Persian,Female,Adult,BDT070500,BSR013533,AVAQ55424,Hola,qfever,Irrigated,negative
0,55418,105.8,,,,,Goat,Cross,Female,Weaner,BDT070477,BSR013528,AVAQ55418,Hola,brucella,Irrigated,negative
0,55418,105.8,,,,,Goat,Cross,Female,Weaner,BDT070477,BSR013528,AVAQ55418,Hola,rvf,Irrigated,negative
0,55140,104.4,,,,,Goat,"Galla Goat, Cross",Female,Adult,BDT070467,BSR013531,AVAQ55140,Hola,qfever,Irrigated,positive
0,55140,104.4,,,,,Goat,"Galla Goat, Cross",Female,Adult,BDT070467,BSR013531,AVAQ55140,Hola,brucella,Irrigated,negative
0,54016,105.5,,,,,Sheep,Black Head Persian,Male,Weaner,BDT070481,BSR013534,AVAQ54016,Hola,brucella,Irrigated,negative
0,55658,104.1,,,,,Goat,"Galla Goat, Cross",Female,Adult,BDT070480,BSR014025,AVAQ55658,Hola,brucella,Irrigated,negative
0,55431,104.6,,,,,Goat,Cross,Female,Adult,BDT070463,BSR013552,AVAQ55431,Hola,brucella,Irrigated,negative
0,55140,104.4,,,,,Goat,"Galla Goat, Cross",Female,Adult,BDT070467,BSR013531,AVAQ55140,Hola,rvf,Irrigated,negative
0,53928,105.1,,,,,Sheep,Black Head Persian,Female,Adult,BDT070494,BSR013526,AVAQ53928,Hola,rvf,Irrigated,positive
0,53928,105.1,,,,,Sheep,Black Head Persian,Female,Adult,BDT070494,BSR013526,AVAQ53928,Hola,qfever,Irrigated,negative
3,58421,105.7,2,0,0,0,Goat,"Galla Goat, Cross",Female,Adult,BDT071087,BSR014602,AVAQ58421,Hola,brucella,Irrigated,negative
3,56006,105.7,2,0,0,0,Goat,"Galla Goat, Cross",Female,Adult,BDT071108,BSR014673,AVAQ56006,Hola,qfever,Irrigated,negative
3,58421,105.7,2,0,0,0,Goat,"Galla Goat, Cross",Female,Adult,BDT071087,BSR014602,AVAQ58421,Hola,qfever,Irrigated,negative
3,56006,105.7,2,0,0,0,Goat,"Galla Goat, Cross",Female,Adult,BDT071108,BSR014673,AVAQ56006,Hola,rvf,Irrigated,negative
3,56006,105.7,2,0,0,0,Goat,"Galla Goat, Cross",Female,Adult,BDT071108,BSR014673,AVAQ56006,Hola,brucella,Irrigated,negative
3,58421,105.7,2,0,0,0,Goat,"Galla Goat, Cross",Female,Adult,BDT071087,BSR014602,AVAQ58421,Hola,rvf,Irrigated,negative
4,65582,115.6,,,,,Cattle,Orma Boran,Female,Adult,BDT072807,BSR016094,AVAQ65582,Hola,rvf,Non Irrigated,negative
4,65582,115.6,,,,,Cattle,Orma Boran,Female,Adult,BDT072807,BSR016094,AVAQ65582,Hola,qfever,Non Irrigated,negative
4,65582,115.6,,,,,Cattle,Orma Boran,Female,Adult,BDT072807,BSR016094,AVAQ65582,Hola,brucella,Non Irrigated,negative
5,55742,84.1,20,10,20,0,Goat,"Galla Goat, Cross",Female,Adult,BDT071242,BSR014058,AVAQ55742,Hola,qfever,Irrigated,positive
5,55742,84.1,20,10,20,0,Goat,"Galla Goat, Cross",Female,Adult,BDT071242,BSR014058,AVAQ55742,Hola,rvf,Irrigated,negative
5,55742,84.1,20,10,20,0,Goat,"Galla Goat, Cross",Female,Adult,BDT071242,BSR014058,AVAQ55742,Hola,brucella,Irrigated,negative
7,55902,104.6,30,0,0,0,Goat,"Galla Goat, Cross",Female,Adult,BDT070317,BSR014631,AVAQ55902,Hola,brucella,Irrigated,negative
7,57370,104.6,30,0,0,0,Goat,"Galla Goat, Cross",Male,Adult,BDT071269,BSR014671,AVAQ57370,Hola,qfever,Irrigated,negative
7,55981,104.6,30,0,0,0,Goat,"Galla Goat, Cross",Male,Adult,BDT070313,BSR014670,AVAQ55981,Hola,rvf,Irrigated,negative
7,58501,104.6,30,0,0,0,Goat,"Galla Goat, Cross",Female,Adult,BDT070348,BSR014652,AVAQ58501,Hola,qfever,Irrigated,negative
7,55852,104.6,30,0,0,0,Goat,"Galla Goat, Cross",Male,Weaner,BDT070309,BSR014666,AVAQ55852,Hola,qfever,Irrigated,negative
7,55921,104.6,30,0,0,0,Goat,"Galla Goat, Cross",Female,Adult,BDT070321,BSR014636,AVAQ55921,Hola,brucella,Irrigated,negative
7,58493,104.6,30,0,0,0,Goat,"Galla Goat, Cross",Female,Weaner,BDT070312,BSR014665,AVAQ58493,Hola,brucella,Irrigated,negative
7,57370,104.6,30,0,0,0,Goat,"Galla Goat, Cross",Male,Adult,BDT071269,BSR014671,AVAQ57370,Hola,rvf,Irrigated,negative
7,54222,104.6,30,0,0,0,Goat,"Galla Goat, Cross",Female,Adult,BDT070497,BSR014163,AVAQ54222,Hola,qfever,Irrigated,negative
7,58408,104.6,30,0,0,0,Goat,"Galla Goat, Cross",Female,Adult,BDT070311,BSR014632,AVAQ58408,Hola,rvf,Irrigated,negative
7,58486,104.6,30,0,0,0,Goat,"Galla Goat, Cross",Female,Adult,BDT070326,BSR014650,AVAQ58486,Hola,brucella,Irrigated,negative
7,56076,104.6,30,0,0,0,Goat,"Galla Goat, Cross",Female,Adult,BDT070314,BSR014625,AVAQ56076,Hola,qfever,Irrigated,negative
7,58493,104.6,30,0,0,0,Goat,"Galla Goat, Cross",Female,Weaner,BDT070312,BSR014665,AVAQ58493,Hola,rvf,Irrigated,negative
7,55921,104.6,30,0,0,0,Goat,"Galla Goat, Cross",Female,Adult,BDT070321,BSR014636,AVAQ55921,Hola,qfever,Irrigated,positive
7,55902,104.6,30,0,0,0,Goat,"Galla Goat, Cross",Female,Adult,BDT070317,BSR014631,AVAQ55902,Hola,rvf,Irrigated,negative
7,56182,104.6,30,0,0,0,Goat,Small East African Goat,Female,Adult,BDT071278,BSR014657,AVAQ56182,Hola,rvf,Irrigated,negative
7,58491,104.6,30,0,0,0,Goat,Small East African Goat,Female,Adult,BDT071277,BSR014651,AVAQ58491,Hola,rvf,Irrigated,negative
7,58491,104.6,30,0,0,0,Goat,Small East African Goat,Female,Adult,BDT071277,BSR014651,AVAQ58491,Hola,qfever,Irrigated,positive
7,56067,104.6,30,0,0,0,Goat,"Galla Goat, Cross",Female,Adult,BDT070351,BSR014635,AVAQ56067,Hola,brucella,Irrigated,negative
7,56067,104.6,30,0,0,0,Goat,"Galla Goat, Cross",Female,Adult,BDT070351,BSR014635,AVAQ56067,Hola,qfever,Irrigated,negative
7,54123,104.6,30,0,0,0,Goat,"Galla Goat, Cross",Male,Weaner,BDT070327,BSR014630,AVAQ54123,Hola,rvf,Irrigated,negative
7,56058,104.6,30,0,0,0,Goat,"Galla Goat, Cross",Female,Adult,BDT071272,BSR014656,AVAQ56058,Hola,rvf,Irrigated,negative
7,56058,104.6,30,0,0,0,Goat,"Galla Goat, Cross",Female,Adult,BDT071272,BSR014656,AVAQ56058,Hola,qfever,Irrigated,negative
7,58501,104.6,30,0,0,0,Goat,"Galla Goat, Cross",Female,Adult,BDT070348,BSR014652,AVAQ58501,Hola,rvf,Irrigated,negative
7,58436,104.6,30,0,0,0,Goat,"Galla Goat, Cross",Female,Weaner,BDT070345,BSR014655,AVAQ58436,Hola,qfever,Irrigated,negative
7,56062,104.6,30,0,0,0,Goat,"Galla Goat, Cross",Female,Adult,BDT070329,BSR014642,AVAQ56062,Hola,qfever,Irrigated,negative
7,55874,104.6,30,0,0,0,Goat,"Galla Goat, Cross",Male,Adult,BDT071279,BSR014672,AVAQ55874,Hola,qfever,Irrigated,negative
7,55852,104.6,30,0,0,0,Goat,"Galla Goat, Cross",Male,Weaner,BDT070309,BSR014666,AVAQ55852,Hola,brucella,Irrigated,negative
7,58486,104.6,30,0,0,0,Goat,"Galla Goat, Cross",Female,Adult,BDT070326,BSR014650,AVAQ58486,Hola,rvf,Irrigated,positive
7,55852,104.6,30,0,0,0,Goat,"Galla Goat, Cross",Male,Weaner,BDT070309,BSR014666,AVAQ55852,Hola,rvf,Irrigated,negative
7,58408,104.6,30,0,0,0,Goat,"Galla Goat, Cross",Female,Adult,BDT070311,BSR014632,AVAQ58408,Hola,qfever,Irrigated,positive
7,56182,104.6,30,0,0,0,Goat,Small East African Goat,Female,Adult,BDT071278,BSR014657,AVAQ56182,Hola,qfever,Irrigated,negative
7,58486,104.6,30,0,0,0,Goat,"Galla Goat, Cross",Female,Adult,BDT070326,BSR014650,AVAQ58486,Hola,qfever,Irrigated,negative
7,58501,104.6,30,0,0,0,Goat,"Galla Goat, Cross",Female,Adult,BDT070348,BSR014652,AVAQ58501,Hola,brucella,Irrigated,negative
7,55921,104.6,30,0,0,0,Goat,"Galla Goat, Cross",Female,Adult,BDT070321,BSR014636,AVAQ55921,Hola,rvf,Irrigated,negative
7,56076,104.6,30,0,0,0,Goat,"Galla Goat, Cross",Female,Adult,BDT070314,BSR014625,AVAQ56076,Hola,brucella,Irrigated,positive
7,58436,104.6,30,0,0,0,Goat,"Galla Goat, Cross",Female,Weaner,BDT070345,BSR014655,AVAQ58436,Hola,rvf,Irrigated,negative
7,55981,104.6,30,0,0,0,Goat,"Galla Goat, Cross",Male,Adult,BDT070313,BSR014670,AVAQ55981,Hola,qfever,Irrigated,negative
7,56182,104.6,30,0,0,0,Goat,Small East African Goat,Female,Adult,BDT071278,BSR014657,AVAQ56182,Hola,brucella,Irrigated,negative
7,54222,104.6,30,0,0,0,Goat,"Galla Goat, Cross",Female,Adult,BDT070497,BSR014163,AVAQ54222,Hola,brucella,Irrigated,negative
7,54123,104.6,30,0,0,0,Goat,"Galla Goat, Cross",Male,Weaner,BDT070327,BSR014630,AVAQ54123,Hola,qfever,Irrigated,negative
7,56067,104.6,30,0,0,0,Goat,"Galla Goat, Cross",Female,Adult,BDT070351,BSR014635,AVAQ56067,Hola,rvf,Irrigated,negative
7,55981,104.6,30,0,0,0,Goat,"Galla Goat, Cross",Male,Adult,BDT070313,BSR014670,AVAQ55981,Hola,brucella,Irrigated,negative
7,58493,104.6,30,0,0,0,Goat,"Galla Goat, Cross",Female,Weaner,BDT070312,BSR014665,AVAQ58493,Hola,qfever,Irrigated,negative
7,56058,104.6,30,0,0,0,Goat,"Galla Goat, Cross",Female,Adult,BDT071272,BSR014656,AVAQ56058,Hola,brucella,Irrigated,negative
7,55876,104.6,30,0,0,0,Goat,"Galla Goat, Cross",Female,Weaner,BDT070331,BSR014660,AVAQ55876,Hola,qfever,Irrigated,negative
7,58491,104.6,30,0,0,0,Goat,Small East African Goat,Female,Adult,BDT071277,BSR014651,AVAQ58491,Hola,brucella,Irrigated,negative
7,58408,104.6,30,0,0,0,Goat,"Galla Goat, Cross",Female,Adult,BDT070311,BSR014632,AVAQ58408,Hola,brucella,Irrigated,negative
7,57370,104.6,30,0,0,0,Goat,"Galla Goat, Cross",Male,Adult,BDT071269,BSR014671,AVAQ57370,Hola,brucella,Irrigated,negative
7,55876,104.6,30,0,0,0,Goat,"Galla Goat, Cross",Female,Weaner,BDT070331,BSR014660,AVAQ55876,Hola,rvf,Irrigated,negative
7,54222,104.6,30,0,0,0,Goat,"Galla Goat, Cross",Female,Adult,BDT070497,BSR014163,AVAQ54222,Hola,rvf,Irrigated,negative
7,58436,104.6,30,0,0,0,Goat,"Galla Goat, Cross",Female,Weaner,BDT070345,BSR014655,AVAQ58436,Hola,brucella,Irrigated,negative
7,56095,104.6,30,0,0,0,Goat,Small East African Goat,Female,Adult,BDT070310,BSR014661,AVAQ56095,Hola,rvf,Irrigated,negative
7,56076,104.6,30,0,0,0,Goat,"Galla Goat, Cross",Female,Adult,BDT070314,BSR014625,AVAQ56076,Hola,rvf,Irrigated,negative
7,55874,104.6,30,0,0,0,Goat,"Galla Goat, Cross",Male,Adult,BDT071279,BSR014672,AVAQ55874,Hola,brucella,Irrigated,negative
7,56095,104.6,30,0,0,0,Goat,Small East African Goat,Female,Adult,BDT070310,BSR014661,AVAQ56095,Hola,brucella,Irrigated,negative
7,54123,104.6,30,0,0,0,Goat,"Galla Goat, Cross",Male,Weaner,BDT070327,BSR014630,AVAQ54123,Hola,brucella,Irrigated,negative
7,55874,104.6,30,0,0,0,Goat,"Galla Goat, Cross",Male,Adult,BDT071279,BSR014672,AVAQ55874,Hola,rvf,Irrigated,negative
7,56062,104.6,30,0,0,0,Goat,"Galla Goat, Cross",Female,Adult,BDT070329,BSR014642,AVAQ56062,Hola,brucella,Irrigated,negative
7,56062,104.6,30,0,0,0,Goat,"Galla Goat, Cross",Female,Adult,BDT070329,BSR014642,AVAQ56062,Hola,rvf,Irrigated,positive
7,55902,104.6,30,0,0,0,Goat,"Galla Goat, Cross",Female,Adult,BDT070317,BSR014631,AVAQ55902,Hola,qfever,Irrigated,negative
7,55876,104.6,30,0,0,0,Goat,"Galla Goat, Cross",Female,Weaner,BDT070331,BSR014660,AVAQ55876,Hola,brucella,Irrigated,negative
7,56095,104.6,30,0,0,0,Goat,Small East African Goat,Female,Adult,BDT070310,BSR014661,AVAQ56095,Hola,qfever,Irrigated,positive
18,56099,106.4,30,20,0,1,Goat,"Galla Goat, Cross",Female,Adult,BDT071098,BSR014584,AVAQ56099,Hola,qfever,Irrigated,negative
18,56099,106.4,30,20,0,1,Goat,"Galla Goat, Cross",Female,Adult,BDT071098,BSR014584,AVAQ56099,Hola,brucella,Irrigated,negative
18,56099,106.4,30,20,0,1,Goat,"Galla Goat, Cross",Female,Adult,BDT071098,BSR014584,AVAQ56099,Hola,rvf,Irrigated,positive
26,54790,102.2,,,,,Sheep,Black Head Persian,Female,Adult,BDT071236,BSR014069,AVAQ54790,Hola,qfever,Irrigated,negative
26,54790,102.2,,,,,Sheep,Black Head Persian,Female,Adult,BDT071236,BSR014069,AVAQ54790,Hola,brucella,Irrigated,negative
36,56024,115.2,5,15,0,0,Goat,"Galla Goat, Cross",Female,Adult,BDT071083,BSR014596,AVAQ56024,Hola,qfever,Irrigated,negative
36,58490,115.2,5,15,0,0,Sheep,Black Head Persian,Male,Adult,BDT071070,BSR014597,AVAQ58490,Hola,rvf,Irrigated,positive
36,57372,115.2,5,15,0,0,Goat,"Galla Goat, Cross",Female,Adult,BDT071080,BSR014595,AVAQ57372,Hola,brucella,Irrigated,negative
36,55841,115.2,5,15,0,0,Goat,"Galla Goat, Cross",Female,Adult,BDT071092,BSR014599,AVAQ55841,Hola,rvf,Irrigated,negative
36,55841,115.2,5,15,0,0,Goat,"Galla Goat, Cross",Female,Adult,BDT071092,BSR014599,AVAQ55841,Hola,qfever,Irrigated,negative
36,55900,115.2,5,15,0,0,Sheep,Black Head Persian,Female,Weaner,BDT071103,BSR014653,AVAQ55900,Hola,brucella,Irrigated,negative
36,57372,115.2,5,15,0,0,Goat,"Galla Goat, Cross",Female,Adult,BDT071080,BSR014595,AVAQ57372,Hola,qfever,Irrigated,negative
36,55953,115.2,5,15,0,0,Goat,"Galla Goat, Cross",Female,Adult,BDT071102,BSR014644,AVAQ55953,Hola,qfever,Irrigated,negative
36,55900,115.2,5,15,0,0,Sheep,Black Head Persian,Female,Weaner,BDT071103,BSR014653,AVAQ55900,Hola,rvf,Irrigated,negative
36,58496,115.2,5,15,0,0,Sheep,Black Head Persian,Female,Adult,BDT071093,BSR014598,AVAQ58496,Hola,rvf,Irrigated,negative
36,58503,115.2,5,15,0,0,Goat,"Galla Goat, Cross",Female,Adult,BDT071084,BSR014648,AVAQ58503,Hola,qfever,Irrigated,negative
36,55953,115.2,5,15,0,0,Goat,"Galla Goat, Cross",Female,Adult,BDT071102,BSR014644,AVAQ55953,Hola,rvf,Irrigated,negative
36,55953,115.2,5,15,0,0,Goat,"Galla Goat, Cross",Female,Adult,BDT071102,BSR014644,AVAQ55953,Hola,brucella,Irrigated,negative
36,54124,115.2,5,15,0,0,Sheep,Black Head Persian,Female,Adult,BDT071073,BSR014591,AVAQ54124,Hola,brucella,Irrigated,negative
36,58159,115.2,5,15,0,0,Sheep,Black Head Persian,Female,Adult,BDT071101,BSR014639,AVAQ58159,Hola,rvf,Irrigated,negative
36,55841,115.2,5,15,0,0,Goat,"Galla Goat, Cross",Female,Adult,BDT071092,BSR014599,AVAQ55841,Hola,brucella,Irrigated,negative
36,57372,115.2,5,15,0,0,Goat,"Galla Goat, Cross",Female,Adult,BDT071080,BSR014595,AVAQ57372,Hola,rvf,Irrigated,positive
36,54124,115.2,5,15,0,0,Sheep,Black Head Persian,Female,Adult,BDT071073,BSR014591,AVAQ54124,Hola,qfever,Irrigated,negative
36,58503,115.2,5,15,0,0,Goat,"Galla Goat, Cross",Female,Adult,BDT071084,BSR014648,AVAQ58503,Hola,rvf,Irrigated,negative
36,58496,115.2,5,15,0,0,Sheep,Black Head Persian,Female,Adult,BDT071093,BSR014598,AVAQ58496,Hola,brucella,Irrigated,negative
36,58503,115.2,5,15,0,0,Goat,"Galla Goat, Cross",Female,Adult,BDT071084,BSR014648,AVAQ58503,Hola,brucella,Irrigated,negative
36,55900,115.2,5,15,0,0,Sheep,Black Head Persian,Female,Weaner,BDT071103,BSR014653,AVAQ55900,Hola,qfever,Irrigated,negative
36,54124,115.2,5,15,0,0,Sheep,Black Head Persian,Female,Adult,BDT071073,BSR014591,AVAQ54124,Hola,rvf,Irrigated,negative
36,58159,115.2,5,15,0,0,Sheep,Black Head Persian,Female,Adult,BDT071101,BSR014639,AVAQ58159,Hola,qfever,Irrigated,negative
36,56024,115.2,5,15,0,0,Goat,"Galla Goat, Cross",Female,Adult,BDT071083,BSR014596,AVAQ56024,Hola,rvf,Irrigated,negative
36,58159,115.2,5,15,0,0,Sheep,Black Head Persian,Female,Adult,BDT071101,BSR014639,AVAQ58159,Hola,brucella,Irrigated,negative
36,58490,115.2,5,15,0,0,Sheep,Black Head Persian,Male,Adult,BDT071070,BSR014597,AVAQ58490,Hola,qfever,Irrigated,negative
36,56024,115.2,5,15,0,0,Goat,"Galla Goat, Cross",Female,Adult,BDT071083,BSR014596,AVAQ56024,Hola,brucella,Irrigated,negative
36,58496,115.2,5,15,0,0,Sheep,Black Head Persian,Female,Adult,BDT071093,BSR014598,AVAQ58496,Hola,qfever,Irrigated,negative
36,58490,115.2,5,15,0,0,Sheep,Black Head Persian,Male,Adult,BDT071070,BSR014597,AVAQ58490,Hola,brucella,Irrigated,negative
38,57308,104.3,16,0,0,0,Goat,"Galla Goat, Cross",Female,Adult,BDT071089,BSR014578,AVAQ57308,Hola,qfever,Irrigated,negative
38,56172,104.3,16,0,0,0,Goat,"Galla Goat, Cross",Female,Adult,BDT071085,BSR014593,AVAQ56172,Hola,rvf,Irrigated,negative
38,58184,104.3,16,0,0,0,Goat,"Galla Goat, Cross",Female,Adult,BDT071068,BSR014643,AVAQ58184,Hola,rvf,Irrigated,negative
38,58451,104.3,16,0,0,0,Goat,"Galla Goat, Cross",Female,Adult,BDT071091,BSR014590,AVAQ58451,Hola,qfever,Irrigated,negative
38,58166,104.3,16,0,0,0,Goat,Small East African Goat,Female,Weaner,BDT071078,BSR014594,AVAQ58166,Hola,brucella,Irrigated,negative
38,58500,104.3,16,0,0,0,Goat,Small East African Goat,Female,Weaner,BDT071065,BSR014633,AVAQ58500,Hola,brucella,Irrigated,negative
38,58500,104.3,16,0,0,0,Goat,Small East African Goat,Female,Weaner,BDT071065,BSR014633,AVAQ58500,Hola,qfever,Irrigated,negative
38,55964,104.3,16,0,0,0,Goat,"Galla Goat, Cross",Female,Adult,BDT071079,BSR013820,AVAQ55964,Hola,qfever,Irrigated,negative
38,57317,104.3,16,0,0,0,Goat,"Galla Goat, Cross",Female,Adult,BDT070346,BSR014576,AVAQ57317,Hola,qfever,Irrigated,negative
38,55964,104.3,16,0,0,0,Goat,"Galla Goat, Cross",Female,Adult,BDT071079,BSR013820,AVAQ55964,Hola,brucella,Irrigated,negative
38,58184,104.3,16,0,0,0,Goat,"Galla Goat, Cross",Female,Adult,BDT071068,BSR014643,AVAQ58184,Hola,brucella,Irrigated,negative
38,58166,104.3,16,0,0,0,Goat,Small East African Goat,Female,Weaner,BDT071078,BSR014594,AVAQ58166,Hola,qfever,Irrigated,positive
38,58166,104.3,16,0,0,0,Goat,Small East African Goat,Female,Weaner,BDT071078,BSR014594,AVAQ58166,Hola,rvf,Irrigated,positive
38,58451,104.3,16,0,0,0,Goat,"Galla Goat, Cross",Female,Adult,BDT071091,BSR014590,AVAQ58451,Hola,rvf,Irrigated,negative
38,57308,104.3,16,0,0,0,Goat,"Galla Goat, Cross",Female,Adult,BDT071089,BSR014578,AVAQ57308,Hola,rvf,Irrigated,negative
38,56394,104.3,16,0,0,0,Goat,"Galla Goat, Cross",Female,Adult,BDT071090,BSR014592,AVAQ56394,Hola,brucella,Irrigated,negative
38,58451,104.3,16,0,0,0,Goat,"Galla Goat, Cross",Female,Adult,BDT071091,BSR014590,AVAQ58451,Hola,brucella,Irrigated,negative
38,56172,104.3,16,0,0,0,Goat,"Galla Goat, Cross",Female,Adult,BDT071085,BSR014593,AVAQ56172,Hola,qfever,Irrigated,negative
38,56394,104.3,16,0,0,0,Goat,"Galla Goat, Cross",Female,Adult,BDT071090,BSR014592,AVAQ56394,Hola,qfever,Irrigated,positive
38,58500,104.3,16,0,0,0,Goat,Small East African Goat,Female,Weaner,BDT071065,BSR014633,AVAQ58500,Hola,rvf,Irrigated,negative
38,57317,104.3,16,0,0,0,Goat,"Galla Goat, Cross",Female,Adult,BDT070346,BSR014576,AVAQ57317,Hola,rvf,Irrigated,negative
38,56394,104.3,16,0,0,0,Goat,"Galla Goat, Cross",Female,Adult,BDT071090,BSR014592,AVAQ56394,Hola,rvf,Irrigated,negative
38,56172,104.3,16,0,0,0,Goat,"Galla Goat, Cross",Female,Adult,BDT071085,BSR014593,AVAQ56172,Hola,brucella,Irrigated,negative
38,55964,104.3,16,0,0,0,Goat,"Galla Goat, Cross",Female,Adult,BDT071079,BSR013820,AVAQ55964,Hola,rvf,Irrigated,negative
38,57308,104.3,16,0,0,0,Goat,"Galla Goat, Cross",Female,Adult,BDT071089,BSR014578,AVAQ57308,Hola,brucella,Irrigated,negative
38,57317,104.3,16,0,0,0,Goat,"Galla Goat, Cross",Female,Adult,BDT070346,BSR014576,AVAQ57317,Hola,brucella,Irrigated,negative
41,58509,106.3,8,0,0,0,Goat,"Galla Goat, Cross",Female,Adult,BDT071099,BSR014583,AVAQ58509,Hola,brucella,Irrigated,negative
41,58509,106.3,8,0,0,0,Goat,"Galla Goat, Cross",Female,Adult,BDT071099,BSR014583,AVAQ58509,Hola,rvf,Irrigated,negative
41,57340,106.3,8,0,0,0,Goat,"Galla Goat, Cross",Male,Weaner,BDT071064,BSR014629,AVAQ57340,Hola,rvf,Irrigated,negative
41,56020,106.3,8,0,0,0,Goat,"Galla Goat, Cross",Female,Adult,BDT071104,BSR014589,AVAQ56020,Hola,rvf,Irrigated,negative
41,56367,106.3,8,0,0,0,Goat,"Galla Goat, Cross",Female,Weaner,BDT071069,BSR014585,AVAQ56367,Hola,qfever,Irrigated,negative
41,56020,106.3,8,0,0,0,Goat,"Galla Goat, Cross",Female,Adult,BDT071104,BSR014589,AVAQ56020,Hola,brucella,Irrigated,negative
41,58423,106.3,8,0,0,0,Goat,"Galla Goat, Cross",Female,Weaner,BDT071094,BSR014579,AVAQ58423,Hola,brucella,Irrigated,negative
41,55840,106.3,8,0,0,0,Goat,"Galla Goat, Cross",Female,Adult,BDT071061,BSR014659,AVAQ55840,Hola,qfever,Irrigated,negative
41,56020,106.3,8,0,0,0,Goat,"Galla Goat, Cross",Female,Adult,BDT071104,BSR014589,AVAQ56020,Hola,qfever,Irrigated,negative
41,58423,106.3,8,0,0,0,Goat,"Galla Goat, Cross",Female,Weaner,BDT071094,BSR014579,AVAQ58423,Hola,qfever,Irrigated,negative
41,57340,106.3,8,0,0,0,Goat,"Galla Goat, Cross",Male,Weaner,BDT071064,BSR014629,AVAQ57340,Hola,brucella,Irrigated,negative
41,57340,106.3,8,0,0,0,Goat,"Galla Goat, Cross",Male,Weaner,BDT071064,BSR014629,AVAQ57340,Hola,qfever,Irrigated,negative
41,58509,106.3,8,0,0,0,Goat,"Galla Goat, Cross",Female,Adult,BDT071099,BSR014583,AVAQ58509,Hola,qfever,Irrigated,positive
41,56367,106.3,8,0,0,0,Goat,"Galla Goat, Cross",Female,Weaner,BDT071069,BSR014585,AVAQ56367,Hola,rvf,Irrigated,negative
41,56367,106.3,8,0,0,0,Goat,"Galla Goat, Cross",Female,Weaner,BDT071069,BSR014585,AVAQ56367,Hola,brucella,Irrigated,negative
41,58423,106.3,8,0,0,0,Goat,"Galla Goat, Cross",Female,Weaner,BDT071094,BSR014579,AVAQ58423,Hola,rvf,Irrigated,negative
41,55840,106.3,8,0,0,0,Goat,"Galla Goat, Cross",Female,Adult,BDT071061,BSR014659,AVAQ55840,Hola,brucella,Irrigated,negative
41,55840,106.3,8,0,0,0,Goat,"Galla Goat, Cross",Female,Adult,BDT071061,BSR014659,AVAQ55840,Hola,rvf,Irrigated,negative
68,55867,105.2,13,0,0,0,Goat,"Galla Goat, Cross",Female,Weaner,BDT070330,BSR014647,AVAQ55867,Hola,qfever,Irrigated,negative
68,57395,105.2,13,0,0,0,Goat,"Galla Goat, Cross",Female,Adult,BDT070315,BSR014645,AVAQ57395,Hola,rvf,Irrigated,positive
68,55880,105.2,13,0,0,0,Goat,"Galla Goat, Cross",Male,Adult,BDT070322,BSR014667,AVAQ55880,Hola,qfever,Irrigated,positive
68,58417,105.2,13,0,0,0,Goat,Small East African Goat,Female,Adult,BDT070339,BSR013815,AVAQ58417,Hola,brucella,Irrigated,negative
68,55920,105.2,13,0,0,0,Goat,"Galla Goat, Cross",Female,Weaner,BDT070336,BSR013816,AVAQ55920,Hola,brucella,Irrigated,negative
68,57338,105.2,13,0,0,0,Goat,"Galla Goat, Cross",Female,Adult,BDT070337,BSR013824,AVAQ57338,Hola,qfever,Irrigated,negative
68,58417,105.2,13,0,0,0,Goat,Small East African Goat,Female,Adult,BDT070339,BSR013815,AVAQ58417,Hola,rvf,Irrigated,positive
68,55912,105.2,13,0,0,0,Goat,"Galla Goat, Cross",Female,Adult,BDT070340,BSR013810,AVAQ55912,Hola,rvf,Irrigated,negative
68,56386,105.2,13,0,0,0,Goat,"Galla Goat, Cross",Female,Weaner,BDT070328,BSR014626,AVAQ56386,Hola,brucella,Irrigated,negative
68,55880,105.2,13,0,0,0,Goat,"Galla Goat, Cross",Male,Adult,BDT070322,BSR014667,AVAQ55880,Hola,rvf,Irrigated,negative
68,55920,105.2,13,0,0,0,Goat,"Galla Goat, Cross",Female,Weaner,BDT070336,BSR013816,AVAQ55920,Hola,rvf,Irrigated,negative
68,55867,105.2,13,0,0,0,Goat,"Galla Goat, Cross",Female,Weaner,BDT070330,BSR014647,AVAQ55867,Hola,rvf,Irrigated,negative
68,57395,105.2,13,0,0,0,Goat,"Galla Goat, Cross",Female,Adult,BDT070315,BSR014645,AVAQ57395,Hola,brucella,Irrigated,negative
68,57338,105.2,13,0,0,0,Goat,"Galla Goat, Cross",Female,Adult,BDT070337,BSR013824,AVAQ57338,Hola,brucella,Irrigated,negative
68,55880,105.2,13,0,0,0,Goat,"Galla Goat, Cross",Male,Adult,BDT070322,BSR014667,AVAQ55880,Hola,brucella,Irrigated,negative
68,58428,105.2,13,0,0,0,Goat,"Galla Goat, Cross",Female,Adult,BDT070320,BSR014662,AVAQ58428,Hola,rvf,Irrigated,negative
68,57338,105.2,13,0,0,0,Goat,"Galla Goat, Cross",Female,Adult,BDT070337,BSR013824,AVAQ57338,Hola,rvf,Irrigated,negative
68,55920,105.2,13,0,0,0,Goat,"Galla Goat, Cross",Female,Weaner,BDT070336,BSR013816,AVAQ55920,Hola,qfever,Irrigated,negative
68,58443,105.2,13,0,0,0,Goat,"Galla Goat, Cross",Female,Adult,BDT070356,BSR014637,AVAQ58443,Hola,rvf,Irrigated,negative
68,55912,105.2,13,0,0,0,Goat,"Galla Goat, Cross",Female,Adult,BDT070340,BSR013810,AVAQ55912,Hola,qfever,Irrigated,negative
68,56386,105.2,13,0,0,0,Goat,"Galla Goat, Cross",Female,Weaner,BDT070328,BSR014626,AVAQ56386,Hola,rvf,Irrigated,negative
68,58428,105.2,13,0,0,0,Goat,"Galla Goat, Cross",Female,Adult,BDT070320,BSR014662,AVAQ58428,Hola,brucella,Irrigated,negative
68,55867,105.2,13,0,0,0,Goat,"Galla Goat, Cross",Female,Weaner,BDT070330,BSR014647,AVAQ55867,Hola,brucella,Irrigated,negative
68,58417,105.2,13,0,0,0,Goat,Small East African Goat,Female,Adult,BDT070339,BSR013815,AVAQ58417,Hola,qfever,Irrigated,positive
68,58443,105.2,13,0,0,0,Goat,"Galla Goat, Cross",Female,Adult,BDT070356,BSR014637,AVAQ58443,Hola,brucella,Irrigated,negative
68,56386,105.2,13,0,0,0,Goat,"Galla Goat, Cross",Female,Weaner,BDT070328,BSR014626,AVAQ56386,Hola,qfever,Irrigated,negative
68,58443,105.2,13,0,0,0,Goat,"Galla Goat, Cross",Female,Adult,BDT070356,BSR014637,AVAQ58443,Hola,qfever,Irrigated,negative
68,55912,105.2,13,0,0,0,Goat,"Galla Goat, Cross",Female,Adult,BDT070340,BSR013810,AVAQ55912,Hola,brucella,Irrigated,negative
68,57395,105.2,13,0,0,0,Goat,"Galla Goat, Cross",Female,Adult,BDT070315,BSR014645,AVAQ57395,Hola,qfever,Irrigated,negative
77,58183,107.4,11,11,0,0,Sheep,Black Head Persian,Female,Adult,BDT071388,BSR014609,AVAQ58183,Hola,qfever,Irrigated,negative
77,58183,107.4,11,11,0,0,Sheep,Black Head Persian,Female,Adult,BDT071388,BSR014609,AVAQ58183,Hola,rvf,Irrigated,positive
77,56036,107.4,11,11,0,0,Goat,"Galla Goat, Cross",Female,Adult,BDT071406,BSR014606,AVAQ56036,Hola,brucella,Irrigated,negative
77,58442,107.4,11,11,0,0,Sheep,Black Head Persian,Male,Adult,BDT071365,BSR013800,AVAQ58442,Hola,brucella,Irrigated,negative
77,55914,107.4,11,11,0,0,Sheep,Black Head Persian,Female,Adult,BDT071367,BSR014577,AVAQ55914,Hola,rvf,Irrigated,negative
77,56365,107.4,11,11,0,0,Goat,"Galla Goat, Cross",Male,Adult,BDT071387,BSR014627,AVAQ56365,Hola,rvf,Irrigated,negative
77,55914,107.4,11,11,0,0,Sheep,Black Head Persian,Female,Adult,BDT071367,BSR014577,AVAQ55914,Hola,brucella,Irrigated,negative
77,55809,107.4,11,11,0,0,Goat,"Galla Goat, Cross",Female,Adult,BDT071384,BSR014623,AVAQ55809,Hola,rvf,Irrigated,positive
77,56365,107.4,11,11,0,0,Goat,"Galla Goat, Cross",Male,Adult,BDT071387,BSR014627,AVAQ56365,Hola,brucella,Irrigated,negative
77,58442,107.4,11,11,0,0,Sheep,Black Head Persian,Male,Adult,BDT071365,BSR013800,AVAQ58442,Hola,qfever,Irrigated,negative
77,58442,107.4,11,11,0,0,Sheep,Black Head Persian,Male,Adult,BDT071365,BSR013800,AVAQ58442,Hola,rvf,Irrigated,negative
77,55914,107.4,11,11,0,0,Sheep,Black Head Persian,Female,Adult,BDT071367,BSR014577,AVAQ55914,Hola,qfever,Irrigated,negative
77,56036,107.4,11,11,0,0,Goat,"Galla Goat, Cross",Female,Adult,BDT071406,BSR014606,AVAQ56036,Hola,rvf,Irrigated,positive
77,56365,107.4,11,11,0,0,Goat,"Galla Goat, Cross",Male,Adult,BDT071387,BSR014627,AVAQ56365,Hola,qfever,Irrigated,positive
77,55809,107.4,11,11,0,0,Goat,"Galla Goat, Cross",Female,Adult,BDT071384,BSR014623,AVAQ55809,Hola,brucella,Irrigated,negative
77,56036,107.4,11,11,0,0,Goat,"Galla Goat, Cross",Female,Adult,BDT071406,BSR014606,AVAQ56036,Hola,qfever,Irrigated,negative
77,58183,107.4,11,11,0,0,Sheep,Black Head Persian,Female,Adult,BDT071388,BSR014609,AVAQ58183,Hola,brucella,Irrigated,negative
77,55809,107.4,11,11,0,0,Goat,"Galla Goat, Cross",Female,Adult,BDT071384,BSR014623,AVAQ55809,Hola,qfever,Irrigated,negative
99,58196,107.4,11,11,0,0,Goat,"Galla Goat, Cross",Male,Adult,BDT071403,BSR014646,AVAQ58196,Hola,brucella,Irrigated,negative
99,58504,107.4,11,11,0,0,Sheep,Black Head Persian,Female,Adult,BDT071395,BSR014612,AVAQ58504,Hola,qfever,Irrigated,negative
99,58196,107.4,11,11,0,0,Goat,"Galla Goat, Cross",Male,Adult,BDT071403,BSR014646,AVAQ58196,Hola,rvf,Irrigated,negative
99,58196,107.4,11,11,0,0,Goat,"Galla Goat, Cross",Male,Adult,BDT071403,BSR014646,AVAQ58196,Hola,qfever,Irrigated,negative
99,55954,107.4,11,11,0,0,Goat,"Galla Goat, Cross",Male,Adult,BDT071376,BSR014638,AVAQ55954,Hola,rvf,Irrigated,negative
99,55954,107.4,11,11,0,0,Goat,"Galla Goat, Cross",Male,Adult,BDT071376,BSR014638,AVAQ55954,Hola,qfever,Irrigated,negative
99,56132,107.4,11,11,0,0,Sheep,Black Head Persian,Female,Adult,BDT071378,BSR014617,AVAQ56132,Hola,qfever,Irrigated,negative
99,55893,107.4,11,11,0,0,Sheep,Black Head Persian,Female,Adult,BDT071359,BSR014607,AVAQ55893,Hola,brucella,Irrigated,negative
99,55893,107.4,11,11,0,0,Sheep,Black Head Persian,Female,Adult,BDT071359,BSR014607,AVAQ55893,Hola,qfever,Irrigated,negative
99,56133,107.4,11,11,0,0,Goat,"Galla Goat, Cross",Female,Adult,BDT071396,BSR014608,AVAQ56133,Hola,qfever,Irrigated,negative
99,58504,107.4,11,11,0,0,Sheep,Black Head Persian,Female,Adult,BDT071395,BSR014612,AVAQ58504,Hola,brucella,Irrigated,negative
99,58445,107.4,11,11,0,0,Sheep,Black Head Persian,Male,Adult,BDT071397,BSR014620,AVAQ58445,Hola,rvf,Irrigated,negative
99,58504,107.4,11,11,0,0,Sheep,Black Head Persian,Female,Adult,BDT071395,BSR014612,AVAQ58504,Hola,rvf,Irrigated,negative
99,56132,107.4,11,11,0,0,Sheep,Black Head Persian,Female,Adult,BDT071378,BSR014617,AVAQ56132,Hola,rvf,Irrigated,negative
99,56133,107.4,11,11,0,0,Goat,"Galla Goat, Cross",Female,Adult,BDT071396,BSR014608,AVAQ56133,Hola,rvf,Irrigated,negative
99,56133,107.4,11,11,0,0,Goat,"Galla Goat, Cross",Female,Adult,BDT071396,BSR014608,AVAQ56133,Hola,brucella,Irrigated,negative
99,55893,107.4,11,11,0,0,Sheep,Black Head Persian,Female,Adult,BDT071359,BSR014607,AVAQ55893,Hola,rvf,Irrigated,positive
99,55954,107.4,11,11,0,0,Goat,"Galla Goat, Cross",Male,Adult,BDT071376,BSR014638,AVAQ55954,Hola,brucella,Irrigated,negative
99,56132,107.4,11,11,0,0,Sheep,Black Head Persian,Female,Adult,BDT071378,BSR014617,AVAQ56132,Hola,brucella,Irrigated,negative
99,58445,107.4,11,11,0,0,Sheep,Black Head Persian,Male,Adult,BDT071397,BSR014620,AVAQ58445,Hola,qfever,Irrigated,negative
99,58445,107.4,11,11,0,0,Sheep,Black Head Persian,Male,Adult,BDT071397,BSR014620,AVAQ58445,Hola,brucella,Irrigated,negative
123,58130,104.4,,,,,Goat,"Galla Goat, Cross",Female,Adult,BDT070323,BSR014641,AVAQ58130,Hola,rvf,Irrigated,negative
123,58130,104.4,,,,,Goat,"Galla Goat, Cross",Female,Adult,BDT070323,BSR014641,AVAQ58130,Hola,qfever,Irrigated,negative
123,58130,104.4,,,,,Goat,"Galla Goat, Cross",Female,Adult,BDT070323,BSR014641,AVAQ58130,Hola,brucella,Irrigated,negative
144,58497,113.2,9,0,0,0,Goat,"Galla Goat, Cross",Male,Adult,BDT071077,BSR014619,AVAQ58497,Hola,qfever,Irrigated,negative
144,58446,113.2,9,0,0,0,Goat,"Galla Goat, Cross",Female,Adult,BDT071076,BSR014616,AVAQ58446,Hola,brucella,Irrigated,negative
144,56151,113.2,9,0,0,0,Goat,"Galla Goat, Cross",Female,Adult,BDT071072,BSR014618,AVAQ56151,Hola,brucella,Irrigated,negative
144,56151,113.2,9,0,0,0,Goat,"Galla Goat, Cross",Female,Adult,BDT071072,BSR014618,AVAQ56151,Hola,qfever,Irrigated,negative
144,58497,113.2,9,0,0,0,Goat,"Galla Goat, Cross",Male,Adult,BDT071077,BSR014619,AVAQ58497,Hola,brucella,Irrigated,negative
144,56151,113.2,9,0,0,0,Goat,"Galla Goat, Cross",Female,Adult,BDT071072,BSR014618,AVAQ56151,Hola,rvf,Irrigated,negative
144,58446,113.2,9,0,0,0,Goat,"Galla Goat, Cross",Female,Adult,BDT071076,BSR014616,AVAQ58446,Hola,qfever,Irrigated,negative
144,58446,113.2,9,0,0,0,Goat,"Galla Goat, Cross",Female,Adult,BDT071076,BSR014616,AVAQ58446,Hola,rvf,Irrigated,positive
144,58497,113.2,9,0,0,0,Goat,"Galla Goat, Cross",Male,Adult,BDT071077,BSR014619,AVAQ58497,Hola,rvf,Irrigated,negative
151,55892,103.9,5,5,0,0,Goat,"Galla Goat, Cross",Female,Adult,BDT071096,BSR014581,AVAQ55892,Hola,qfever,Irrigated,positive
151,58487,103.9,5,5,0,0,Goat,"Galla Goat, Cross",Female,Weaner,BDT071062,BSR014674,AVAQ58487,Hola,rvf,Irrigated,negative
151,57387,103.9,5,5,0,0,Sheep,Black Head Persian,Female,Adult,BDT071105,BSR014580,AVAQ57387,Hola,brucella,Irrigated,negative
151,56178,103.9,5,5,0,0,Goat,"Galla Goat, Cross",Female,Weaner,BDT071095,BSR014588,AVAQ56178,Hola,brucella,Irrigated,negative
151,55844,103.9,5,5,0,0,Sheep,Black Head Persian,Female,Adult,BDT071067,BSR014664,AVAQ55844,Hola,qfever,Irrigated,negative
151,58162,103.9,5,5,0,0,Goat,"Galla Goat, Cross",Female,Adult,BDT070324,BSR014293,AVAQ58162,Hola,qfever,Irrigated,positive
151,56027,103.9,5,5,0,0,Sheep,Black Head Persian,Female,Adult,BDT071059,BSR014654,AVAQ56027,Hola,brucella,Irrigated,negative
151,55850,103.9,5,5,0,0,Sheep,Black Head Persian,Female,Adult,BDT071097,BSR014587,AVAQ55850,Hola,rvf,Irrigated,negative
151,56178,103.9,5,5,0,0,Goat,"Galla Goat, Cross",Female,Weaner,BDT071095,BSR014588,AVAQ56178,Hola,rvf,Irrigated,negative
151,55850,103.9,5,5,0,0,Sheep,Black Head Persian,Female,Adult,BDT071097,BSR014587,AVAQ55850,Hola,qfever,Irrigated,positive
151,58162,103.9,5,5,0,0,Goat,"Galla Goat, Cross",Female,Adult,BDT070324,BSR014293,AVAQ58162,Hola,rvf,Irrigated,positive
151,55892,103.9,5,5,0,0,Goat,"Galla Goat, Cross",Female,Adult,BDT071096,BSR014581,AVAQ55892,Hola,rvf,Irrigated,negative
151,58437,103.9,5,5,0,0,Sheep,Black Head Persian,Female,Adult,BDT071106,BSR014582,AVAQ58437,Hola,brucella,Irrigated,negative
151,55844,103.9,5,5,0,0,Sheep,Black Head Persian,Female,Adult,BDT071067,BSR014664,AVAQ55844,Hola,rvf,Irrigated,positive
151,56027,103.9,5,5,0,0,Sheep,Black Head Persian,Female,Adult,BDT071059,BSR014654,AVAQ56027,Hola,rvf,Irrigated,negative
151,58487,103.9,5,5,0,0,Goat,"Galla Goat, Cross",Female,Weaner,BDT071062,BSR014674,AVAQ58487,Hola,brucella,Irrigated,negative
151,57387,103.9,5,5,0,0,Sheep,Black Head Persian,Female,Adult,BDT071105,BSR014580,AVAQ57387,Hola,rvf,Irrigated,negative
151,55850,103.9,5,5,0,0,Sheep,Black Head Persian,Female,Adult,BDT071097,BSR014587,AVAQ55850,Hola,brucella,Irrigated,negative
151,58487,103.9,5,5,0,0,Goat,"Galla Goat, Cross",Female,Weaner,BDT071062,BSR014674,AVAQ58487,Hola,qfever,Irrigated,negative
151,55844,103.9,5,5,0,0,Sheep,Black Head Persian,Female,Adult,BDT071067,BSR014664,AVAQ55844,Hola,brucella,Irrigated,negative
151,58162,103.9,5,5,0,0,Goat,"Galla Goat, Cross",Female,Adult,BDT070324,BSR014293,AVAQ58162,Hola,brucella,Irrigated,positive
151,56423,103.9,5,5,0,0,Goat,"Galla Goat, Cross",Female,Adult,BDT071100,BSR014586,AVAQ56423,Hola,rvf,Irrigated,negative
151,58437,103.9,5,5,0,0,Sheep,Black Head Persian,Female,Adult,BDT071106,BSR014582,AVAQ58437,Hola,rvf,Irrigated,negative
151,55892,103.9,5,5,0,0,Goat,"Galla Goat, Cross",Female,Adult,BDT071096,BSR014581,AVAQ55892,Hola,brucella,Irrigated,negative
151,58437,103.9,5,5,0,0,Sheep,Black Head Persian,Female,Adult,BDT071106,BSR014582,AVAQ58437,Hola,qfever,Irrigated,negative
151,56178,103.9,5,5,0,0,Goat,"Galla Goat, Cross",Female,Weaner,BDT071095,BSR014588,AVAQ56178,Hola,qfever,Irrigated,negative
151,56423,103.9,5,5,0,0,Goat,"Galla Goat, Cross",Female,Adult,BDT071100,BSR014586,AVAQ56423,Hola,qfever,Irrigated,negative
151,56027,103.9,5,5,0,0,Sheep,Black Head Persian,Female,Adult,BDT071059,BSR014654,AVAQ56027,Hola,qfever,Irrigated,negative
151,56423,103.9,5,5,0,0,Goat,"Galla Goat, Cross",Female,Adult,BDT071100,BSR014586,AVAQ56423,Hola,brucella,Irrigated,negative
151,57387,103.9,5,5,0,0,Sheep,Black Head Persian,Female,Adult,BDT071105,BSR014580,AVAQ57387,Hola,qfever,Irrigated,negative
155,58485,107.4,10,4,0,0,Goat,"Galla Goat, Cross",Female,Adult,BDT071066,BSR014669,AVAQ58485,Hola,brucella,Irrigated,negative
155,57300,107.4,10,4,0,0,Goat,"Galla Goat, Cross",Female,Adult,BDT071082,BSR014600,AVAQ57300,Hola,rvf,Irrigated,negative
155,54119,107.4,10,4,0,0,Sheep,Black Head Persian,Female,Adult,BDT071086,BSR014601,AVAQ54119,Hola,qfever,Irrigated,negative
155,55881,107.4,10,4,0,0,Goat,"Galla Goat, Cross",Male,Adult,BDT071088,BSR014603,AVAQ55881,Hola,rvf,Irrigated,negative
155,58188,107.4,10,4,0,0,Goat,"Galla Goat, Cross",Female,Adult,BDT071060,BSR014634,AVAQ58188,Hola,brucella,Irrigated,negative
155,58439,107.4,10,4,0,0,Goat,"Galla Goat, Cross",Female,Adult,BDT071074,BSR014628,AVAQ58439,Hola,rvf,Irrigated,positive
155,58439,107.4,10,4,0,0,Goat,"Galla Goat, Cross",Female,Adult,BDT071074,BSR014628,AVAQ58439,Hola,brucella,Irrigated,negative
155,55918,107.4,10,4,0,0,Sheep,Black Head Persian,Female,Adult,BDT071081,BSR014604,AVAQ55918,Hola,rvf,Irrigated,negative
155,54119,107.4,10,4,0,0,Sheep,Black Head Persian,Female,Adult,BDT071086,BSR014601,AVAQ54119,Hola,rvf,Irrigated,positive
155,55881,107.4,10,4,0,0,Goat,"Galla Goat, Cross",Male,Adult,BDT071088,BSR014603,AVAQ55881,Hola,brucella,Irrigated,negative
155,55881,107.4,10,4,0,0,Goat,"Galla Goat, Cross",Male,Adult,BDT071088,BSR014603,AVAQ55881,Hola,qfever,Irrigated,negative
155,55918,107.4,10,4,0,0,Sheep,Black Head Persian,Female,Adult,BDT071081,BSR014604,AVAQ55918,Hola,brucella,Irrigated,negative
155,58401,107.4,10,4,0,0,Sheep,Black Head Persian,Female,Weaner,BDT071107,BSR014663,AVAQ58401,Hola,brucella,Irrigated,negative
155,57300,107.4,10,4,0,0,Goat,"Galla Goat, Cross",Female,Adult,BDT071082,BSR014600,AVAQ57300,Hola,brucella,Irrigated,negative
155,54119,107.4,10,4,0,0,Sheep,Black Head Persian,Female,Adult,BDT071086,BSR014601,AVAQ54119,Hola,brucella,Irrigated,negative
155,58188,107.4,10,4,0,0,Goat,"Galla Goat, Cross",Female,Adult,BDT071060,BSR014634,AVAQ58188,Hola,rvf,Irrigated,negative
155,58439,107.4,10,4,0,0,Goat,"Galla Goat, Cross",Female,Adult,BDT071074,BSR014628,AVAQ58439,Hola,qfever,Irrigated,positive
155,58401,107.4,10,4,0,0,Sheep,Black Head Persian,Female,Weaner,BDT071107,BSR014663,AVAQ58401,Hola,qfever,Irrigated,negative
155,58485,107.4,10,4,0,0,Goat,"Galla Goat, Cross",Female,Adult,BDT071066,BSR014669,AVAQ58485,Hola,qfever,Irrigated,positive
155,58485,107.4,10,4,0,0,Goat,"Galla Goat, Cross",Female,Adult,BDT071066,BSR014669,AVAQ58485,Hola,rvf,Irrigated,negative
155,55918,107.4,10,4,0,0,Sheep,Black Head Persian,Female,Adult,BDT071081,BSR014604,AVAQ55918,Hola,qfever,Irrigated,negative
155,57300,107.4,10,4,0,0,Goat,"Galla Goat, Cross",Female,Adult,BDT071082,BSR014600,AVAQ57300,Hola,qfever,Irrigated,negative
155,58401,107.4,10,4,0,0,Sheep,Black Head Persian,Female,Weaner,BDT071107,BSR014663,AVAQ58401,Hola,rvf,Irrigated,negative
202,57322,109.3,35,20,0,0,Goat,"Galla Goat, Cross",Female,Adult,BDT070906,BSR014561,AVAQ57322,Hola,rvf,Irrigated,positive
202,56008,109.3,35,20,0,0,Goat,"Galla Goat, Cross",Female,Adult,BDT071281,BSR014306,AVAQ56008,Hola,rvf,Irrigated,negative
202,57322,109.3,35,20,0,0,Goat,"Galla Goat, Cross",Female,Adult,BDT070906,BSR014561,AVAQ57322,Hola,qfever,Irrigated,negative
202,56057,109.3,35,20,0,0,Goat,"Galla Goat, Cross",Male,Adult,BDT071300,BSR014323,AVAQ56057,Hola,qfever,Irrigated,negative
202,56009,109.3,35,20,0,0,Goat,"Galla Goat, Cross",Male,Weaner,BDT071268,BSR014308,AVAQ56009,Hola,brucella,Irrigated,negative
202,55872,109.3,35,20,0,0,Goat,"Galla Goat, Cross",Female,Adult,BDT071297,BSR014316,AVAQ55872,Hola,brucella,Irrigated,negative
202,56025,109.3,35,20,0,0,Goat,"Galla Goat, Cross",Female,Weaner,BDT070900,BSR014275,AVAQ56025,Hola,qfever,Irrigated,negative
202,56061,109.3,35,20,0,0,Sheep,Black Head Persian,Male,Weaner,BDT071299,BSR014296,AVAQ56061,Hola,brucella,Irrigated,negative
202,56082,109.3,35,20,0,0,Goat,"Galla Goat, Cross",Female,Adult,BDT070963,BSR014545,AVAQ56082,Hola,rvf,Irrigated,negative
202,55907,109.3,35,20,0,0,Goat,"Galla Goat, Cross",Female,Adult,BDT070883,BSR014548,AVAQ55907,Hola,brucella,Irrigated,positive
202,56057,109.3,35,20,0,0,Goat,"Galla Goat, Cross",Male,Adult,BDT071300,BSR014323,AVAQ56057,Hola,brucella,Irrigated,negative
202,56039,109.3,35,20,0,0,Sheep,Black Head Persian,Female,Adult,BDT070898,BSR014538,AVAQ56039,Hola,qfever,Irrigated,negative
202,57415,109.3,35,20,0,0,Sheep,Black Head Persian,Male,Adult,BDT070894,BSR013616,AVAQ57415,Hola,rvf,Irrigated,negative
202,55899,109.3,35,20,0,0,Goat,"Galla Goat, Cross",Male,Weaner,BDT071290,BSR014313,AVAQ55899,Hola,qfever,Irrigated,negative
202,56079,109.3,35,20,0,0,Sheep,Black Head Persian,Female,Adult,BDT070878,BSR014560,AVAQ56079,Hola,brucella,Irrigated,negative
202,56039,109.3,35,20,0,0,Sheep,Black Head Persian,Female,Adult,BDT070898,BSR014538,AVAQ56039,Hola,brucella,Irrigated,negative
202,56437,109.3,35,20,0,0,Goat,"Galla Goat, Cross",Female,Adult,BDT071264,BSR014322,AVAQ56437,Hola,rvf,Irrigated,negative
202,56032,109.3,35,20,0,0,Goat,"Galla Goat, Cross",Female,Adult,BDT071302,BSR014315,AVAQ56032,Hola,rvf,Irrigated,positive
202,56009,109.3,35,20,0,0,Goat,"Galla Goat, Cross",Male,Weaner,BDT071268,BSR014308,AVAQ56009,Hola,qfever,Irrigated,negative
202,56155,109.3,35,20,0,0,Sheep,Black Head Persian,Female,Adult,BDT071298,BSR014300,AVAQ56155,Hola,rvf,Irrigated,negative
202,56148,109.3,35,20,0,0,Goat,"Galla Goat, Cross",Female,Adult,BDT070863,BSR014562,AVAQ56148,Hola,rvf,Irrigated,negative
202,56025,109.3,35,20,0,0,Goat,"Galla Goat, Cross",Female,Weaner,BDT070900,BSR014275,AVAQ56025,Hola,brucella,Irrigated,negative
202,56079,109.3,35,20,0,0,Sheep,Black Head Persian,Female,Adult,BDT070878,BSR014560,AVAQ56079,Hola,rvf,Irrigated,positive
202,56082,109.3,35,20,0,0,Goat,"Galla Goat, Cross",Female,Adult,BDT070963,BSR014545,AVAQ56082,Hola,qfever,Irrigated,negative
202,56008,109.3,35,20,0,0,Goat,"Galla Goat, Cross",Female,Adult,BDT071281,BSR014306,AVAQ56008,Hola,qfever,Irrigated,negative
202,58057,109.3,35,20,0,0,Sheep,Black Head Persian,Female,Weaner,BDT070873,BSR013612,AVAQ58057,Hola,qfever,Irrigated,negative
202,56079,109.3,35,20,0,0,Sheep,Black Head Persian,Female,Adult,BDT070878,BSR014560,AVAQ56079,Hola,qfever,Irrigated,negative
202,56059,109.3,35,20,0,0,Goat,"Galla Goat, Cross",Female,Adult,BDT070903,BSR014559,AVAQ56059,Hola,rvf,Irrigated,positive
202,57363,109.3,35,20,0,0,Goat,"Galla Goat, Cross",Male,Adult,BDT071260,BSR014317,AVAQ57363,Hola,qfever,Irrigated,negative
202,57527,109.3,35,20,0,0,Sheep,Black Head Persian,Female,Adult,BDT071276,BSR014311,AVAQ57527,Hola,brucella,Irrigated,negative
202,55961,109.3,35,20,0,0,Sheep,Black Head Persian,Female,Adult,BDT070893,BSR014564,AVAQ55961,Hola,qfever,Irrigated,negative
202,55909,109.3,35,20,0,0,Goat,"Galla Goat, Cross",Female,Adult,BDT071286,BSR014320,AVAQ55909,Hola,qfever,Irrigated,negative
202,55882,109.3,35,20,0,0,Sheep,Black Head Persian,Female,Adult,BDT070907,BSR014569,AVAQ55882,Hola,brucella,Irrigated,negative
202,56059,109.3,35,20,0,0,Goat,"Galla Goat, Cross",Female,Adult,BDT070903,BSR014559,AVAQ56059,Hola,brucella,Irrigated,negative
202,56061,109.3,35,20,0,0,Sheep,Black Head Persian,Male,Weaner,BDT071299,BSR014296,AVAQ56061,Hola,qfever,Irrigated,negative
202,55956,109.3,35,20,0,0,Sheep,Black Head Persian,Female,Adult,BDT071289,BSR014298,AVAQ55956,Hola,qfever,Irrigated,negative
202,57415,109.3,35,20,0,0,Sheep,Black Head Persian,Male,Adult,BDT070894,BSR013616,AVAQ57415,Hola,brucella,Irrigated,negative
202,55961,109.3,35,20,0,0,Sheep,Black Head Persian,Female,Adult,BDT070893,BSR014564,AVAQ55961,Hola,brucella,Irrigated,negative
202,56039,109.3,35,20,0,0,Sheep,Black Head Persian,Female,Adult,BDT070898,BSR014538,AVAQ56039,Hola,rvf,Irrigated,positive
202,56032,109.3,35,20,0,0,Goat,"Galla Goat, Cross",Female,Adult,BDT071302,BSR014315,AVAQ56032,Hola,brucella,Irrigated,negative
202,55909,109.3,35,20,0,0,Goat,"Galla Goat, Cross",Female,Adult,BDT071286,BSR014320,AVAQ55909,Hola,rvf,Irrigated,negative
202,55909,109.3,35,20,0,0,Goat,"Galla Goat, Cross",Female,Adult,BDT071286,BSR014320,AVAQ55909,Hola,brucella,Irrigated,negative
202,56082,109.3,35,20,0,0,Goat,"Galla Goat, Cross",Female,Adult,BDT070963,BSR014545,AVAQ56082,Hola,brucella,Irrigated,negative
202,57527,109.3,35,20,0,0,Sheep,Black Head Persian,Female,Adult,BDT071276,BSR014311,AVAQ57527,Hola,qfever,Irrigated,negative
202,56032,109.3,35,20,0,0,Goat,"Galla Goat, Cross",Female,Adult,BDT071302,BSR014315,AVAQ56032,Hola,qfever,Irrigated,negative
202,55907,109.3,35,20,0,0,Goat,"Galla Goat, Cross",Female,Adult,BDT070883,BSR014548,AVAQ55907,Hola,rvf,Irrigated,negative
202,56025,109.3,35,20,0,0,Goat,"Galla Goat, Cross",Female,Weaner,BDT070900,BSR014275,AVAQ56025,Hola,rvf,Irrigated,negative
202,55956,109.3,35,20,0,0,Sheep,Black Head Persian,Female,Adult,BDT071289,BSR014298,AVAQ55956,Hola,rvf,Irrigated,negative
202,56009,109.3,35,20,0,0,Goat,"Galla Goat, Cross",Male,Weaner,BDT071268,BSR014308,AVAQ56009,Hola,rvf,Irrigated,negative
202,55882,109.3,35,20,0,0,Sheep,Black Head Persian,Female,Adult,BDT070907,BSR014569,AVAQ55882,Hola,rvf,Irrigated,negative
202,58057,109.3,35,20,0,0,Sheep,Black Head Persian,Female,Weaner,BDT070873,BSR013612,AVAQ58057,Hola,rvf,Irrigated,negative
202,57527,109.3,35,20,0,0,Sheep,Black Head Persian,Female,Adult,BDT071276,BSR014311,AVAQ57527,Hola,rvf,Irrigated,negative
202,57363,109.3,35,20,0,0,Goat,"Galla Goat, Cross",Male,Adult,BDT071260,BSR014317,AVAQ57363,Hola,brucella,Irrigated,negative
202,55961,109.3,35,20,0,0,Sheep,Black Head Persian,Female,Adult,BDT070893,BSR014564,AVAQ55961,Hola,rvf,Irrigated,positive
202,55956,109.3,35,20,0,0,Sheep,Black Head Persian,Female,Adult,BDT071289,BSR014298,AVAQ55956,Hola,brucella,Irrigated,negative
202,56437,109.3,35,20,0,0,Goat,"Galla Goat, Cross",Female,Adult,BDT071264,BSR014322,AVAQ56437,Hola,brucella,Irrigated,negative
202,56057,109.3,35,20,0,0,Goat,"Galla Goat, Cross",Male,Adult,BDT071300,BSR014323,AVAQ56057,Hola,rvf,Irrigated,positive
202,56155,109.3,35,20,0,0,Sheep,Black Head Persian,Female,Adult,BDT071298,BSR014300,AVAQ56155,Hola,brucella,Irrigated,negative
202,57322,109.3,35,20,0,0,Goat,"Galla Goat, Cross",Female,Adult,BDT070906,BSR014561,AVAQ57322,Hola,brucella,Irrigated,negative
202,56148,109.3,35,20,0,0,Goat,"Galla Goat, Cross",Female,Adult,BDT070863,BSR014562,AVAQ56148,Hola,qfever,Irrigated,negative
202,57363,109.3,35,20,0,0,Goat,"Galla Goat, Cross",Male,Adult,BDT071260,BSR014317,AVAQ57363,Hola,rvf,Irrigated,positive
202,55899,109.3,35,20,0,0,Goat,"Galla Goat, Cross",Male,Weaner,BDT071290,BSR014313,AVAQ55899,Hola,rvf,Irrigated,positive
202,55899,109.3,35,20,0,0,Goat,"Galla Goat, Cross",Male,Weaner,BDT071290,BSR014313,AVAQ55899,Hola,brucella,Irrigated,negative
202,55907,109.3,35,20,0,0,Goat,"Galla Goat, Cross",Female,Adult,BDT070883,BSR014548,AVAQ55907,Hola,qfever,Irrigated,negative
202,57415,109.3,35,20,0,0,Sheep,Black Head Persian,Male,Adult,BDT070894,BSR013616,AVAQ57415,Hola,qfever,Irrigated,negative
202,58057,109.3,35,20,0,0,Sheep,Black Head Persian,Female,Weaner,BDT070873,BSR013612,AVAQ58057,Hola,brucella,Irrigated,negative
202,56148,109.3,35,20,0,0,Goat,"Galla Goat, Cross",Female,Adult,BDT070863,BSR014562,AVAQ56148,Hola,brucella,Irrigated,negative
202,56155,109.3,35,20,0,0,Sheep,Black Head Persian,Female,Adult,BDT071298,BSR014300,AVAQ56155,Hola,qfever,Irrigated,positive
202,56061,109.3,35,20,0,0,Sheep,Black Head Persian,Male,Weaner,BDT071299,BSR014296,AVAQ56061,Hola,rvf,Irrigated,negative
202,55872,109.3,35,20,0,0,Goat,"Galla Goat, Cross",Female,Adult,BDT071297,BSR014316,AVAQ55872,Hola,rvf,Irrigated,negative
202,56059,109.3,35,20,0,0,Goat,"Galla Goat, Cross",Female,Adult,BDT070903,BSR014559,AVAQ56059,Hola,qfever,Irrigated,negative
202,56437,109.3,35,20,0,0,Goat,"Galla Goat, Cross",Female,Adult,BDT071264,BSR014322,AVAQ56437,Hola,qfever,Irrigated,negative
202,56008,109.3,35,20,0,0,Goat,"Galla Goat, Cross",Female,Adult,BDT071281,BSR014306,AVAQ56008,Hola,brucella,Irrigated,negative
202,55882,109.3,35,20,0,0,Sheep,Black Head Persian,Female,Adult,BDT070907,BSR014569,AVAQ55882,Hola,qfever,Irrigated,negative
202,55872,109.3,35,20,0,0,Goat,"Galla Goat, Cross",Female,Adult,BDT071297,BSR014316,AVAQ55872,Hola,qfever,Irrigated,negative
217,55963,144.4,20,10,30,0,Goat,"Galla Goat, Cross",Female,Adult,BDT071285,BSR014304,AVAQ55963,Hola,qfever,Irrigated,negative
217,56245,144.4,20,10,30,0,Cattle,Orma Boran,Female,Adult,BDT071305,BSR014291,AVAQ56245,Hola,rvf,Irrigated,positive
217,57149,144.4,20,10,30,0,Goat,"Galla Goat, Cross",Female,Adult,BDT071280,BSR014295,AVAQ57149,Hola,rvf,Irrigated,negative
217,55997,144.4,20,10,30,0,Goat,"Galla Goat, Cross",Male,Adult,BDT071263,BSR014284,AVAQ55997,Hola,brucella,Irrigated,negative
217,57299,144.4,20,10,30,0,Cattle,Orma Boran,Female,Adult,BDT071304,BSR014276,AVAQ57299,Hola,qfever,Irrigated,negative
217,55997,144.4,20,10,30,0,Goat,"Galla Goat, Cross",Male,Adult,BDT071263,BSR014284,AVAQ55997,Hola,qfever,Irrigated,negative
217,56722,144.4,20,10,30,0,Goat,"Galla Goat, Cross",Male,Adult,BDT071270,BSR014297,AVAQ56722,Hola,qfever,Irrigated,negative
217,56130,144.4,20,10,30,0,Goat,"Galla Goat, Cross",Female,Adult,BDT071275,BSR014302,AVAQ56130,Hola,rvf,Irrigated,positive
217,57812,144.4,20,10,30,0,Goat,"Galla Goat, Cross",Female,Adult,BDT070968,BSR014292,AVAQ57812,Hola,qfever,Irrigated,negative
217,58066,144.4,20,10,30,0,Goat,"Galla Goat, Cross",Female,Weaner,BDT071293,BSR014287,AVAQ58066,Hola,qfever,Irrigated,positive
217,55928,144.4,20,10,30,0,Sheep,Black Head Persian,Female,Adult,BDT071283,BSR014310,AVAQ55928,Hola,rvf,Irrigated,negative
217,56261,144.4,20,10,30,0,Goat,"Galla Goat, Cross",Female,Adult,BDT071271,BSR014303,AVAQ56261,Hola,qfever,Irrigated,negative
217,56722,144.4,20,10,30,0,Goat,"Galla Goat, Cross",Male,Adult,BDT071270,BSR014297,AVAQ56722,Hola,brucella,Irrigated,negative
217,57299,144.4,20,10,30,0,Cattle,Orma Boran,Female,Adult,BDT071304,BSR014276,AVAQ57299,Hola,brucella,Irrigated,negative
217,56031,144.4,20,10,30,0,Sheep,Black Head Persian,Male,Adult,BDT071284,BSR014314,AVAQ56031,Hola,rvf,Irrigated,positive
217,54346,144.4,20,10,30,0,Goat,"Galla Goat, Cross",Female,Adult,BDT071274,BSR014301,AVAQ54346,Hola,rvf,Irrigated,negative
217,57149,144.4,20,10,30,0,Goat,"Galla Goat, Cross",Female,Adult,BDT071280,BSR014295,AVAQ57149,Hola,qfever,Irrigated,negative
217,57149,144.4,20,10,30,0,Goat,"Galla Goat, Cross",Female,Adult,BDT071280,BSR014295,AVAQ57149,Hola,brucella,Irrigated,negative
217,55928,144.4,20,10,30,0,Sheep,Black Head Persian,Female,Adult,BDT071283,BSR014310,AVAQ55928,Hola,brucella,Irrigated,negative
217,58030,144.4,20,10,30,0,Goat,"Galla Goat, Cross",Female,Adult,BDT071294,BSR014283,AVAQ58030,Hola,brucella,Irrigated,negative
217,54690,144.4,20,10,30,0,Cattle,Orma Boran,Female,Weaner,BDT071306,BSR014278,AVAQ54690,Hola,brucella,Irrigated,negative
217,56388,144.4,20,10,30,0,Cattle,Orma Boran,Female,Weaner,BDT071308,BSR014288,AVAQ56388,Hola,brucella,Irrigated,negative
217,56722,144.4,20,10,30,0,Goat,"Galla Goat, Cross",Male,Adult,BDT071270,BSR014297,AVAQ56722,Hola,rvf,Irrigated,negative
217,58030,144.4,20,10,30,0,Goat,"Galla Goat, Cross",Female,Adult,BDT071294,BSR014283,AVAQ58030,Hola,qfever,Irrigated,negative
217,58066,144.4,20,10,30,0,Goat,"Galla Goat, Cross",Female,Weaner,BDT071293,BSR014287,AVAQ58066,Hola,brucella,Irrigated,negative
217,54690,144.4,20,10,30,0,Cattle,Orma Boran,Female,Weaner,BDT071306,BSR014278,AVAQ54690,Hola,rvf,Irrigated,positive
217,55887,144.4,20,10,30,0,Goat,"Galla Goat, Cross",Female,Adult,BDT071303,BSR014277,AVAQ55887,Hola,qfever,Irrigated,negative
217,55988,144.4,20,10,30,0,Goat,"Galla Goat, Cross",Female,Adult,BDT071287,BSR014299,AVAQ55988,Hola,brucella,Irrigated,negative
217,56245,144.4,20,10,30,0,Cattle,Orma Boran,Female,Adult,BDT071305,BSR014291,AVAQ56245,Hola,brucella,Irrigated,negative
217,55988,144.4,20,10,30,0,Goat,"Galla Goat, Cross",Female,Adult,BDT071287,BSR014299,AVAQ55988,Hola,rvf,Irrigated,negative
217,56375,144.4,20,10,30,0,Sheep,Black Head Persian,Female,Adult,BDT071296,BSR014281,AVAQ56375,Hola,rvf,Irrigated,negative
217,56026,144.4,20,10,30,0,Sheep,Black Head Persian,Male,Weaner,BDT071282,BSR014309,AVAQ56026,Hola,rvf,Irrigated,negative
217,56379,144.4,20,10,30,0,Goat,"Galla Goat, Cross",Female,Adult,BDT071267,BSR014280,AVAQ56379,Hola,rvf,Irrigated,positive
217,54688,144.4,20,10,30,0,Cattle,Orma Boran,Female,Weaner,BDT071259,BSR014289,AVAQ54688,Hola,qfever,Irrigated,negative
217,55963,144.4,20,10,30,0,Goat,"Galla Goat, Cross",Female,Adult,BDT071285,BSR014304,AVAQ55963,Hola,rvf,Irrigated,negative
217,57488,144.4,20,10,30,0,Cattle,Orma Boran,Female,Adult,BDT071261,BSR014285,AVAQ57488,Hola,brucella,Irrigated,negative
217,56031,144.4,20,10,30,0,Sheep,Black Head Persian,Male,Adult,BDT071284,BSR014314,AVAQ56031,Hola,brucella,Irrigated,negative
217,54688,144.4,20,10,30,0,Cattle,Orma Boran,Female,Weaner,BDT071259,BSR014289,AVAQ54688,Hola,brucella,Irrigated,negative
217,56031,144.4,20,10,30,0,Sheep,Black Head Persian,Male,Adult,BDT071284,BSR014314,AVAQ56031,Hola,qfever,Irrigated,negative
217,55887,144.4,20,10,30,0,Goat,"Galla Goat, Cross",Female,Adult,BDT071303,BSR014277,AVAQ55887,Hola,rvf,Irrigated,negative
217,57812,144.4,20,10,30,0,Goat,"Galla Goat, Cross",Female,Adult,BDT070968,BSR014292,AVAQ57812,Hola,brucella,Irrigated,negative
217,56379,144.4,20,10,30,0,Goat,"Galla Goat, Cross",Female,Adult,BDT071267,BSR014280,AVAQ56379,Hola,brucella,Irrigated,positive
217,54346,144.4,20,10,30,0,Goat,"Galla Goat, Cross",Female,Adult,BDT071274,BSR014301,AVAQ54346,Hola,brucella,Irrigated,negative
217,57488,144.4,20,10,30,0,Cattle,Orma Boran,Female,Adult,BDT071261,BSR014285,AVAQ57488,Hola,qfever,Irrigated,negative
217,56388,144.4,20,10,30,0,Cattle,Orma Boran,Female,Weaner,BDT071308,BSR014288,AVAQ56388,Hola,qfever,Irrigated,negative
217,56026,144.4,20,10,30,0,Sheep,Black Head Persian,Male,Weaner,BDT071282,BSR014309,AVAQ56026,Hola,qfever,Irrigated,negative
217,57299,144.4,20,10,30,0,Cattle,Orma Boran,Female,Adult,BDT071304,BSR014276,AVAQ57299,Hola,rvf,Irrigated,positive
217,55887,144.4,20,10,30,0,Goat,"Galla Goat, Cross",Female,Adult,BDT071303,BSR014277,AVAQ55887,Hola,brucella,Irrigated,negative
217,57077,144.4,20,10,30,0,Goat,"Galla Goat, Cross",Female,Adult,BDT071295,BSR014282,AVAQ57077,Hola,qfever,Irrigated,negative
217,55997,144.4,20,10,30,0,Goat,"Galla Goat, Cross",Male,Adult,BDT071263,BSR014284,AVAQ55997,Hola,rvf,Irrigated,negative
217,57077,144.4,20,10,30,0,Goat,"Galla Goat, Cross",Female,Adult,BDT071295,BSR014282,AVAQ57077,Hola,rvf,Irrigated,negative
217,54346,144.4,20,10,30,0,Goat,"Galla Goat, Cross",Female,Adult,BDT071274,BSR014301,AVAQ54346,Hola,qfever,Irrigated,negative
217,56026,144.4,20,10,30,0,Sheep,Black Head Persian,Male,Weaner,BDT071282,BSR014309,AVAQ56026,Hola,brucella,Irrigated,negative
217,57488,144.4,20,10,30,0,Cattle,Orma Boran,Female,Adult,BDT071261,BSR014285,AVAQ57488,Hola,rvf,Irrigated,positive
217,57812,144.4,20,10,30,0,Goat,"Galla Goat, Cross",Female,Adult,BDT070968,BSR014292,AVAQ57812,Hola,rvf,Irrigated,negative
217,56375,144.4,20,10,30,0,Sheep,Black Head Persian,Female,Adult,BDT071296,BSR014281,AVAQ56375,Hola,brucella,Irrigated,negative
217,56245,144.4,20,10,30,0,Cattle,Orma Boran,Female,Adult,BDT071305,BSR014291,AVAQ56245,Hola,qfever,Irrigated,negative
217,57077,144.4,20,10,30,0,Goat,"Galla Goat, Cross",Female,Adult,BDT071295,BSR014282,AVAQ57077,Hola,brucella,Irrigated,negative
217,56130,144.4,20,10,30,0,Goat,"Galla Goat, Cross",Female,Adult,BDT071275,BSR014302,AVAQ56130,Hola,qfever,Irrigated,negative
217,56388,144.4,20,10,30,0,Cattle,Orma Boran,Female,Weaner,BDT071308,BSR014288,AVAQ56388,Hola,rvf,Irrigated,positive
217,55963,144.4,20,10,30,0,Goat,"Galla Goat, Cross",Female,Adult,BDT071285,BSR014304,AVAQ55963,Hola,brucella,Irrigated,negative
217,55928,144.4,20,10,30,0,Sheep,Black Head Persian,Female,Adult,BDT071283,BSR014310,AVAQ55928,Hola,qfever,Irrigated,negative
217,58030,144.4,20,10,30,0,Goat,"Galla Goat, Cross",Female,Adult,BDT071294,BSR014283,AVAQ58030,Hola,rvf,Irrigated,negative
217,56261,144.4,20,10,30,0,Goat,"Galla Goat, Cross",Female,Adult,BDT071271,BSR014303,AVAQ56261,Hola,brucella,Irrigated,negative
217,54688,144.4,20,10,30,0,Cattle,Orma Boran,Female,Weaner,BDT071259,BSR014289,AVAQ54688,Hola,rvf,Irrigated,negative
217,54690,144.4,20,10,30,0,Cattle,Orma Boran,Female,Weaner,BDT071306,BSR014278,AVAQ54690,Hola,qfever,Irrigated,negative
217,58066,144.4,20,10,30,0,Goat,"Galla Goat, Cross",Female,Weaner,BDT071293,BSR014287,AVAQ58066,Hola,rvf,Irrigated,negative
217,56130,144.4,20,10,30,0,Goat,"Galla Goat, Cross",Female,Adult,BDT071275,BSR014302,AVAQ56130,Hola,brucella,Irrigated,negative
217,56375,144.4,20,10,30,0,Sheep,Black Head Persian,Female,Adult,BDT071296,BSR014281,AVAQ56375,Hola,qfever,Irrigated,negative
217,55988,144.4,20,10,30,0,Goat,"Galla Goat, Cross",Female,Adult,BDT071287,BSR014299,AVAQ55988,Hola,qfever,Irrigated,negative
217,56261,144.4,20,10,30,0,Goat,"Galla Goat, Cross",Female,Adult,BDT071271,BSR014303,AVAQ56261,Hola,rvf,Irrigated,negative
222,57411,113.1,10,0,0,0,Sheep,Black Head Persian,Female,Adult,BDT071407,BSR014621,AVAQ57411,Hola,rvf,Irrigated,negative
222,55958,113.1,10,0,0,0,Goat,"Galla Goat, Cross",Female,Adult,BDT071063,BSR014610,AVAQ55958,Hola,qfever,Irrigated,positive
222,58201,113.1,10,0,0,0,Goat,"Galla Goat, Cross",Male,Weaner,BDT071374,BSR014622,AVAQ58201,Hola,qfever,Irrigated,negative
222,58153,113.1,10,0,0,0,Goat,"Galla Goat, Cross",Female,Adult,BDT071075,BSR014614,AVAQ58153,Hola,rvf,Irrigated,negative
222,57411,113.1,10,0,0,0,Sheep,Black Head Persian,Female,Adult,BDT071407,BSR014621,AVAQ57411,Hola,brucella,Irrigated,negative
222,55831,113.1,10,0,0,0,Goat,"Galla Goat, Cross",Female,Adult,BDT071071,BSR014615,AVAQ55831,Hola,brucella,Irrigated,negative
222,58153,113.1,10,0,0,0,Goat,"Galla Goat, Cross",Female,Adult,BDT071075,BSR014614,AVAQ58153,Hola,brucella,Irrigated,negative
222,55831,113.1,10,0,0,0,Goat,"Galla Goat, Cross",Female,Adult,BDT071071,BSR014615,AVAQ55831,Hola,rvf,Irrigated,negative
222,58201,113.1,10,0,0,0,Goat,"Galla Goat, Cross",Male,Weaner,BDT071374,BSR014622,AVAQ58201,Hola,rvf,Irrigated,negative
222,55958,113.1,10,0,0,0,Goat,"Galla Goat, Cross",Female,Adult,BDT071063,BSR014610,AVAQ55958,Hola,rvf,Irrigated,negative
222,57282,113.1,10,0,0,0,Sheep,Black Head Persian,Male,Adult,BDT071398,BSR014605,AVAQ57282,Hola,rvf,Irrigated,negative
222,55958,113.1,10,0,0,0,Goat,"Galla Goat, Cross",Female,Adult,BDT071063,BSR014610,AVAQ55958,Hola,brucella,Irrigated,negative
222,57282,113.1,10,0,0,0,Sheep,Black Head Persian,Male,Adult,BDT071398,BSR014605,AVAQ57282,Hola,brucella,Irrigated,negative
222,58201,113.1,10,0,0,0,Goat,"Galla Goat, Cross",Male,Weaner,BDT071374,BSR014622,AVAQ58201,Hola,brucella,Irrigated,negative
222,57382,113.1,10,0,0,0,Sheep,Black Head Persian,Female,Adult,BDT071404,BSR014613,AVAQ57382,Hola,brucella,Irrigated,negative
222,57411,113.1,10,0,0,0,Sheep,Black Head Persian,Female,Adult,BDT071407,BSR014621,AVAQ57411,Hola,qfever,Irrigated,negative
222,57382,113.1,10,0,0,0,Sheep,Black Head Persian,Female,Adult,BDT071404,BSR014613,AVAQ57382,Hola,qfever,Irrigated,negative
222,57282,113.1,10,0,0,0,Sheep,Black Head Persian,Male,Adult,BDT071398,BSR014605,AVAQ57282,Hola,qfever,Irrigated,negative
222,58153,113.1,10,0,0,0,Goat,"Galla Goat, Cross",Female,Adult,BDT071075,BSR014614,AVAQ58153,Hola,qfever,Irrigated,negative
222,57382,113.1,10,0,0,0,Sheep,Black Head Persian,Female,Adult,BDT071404,BSR014613,AVAQ57382,Hola,rvf,Irrigated,negative
223,56426,112,10,0,0,0,Goat,"Galla Goat, Cross",Female,Weaner,BDT070338,BSR013804,AVAQ56426,Hola,qfever,Irrigated,negative
223,54467,112,10,0,0,0,Goat,"Galla Goat, Cross",Female,Adult,BDT070344,BSR013817,AVAQ54467,Hola,rvf,Irrigated,negative
223,55583,112,10,0,0,0,Goat,"Galla Goat, Cross",Female,Adult,BDT070347,BSR013805,AVAQ55583,Hola,rvf,Irrigated,positive
223,54467,112,10,0,0,0,Goat,"Galla Goat, Cross",Female,Adult,BDT070344,BSR013817,AVAQ54467,Hola,brucella,Irrigated,negative
223,55583,112,10,0,0,0,Goat,"Galla Goat, Cross",Female,Adult,BDT070347,BSR013805,AVAQ55583,Hola,brucella,Irrigated,negative
223,55583,112,10,0,0,0,Goat,"Galla Goat, Cross",Female,Adult,BDT070347,BSR013805,AVAQ55583,Hola,qfever,Irrigated,negative
223,54467,112,10,0,0,0,Goat,"Galla Goat, Cross",Female,Adult,BDT070344,BSR013817,AVAQ54467,Hola,qfever,Irrigated,negative
223,56426,112,10,0,0,0,Goat,"Galla Goat, Cross",Female,Weaner,BDT070338,BSR013804,AVAQ56426,Hola,brucella,Irrigated,negative
223,56426,112,10,0,0,0,Goat,"Galla Goat, Cross",Female,Weaner,BDT070338,BSR013804,AVAQ56426,Hola,rvf,Irrigated,positive
249,58222,104.8,4,19,0,0,Sheep,Black Head Persian,Female,Adult,BDT070857,BSR014386,AVAQ58222,Hola,rvf,Irrigated,positive
249,54268,104.8,4,19,0,0,Goat,Cross,Female,Weaner,BDT070851,BSR014385,AVAQ54268,Hola,qfever,Irrigated,negative
249,58284,104.8,4,19,0,0,Sheep,Black Head Persian,Female,Adult,BDT070850,BSR013475,AVAQ58284,Hola,brucella,Irrigated,negative
249,55298,104.8,4,19,0,0,Sheep,Black Head Persian,Male,Adult,BDT070755,BSR014377,AVAQ55298,Hola,rvf,Irrigated,negative
249,54268,104.8,4,19,0,0,Goat,Cross,Female,Weaner,BDT070851,BSR014385,AVAQ54268,Hola,rvf,Irrigated,negative
249,55025,104.8,4,19,0,0,Goat,Cross,Male,Adult,BDT070724,BSR014380,AVAQ55025,Hola,brucella,Irrigated,negative
249,58238,104.8,4,19,0,0,Sheep,Black Head Persian,Female,Adult,BDT070814,BSR014379,AVAQ58238,Hola,brucella,Irrigated,negative
249,55298,104.8,4,19,0,0,Sheep,Black Head Persian,Male,Adult,BDT070755,BSR014377,AVAQ55298,Hola,brucella,Irrigated,negative
249,58225,104.8,4,19,0,0,Sheep,Black Head Persian,Female,Adult,BDT070838,BSR013510,AVAQ58225,Hola,brucella,Irrigated,negative
249,58225,104.8,4,19,0,0,Sheep,Black Head Persian,Female,Adult,BDT070838,BSR013510,AVAQ58225,Hola,qfever,Irrigated,negative
249,58238,104.8,4,19,0,0,Sheep,Black Head Persian,Female,Adult,BDT070814,BSR014379,AVAQ58238,Hola,rvf,Irrigated,positive
249,56500,104.8,4,19,0,0,Sheep,Black Head Persian,Female,Adult,BDT070834,BSR013522,AVAQ56500,Hola,rvf,Irrigated,positive
249,58284,104.8,4,19,0,0,Sheep,Black Head Persian,Female,Adult,BDT070850,BSR013475,AVAQ58284,Hola,qfever,Irrigated,negative
249,58222,104.8,4,19,0,0,Sheep,Black Head Persian,Female,Adult,BDT070857,BSR014386,AVAQ58222,Hola,brucella,Irrigated,negative
249,55025,104.8,4,19,0,0,Goat,Cross,Male,Adult,BDT070724,BSR014380,AVAQ55025,Hola,rvf,Irrigated,negative
249,58210,104.8,4,19,0,0,Sheep,Black Head Persian,Female,Adult,BDT070829,BSR013491,AVAQ58210,Hola,qfever,Irrigated,negative
249,54300,104.8,4,19,0,0,Sheep,Black Head Persian,Female,Adult,BDT070845,BSR014418,AVAQ54300,Hola,brucella,Irrigated,negative
249,55025,104.8,4,19,0,0,Goat,Cross,Male,Adult,BDT070724,BSR014380,AVAQ55025,Hola,qfever,Irrigated,positive
249,58223,104.8,4,19,0,0,Sheep,Black Head Persian,Male,Weaner,BDT070848,BSR014333,AVAQ58223,Hola,brucella,Irrigated,negative
249,58210,104.8,4,19,0,0,Sheep,Black Head Persian,Female,Adult,BDT070829,BSR013491,AVAQ58210,Hola,brucella,Irrigated,negative
249,58210,104.8,4,19,0,0,Sheep,Black Head Persian,Female,Adult,BDT070829,BSR013491,AVAQ58210,Hola,rvf,Irrigated,negative
249,54300,104.8,4,19,0,0,Sheep,Black Head Persian,Female,Adult,BDT070845,BSR014418,AVAQ54300,Hola,rvf,Irrigated,negative
249,58223,104.8,4,19,0,0,Sheep,Black Head Persian,Male,Weaner,BDT070848,BSR014333,AVAQ58223,Hola,rvf,Irrigated,negative
249,54300,104.8,4,19,0,0,Sheep,Black Head Persian,Female,Adult,BDT070845,BSR014418,AVAQ54300,Hola,qfever,Irrigated,negative
249,56500,104.8,4,19,0,0,Sheep,Black Head Persian,Female,Adult,BDT070834,BSR013522,AVAQ56500,Hola,brucella,Irrigated,negative
249,55298,104.8,4,19,0,0,Sheep,Black Head Persian,Male,Adult,BDT070755,BSR014377,AVAQ55298,Hola,qfever,Irrigated,positive
249,58225,104.8,4,19,0,0,Sheep,Black Head Persian,Female,Adult,BDT070838,BSR013510,AVAQ58225,Hola,rvf,Irrigated,negative
249,56500,104.8,4,19,0,0,Sheep,Black Head Persian,Female,Adult,BDT070834,BSR013522,AVAQ56500,Hola,qfever,Irrigated,negative
249,55186,104.8,4,19,0,0,Sheep,Black Head Persian,Female,Adult,BDT070822,BSR013517,AVAQ55186,Hola,qfever,Irrigated,negative
249,58238,104.8,4,19,0,0,Sheep,Black Head Persian,Female,Adult,BDT070814,BSR014379,AVAQ58238,Hola,qfever,Irrigated,negative
249,55186,104.8,4,19,0,0,Sheep,Black Head Persian,Female,Adult,BDT070822,BSR013517,AVAQ55186,Hola,rvf,Irrigated,positive
249,58223,104.8,4,19,0,0,Sheep,Black Head Persian,Male,Weaner,BDT070848,BSR014333,AVAQ58223,Hola,qfever,Irrigated,positive
249,58284,104.8,4,19,0,0,Sheep,Black Head Persian,Female,Adult,BDT070850,BSR013475,AVAQ58284,Hola,rvf,Irrigated,negative
249,54268,104.8,4,19,0,0,Goat,Cross,Female,Weaner,BDT070851,BSR014385,AVAQ54268,Hola,brucella,Irrigated,negative
249,58222,104.8,4,19,0,0,Sheep,Black Head Persian,Female,Adult,BDT070857,BSR014386,AVAQ58222,Hola,qfever,Irrigated,negative
249,55186,104.8,4,19,0,0,Sheep,Black Head Persian,Female,Adult,BDT070822,BSR013517,AVAQ55186,Hola,brucella,Irrigated,negative
272,57336,111.3,4,7,0,0,Sheep,Black Head Persian,Female,Weaner,BDT070892,BSR013789,AVAQ57336,Hola,qfever,Irrigated,negative
272,56420,111.3,4,7,0,0,Goat,"Galla Goat, Cross",Female,Adult,BDT071288,BSR014286,AVAQ56420,Hola,qfever,Irrigated,negative
272,56411,111.3,4,7,0,0,Sheep,Black Head Persian,Female,Adult,BDT071266,BSR013794,AVAQ56411,Hola,rvf,Irrigated,positive
272,57331,111.3,4,7,0,0,Sheep,Black Head Persian,Female,Adult,BDT070870,BSR013786,AVAQ57331,Hola,qfever,Irrigated,negative
272,54156,111.3,4,7,0,0,Goat,"Galla Goat, Cross",Female,Adult,BDT070886,BSR013784,AVAQ54156,Hola,qfever,Irrigated,negative
272,56401,111.3,4,7,0,0,Sheep,Black Head Persian,Female,Adult,BDT070890,BSR013781,AVAQ56401,Hola,rvf,Irrigated,negative
272,56420,111.3,4,7,0,0,Goat,"Galla Goat, Cross",Female,Adult,BDT071288,BSR014286,AVAQ56420,Hola,rvf,Irrigated,positive
272,57331,111.3,4,7,0,0,Sheep,Black Head Persian,Female,Adult,BDT070870,BSR013786,AVAQ57331,Hola,rvf,Irrigated,negative
272,55994,111.3,4,7,0,0,Sheep,Black Head Persian,Female,Adult,BDT070884,BSR013780,AVAQ55994,Hola,brucella,Irrigated,negative
272,54178,111.3,4,7,0,0,Sheep,Black Head Persian,Female,Adult,BDT071292,BSR013803,AVAQ54178,Hola,brucella,Irrigated,negative
272,57336,111.3,4,7,0,0,Sheep,Black Head Persian,Female,Weaner,BDT070892,BSR013789,AVAQ57336,Hola,brucella,Irrigated,negative
272,55994,111.3,4,7,0,0,Sheep,Black Head Persian,Female,Adult,BDT070884,BSR013780,AVAQ55994,Hola,rvf,Irrigated,positive
272,54156,111.3,4,7,0,0,Goat,"Galla Goat, Cross",Female,Adult,BDT070886,BSR013784,AVAQ54156,Hola,rvf,Irrigated,negative
272,54178,111.3,4,7,0,0,Sheep,Black Head Persian,Female,Adult,BDT071292,BSR013803,AVAQ54178,Hola,qfever,Irrigated,negative
272,56401,111.3,4,7,0,0,Sheep,Black Head Persian,Female,Adult,BDT070890,BSR013781,AVAQ56401,Hola,brucella,Irrigated,negative
272,55976,111.3,4,7,0,0,Goat,"Galla Goat, Cross",Female,Adult,BDT071301,BSR013777,AVAQ55976,Hola,qfever,Irrigated,negative
272,55976,111.3,4,7,0,0,Goat,"Galla Goat, Cross",Female,Adult,BDT071301,BSR013777,AVAQ55976,Hola,rvf,Irrigated,negative
272,54178,111.3,4,7,0,0,Sheep,Black Head Persian,Female,Adult,BDT071292,BSR013803,AVAQ54178,Hola,rvf,Irrigated,negative
272,56411,111.3,4,7,0,0,Sheep,Black Head Persian,Female,Adult,BDT071266,BSR013794,AVAQ56411,Hola,brucella,Irrigated,negative
272,54466,111.3,4,7,0,0,Goat,"Galla Goat, Cross",Female,Adult,BDT070865,BSR013783,AVAQ54466,Hola,qfever,Irrigated,negative
272,55976,111.3,4,7,0,0,Goat,"Galla Goat, Cross",Female,Adult,BDT071301,BSR013777,AVAQ55976,Hola,brucella,Irrigated,negative
272,57331,111.3,4,7,0,0,Sheep,Black Head Persian,Female,Adult,BDT070870,BSR013786,AVAQ57331,Hola,brucella,Irrigated,negative
272,57336,111.3,4,7,0,0,Sheep,Black Head Persian,Female,Weaner,BDT070892,BSR013789,AVAQ57336,Hola,rvf,Irrigated,negative
272,56411,111.3,4,7,0,0,Sheep,Black Head Persian,Female,Adult,BDT071266,BSR013794,AVAQ56411,Hola,qfever,Irrigated,negative
272,54466,111.3,4,7,0,0,Goat,"Galla Goat, Cross",Female,Adult,BDT070865,BSR013783,AVAQ54466,Hola,rvf,Irrigated,positive
272,54156,111.3,4,7,0,0,Goat,"Galla Goat, Cross",Female,Adult,BDT070886,BSR013784,AVAQ54156,Hola,brucella,Irrigated,negative
272,54466,111.3,4,7,0,0,Goat,"Galla Goat, Cross",Female,Adult,BDT070865,BSR013783,AVAQ54466,Hola,brucella,Irrigated,negative
272,56401,111.3,4,7,0,0,Sheep,Black Head Persian,Female,Adult,BDT070890,BSR013781,AVAQ56401,Hola,qfever,Irrigated,negative
272,56420,111.3,4,7,0,0,Goat,"Galla Goat, Cross",Female,Adult,BDT071288,BSR014286,AVAQ56420,Hola,brucella,Irrigated,negative
272,55994,111.3,4,7,0,0,Sheep,Black Head Persian,Female,Adult,BDT070884,BSR013780,AVAQ55994,Hola,qfever,Irrigated,negative
279,57323,109.1,5,3,0,0,Sheep,Black Head Persian,Female,Adult,BDT071291,BSR014319,AVAQ57323,Hola,rvf,Irrigated,negative
279,55890,109.1,5,3,0,0,Goat,"Galla Goat, Cross",Female,Adult,BDT071273,BSR014318,AVAQ55890,Hola,brucella,Irrigated,negative
279,54498,109.1,5,3,0,0,Goat,"Galla Goat, Cross",Female,Weaner,BDT071265,BSR014294,AVAQ54498,Hola,brucella,Irrigated,negative
279,54684,109.1,5,3,0,0,Goat,"Galla Goat, Cross",Female,Adult,BDT070905,BSR014305,AVAQ54684,Hola,rvf,Irrigated,negative
279,54498,109.1,5,3,0,0,Goat,"Galla Goat, Cross",Female,Weaner,BDT071265,BSR014294,AVAQ54498,Hola,qfever,Irrigated,negative
279,53923,109.1,5,3,0,0,Sheep,Black Head Persian,Female,Adult,BDT071262,BSR014324,AVAQ53923,Hola,qfever,Irrigated,negative
279,55890,109.1,5,3,0,0,Goat,"Galla Goat, Cross",Female,Adult,BDT071273,BSR014318,AVAQ55890,Hola,rvf,Irrigated,negative
279,53923,109.1,5,3,0,0,Sheep,Black Head Persian,Female,Adult,BDT071262,BSR014324,AVAQ53923,Hola,brucella,Irrigated,negative
279,55890,109.1,5,3,0,0,Goat,"Galla Goat, Cross",Female,Adult,BDT071273,BSR014318,AVAQ55890,Hola,qfever,Irrigated,negative
279,54498,109.1,5,3,0,0,Goat,"Galla Goat, Cross",Female,Weaner,BDT071265,BSR014294,AVAQ54498,Hola,rvf,Irrigated,negative
279,57323,109.1,5,3,0,0,Sheep,Black Head Persian,Female,Adult,BDT071291,BSR014319,AVAQ57323,Hola,qfever,Irrigated,positive
279,57323,109.1,5,3,0,0,Sheep,Black Head Persian,Female,Adult,BDT071291,BSR014319,AVAQ57323,Hola,brucella,Irrigated,negative
279,53923,109.1,5,3,0,0,Sheep,Black Head Persian,Female,Adult,BDT071262,BSR014324,AVAQ53923,Hola,rvf,Irrigated,negative
279,54684,109.1,5,3,0,0,Goat,"Galla Goat, Cross",Female,Adult,BDT070905,BSR014305,AVAQ54684,Hola,qfever,Irrigated,negative
279,54684,109.1,5,3,0,0,Goat,"Galla Goat, Cross",Female,Adult,BDT070905,BSR014305,AVAQ54684,Hola,brucella,Irrigated,negative
366,55295,111.7,12,0,0,0,Goat,"Galla Goat, Cross",Male,Weaner,BDT070332,BSR013796,AVAQ55295,Hola,rvf,Irrigated,negative
366,55295,111.7,12,0,0,0,Goat,"Galla Goat, Cross",Male,Weaner,BDT070332,BSR013796,AVAQ55295,Hola,brucella,Irrigated,negative
366,56407,111.7,12,0,0,0,Goat,"Galla Goat, Cross",Female,Adult,BDT070325,BSR013822,AVAQ56407,Hola,brucella,Irrigated,negative
366,54154,111.7,12,0,0,0,Goat,"Galla Goat, Cross",Female,Weaner,BDT070335,BSR013821,AVAQ54154,Hola,qfever,Irrigated,negative
366,56432,111.7,12,0,0,0,Goat,"Galla Goat, Cross",Female,Adult,BDT070319,BSR013818,AVAQ56432,Hola,brucella,Irrigated,negative
366,57315,111.7,12,0,0,0,Goat,"Galla Goat, Cross",Female,Adult,BDT070343,BSR013811,AVAQ57315,Hola,qfever,Irrigated,negative
366,56407,111.7,12,0,0,0,Goat,"Galla Goat, Cross",Female,Adult,BDT070325,BSR013822,AVAQ56407,Hola,qfever,Irrigated,negative
366,56080,111.7,12,0,0,0,Goat,"Galla Goat, Cross",Male,Weaner,BDT070334,BSR013819,AVAQ56080,Hola,brucella,Irrigated,negative
366,56407,111.7,12,0,0,0,Goat,"Galla Goat, Cross",Female,Adult,BDT070325,BSR013822,AVAQ56407,Hola,rvf,Irrigated,negative
366,57315,111.7,12,0,0,0,Goat,"Galla Goat, Cross",Female,Adult,BDT070343,BSR013811,AVAQ57315,Hola,rvf,Irrigated,negative
366,56080,111.7,12,0,0,0,Goat,"Galla Goat, Cross",Male,Weaner,BDT070334,BSR013819,AVAQ56080,Hola,rvf,Irrigated,negative
366,58082,111.7,12,0,0,0,Goat,"Galla Goat, Cross",Female,Weaner,BDT070318,BSR013814,AVAQ58082,Hola,qfever,Irrigated,negative
366,54154,111.7,12,0,0,0,Goat,"Galla Goat, Cross",Female,Weaner,BDT070335,BSR013821,AVAQ54154,Hola,rvf,Irrigated,negative
366,57315,111.7,12,0,0,0,Goat,"Galla Goat, Cross",Female,Adult,BDT070343,BSR013811,AVAQ57315,Hola,brucella,Irrigated,negative
366,56432,111.7,12,0,0,0,Goat,"Galla Goat, Cross",Female,Adult,BDT070319,BSR013818,AVAQ56432,Hola,rvf,Irrigated,positive
366,54154,111.7,12,0,0,0,Goat,"Galla Goat, Cross",Female,Weaner,BDT070335,BSR013821,AVAQ54154,Hola,brucella,Irrigated,negative
366,58082,111.7,12,0,0,0,Goat,"Galla Goat, Cross",Female,Weaner,BDT070318,BSR013814,AVAQ58082,Hola,rvf,Irrigated,negative
366,56432,111.7,12,0,0,0,Goat,"Galla Goat, Cross",Female,Adult,BDT070319,BSR013818,AVAQ56432,Hola,qfever,Irrigated,negative
366,56080,111.7,12,0,0,0,Goat,"Galla Goat, Cross",Male,Weaner,BDT070334,BSR013819,AVAQ56080,Hola,qfever,Irrigated,negative
366,58082,111.7,12,0,0,0,Goat,"Galla Goat, Cross",Female,Weaner,BDT070318,BSR013814,AVAQ58082,Hola,brucella,Irrigated,negative
366,55295,111.7,12,0,0,0,Goat,"Galla Goat, Cross",Male,Weaner,BDT070332,BSR013796,AVAQ55295,Hola,qfever,Irrigated,negative
412,55228,111.8,28,15,0,0,Goat,"Galla Goat, Cross",Female,Adult,BDT070354,BSR013808,AVAQ55228,Hola,brucella,Irrigated,negative
412,56513,111.8,28,15,0,0,Goat,"Galla Goat, Cross",Female,Adult,BDT070349,BSR014321,AVAQ56513,Hola,qfever,Irrigated,positive
412,57324,111.8,28,15,0,0,Sheep,Black Head Persian,Female,Weaner,BDT070352,BSR013776,AVAQ57324,Hola,rvf,Irrigated,negative
412,54046,111.8,28,15,0,0,Sheep,Black Head Persian,Male,Adult,BDT070876,BSR013793,AVAQ54046,Hola,rvf,Irrigated,negative
412,56366,111.8,28,15,0,0,Goat,"Galla Goat, Cross",Female,Adult,BDT070875,BSR013807,AVAQ56366,Hola,rvf,Irrigated,negative
412,55944,111.8,28,15,0,0,Sheep,Black Head Persian,Female,Adult,BDT070871,BSR013778,AVAQ55944,Hola,brucella,Irrigated,positive
412,56412,111.8,28,15,0,0,Sheep,Black Head Persian,Female,Adult,BDT070872,BSR013782,AVAQ56412,Hola,qfever,Irrigated,positive
412,54349,111.8,28,15,0,0,Goat,"Galla Goat, Cross",Female,Adult,BDT070342,BSR014290,AVAQ54349,Hola,brucella,Irrigated,negative
412,55253,111.8,28,15,0,0,Sheep,Black Head Persian,Female,Adult,BDT070357,BSR013799,AVAQ55253,Hola,rvf,Irrigated,negative
412,57403,111.8,28,15,0,0,Sheep,Black Head Persian,Female,Adult,BDT070882,BSR013785,AVAQ57403,Hola,qfever,Irrigated,negative
412,57394,111.8,28,15,0,0,Goat,"Galla Goat, Cross",Female,Adult,BDT070333,BSR013795,AVAQ57394,Hola,qfever,Irrigated,negative
412,57403,111.8,28,15,0,0,Sheep,Black Head Persian,Female,Adult,BDT070882,BSR013785,AVAQ57403,Hola,rvf,Irrigated,negative
412,57381,111.8,28,15,0,0,Goat,"Galla Goat, Cross",Female,Adult,BDT070316,BSR013823,AVAQ57381,Hola,brucella,Irrigated,negative
412,55944,111.8,28,15,0,0,Sheep,Black Head Persian,Female,Adult,BDT070871,BSR013778,AVAQ55944,Hola,rvf,Irrigated,negative
412,57375,111.8,28,15,0,0,Goat,"Galla Goat, Cross",Male,Adult,BDT070879,BSR013812,AVAQ57375,Hola,qfever,Irrigated,positive
412,57293,111.8,28,15,0,0,Sheep,Black Head Persian,Female,Adult,BDT070889,BSR013779,AVAQ57293,Hola,rvf,Irrigated,negative
412,54046,111.8,28,15,0,0,Sheep,Black Head Persian,Male,Adult,BDT070876,BSR013793,AVAQ54046,Hola,brucella,Irrigated,negative
412,56513,111.8,28,15,0,0,Goat,"Galla Goat, Cross",Female,Adult,BDT070349,BSR014321,AVAQ56513,Hola,rvf,Irrigated,negative
412,57403,111.8,28,15,0,0,Sheep,Black Head Persian,Female,Adult,BDT070882,BSR013785,AVAQ57403,Hola,brucella,Irrigated,negative
412,57293,111.8,28,15,0,0,Sheep,Black Head Persian,Female,Adult,BDT070889,BSR013779,AVAQ57293,Hola,brucella,Irrigated,negative
412,55541,111.8,28,15,0,0,Goat,"Galla Goat, Cross",Female,Adult,BDT070262,BSR013790,AVAQ55541,Hola,brucella,Irrigated,negative
412,55326,111.8,28,15,0,0,Goat,"Galla Goat, Cross",Female,Adult,BDT070885,BSR013775,AVAQ55326,Hola,brucella,Irrigated,negative
412,54349,111.8,28,15,0,0,Goat,"Galla Goat, Cross",Female,Adult,BDT070342,BSR014290,AVAQ54349,Hola,qfever,Irrigated,negative
412,56400,111.8,28,15,0,0,Sheep,Black Head Persian,Female,Adult,BDT070877,BSR013801,AVAQ56400,Hola,rvf,Irrigated,negative
412,56434,111.8,28,15,0,0,Sheep,Black Head Persian,Male,Adult,BDT070353,BSR013797,AVAQ56434,Hola,qfever,Irrigated,negative
412,57381,111.8,28,15,0,0,Goat,"Galla Goat, Cross",Female,Adult,BDT070316,BSR013823,AVAQ57381,Hola,qfever,Irrigated,negative
412,56434,111.8,28,15,0,0,Sheep,Black Head Persian,Male,Adult,BDT070353,BSR013797,AVAQ56434,Hola,brucella,Irrigated,negative
412,55253,111.8,28,15,0,0,Sheep,Black Head Persian,Female,Adult,BDT070357,BSR013799,AVAQ55253,Hola,brucella,Irrigated,negative
412,57375,111.8,28,15,0,0,Goat,"Galla Goat, Cross",Male,Adult,BDT070879,BSR013812,AVAQ57375,Hola,brucella,Irrigated,negative
412,56439,111.8,28,15,0,0,Sheep,Black Head Persian,Female,Weaner,BDT070880,BSR013787,AVAQ56439,Hola,qfever,Irrigated,negative
412,56400,111.8,28,15,0,0,Sheep,Black Head Persian,Female,Adult,BDT070877,BSR013801,AVAQ56400,Hola,qfever,Irrigated,negative
412,55253,111.8,28,15,0,0,Sheep,Black Head Persian,Female,Adult,BDT070357,BSR013799,AVAQ55253,Hola,qfever,Irrigated,negative
412,57381,111.8,28,15,0,0,Goat,"Galla Goat, Cross",Female,Adult,BDT070316,BSR013823,AVAQ57381,Hola,rvf,Irrigated,negative
412,55228,111.8,28,15,0,0,Goat,"Galla Goat, Cross",Female,Adult,BDT070354,BSR013808,AVAQ55228,Hola,qfever,Irrigated,positive
412,56400,111.8,28,15,0,0,Sheep,Black Head Persian,Female,Adult,BDT070877,BSR013801,AVAQ56400,Hola,brucella,Irrigated,negative
412,54349,111.8,28,15,0,0,Goat,"Galla Goat, Cross",Female,Adult,BDT070342,BSR014290,AVAQ54349,Hola,rvf,Irrigated,negative
412,56439,111.8,28,15,0,0,Sheep,Black Head Persian,Female,Weaner,BDT070880,BSR013787,AVAQ56439,Hola,brucella,Irrigated,negative
412,55228,111.8,28,15,0,0,Goat,"Galla Goat, Cross",Female,Adult,BDT070354,BSR013808,AVAQ55228,Hola,rvf,Irrigated,negative
412,55944,111.8,28,15,0,0,Sheep,Black Head Persian,Female,Adult,BDT070871,BSR013778,AVAQ55944,Hola,qfever,Irrigated,positive
412,56513,111.8,28,15,0,0,Goat,"Galla Goat, Cross",Female,Adult,BDT070349,BSR014321,AVAQ56513,Hola,brucella,Irrigated,negative
412,55036,111.8,28,15,0,0,Goat,"Galla Goat, Cross",Male,Adult,BDT070358,BSR013802,AVAQ55036,Hola,rvf,Irrigated,negative
412,57324,111.8,28,15,0,0,Sheep,Black Head Persian,Female,Weaner,BDT070352,BSR013776,AVAQ57324,Hola,qfever,Irrigated,negative
412,56412,111.8,28,15,0,0,Sheep,Black Head Persian,Female,Adult,BDT070872,BSR013782,AVAQ56412,Hola,brucella,Irrigated,negative
412,57394,111.8,28,15,0,0,Goat,"Galla Goat, Cross",Female,Adult,BDT070333,BSR013795,AVAQ57394,Hola,brucella,Irrigated,negative
412,55541,111.8,28,15,0,0,Goat,"Galla Goat, Cross",Female,Adult,BDT070262,BSR013790,AVAQ55541,Hola,rvf,Irrigated,negative
412,56439,111.8,28,15,0,0,Sheep,Black Head Persian,Female,Weaner,BDT070880,BSR013787,AVAQ56439,Hola,rvf,Irrigated,negative
412,56434,111.8,28,15,0,0,Sheep,Black Head Persian,Male,Adult,BDT070353,BSR013797,AVAQ56434,Hola,rvf,Irrigated,negative
412,56412,111.8,28,15,0,0,Sheep,Black Head Persian,Female,Adult,BDT070872,BSR013782,AVAQ56412,Hola,rvf,Irrigated,negative
412,55036,111.8,28,15,0,0,Goat,"Galla Goat, Cross",Male,Adult,BDT070358,BSR013802,AVAQ55036,Hola,brucella,Irrigated,positive
412,55326,111.8,28,15,0,0,Goat,"Galla Goat, Cross",Female,Adult,BDT070885,BSR013775,AVAQ55326,Hola,qfever,Irrigated,negative
412,56366,111.8,28,15,0,0,Goat,"Galla Goat, Cross",Female,Adult,BDT070875,BSR013807,AVAQ56366,Hola,brucella,Irrigated,positive
412,57293,111.8,28,15,0,0,Sheep,Black Head Persian,Female,Adult,BDT070889,BSR013779,AVAQ57293,Hola,qfever,Irrigated,negative
412,57394,111.8,28,15,0,0,Goat,"Galla Goat, Cross",Female,Adult,BDT070333,BSR013795,AVAQ57394,Hola,rvf,Irrigated,negative
412,55036,111.8,28,15,0,0,Goat,"Galla Goat, Cross",Male,Adult,BDT070358,BSR013802,AVAQ55036,Hola,qfever,Irrigated,positive
412,57324,111.8,28,15,0,0,Sheep,Black Head Persian,Female,Weaner,BDT070352,BSR013776,AVAQ57324,Hola,brucella,Irrigated,negative
412,55326,111.8,28,15,0,0,Goat,"Galla Goat, Cross",Female,Adult,BDT070885,BSR013775,AVAQ55326,Hola,rvf,Irrigated,negative
412,57375,111.8,28,15,0,0,Goat,"Galla Goat, Cross",Male,Adult,BDT070879,BSR013812,AVAQ57375,Hola,rvf,Irrigated,negative
412,54046,111.8,28,15,0,0,Sheep,Black Head Persian,Male,Adult,BDT070876,BSR013793,AVAQ54046,Hola,qfever,Irrigated,negative
412,55541,111.8,28,15,0,0,Goat,"Galla Goat, Cross",Female,Adult,BDT070262,BSR013790,AVAQ55541,Hola,qfever,Irrigated,negative
426,55502,111,10,0,0,0,Goat,"Galla Goat, Cross",Female,Adult,BDT070881,BSR013788,AVAQ55502,Hola,qfever,Irrigated,negative
426,54181,111,10,0,0,0,Goat,"Galla Goat, Cross",Female,Adult,BDT070891,BSR014312,AVAQ54181,Hola,brucella,Irrigated,negative
426,54556,111,10,0,0,0,Goat,"Galla Goat, Cross",Female,Adult,BDT070355,BSR013798,AVAQ54556,Hola,rvf,Irrigated,negative
426,54556,111,10,0,0,0,Goat,"Galla Goat, Cross",Female,Adult,BDT070355,BSR013798,AVAQ54556,Hola,qfever,Irrigated,negative
426,55502,111,10,0,0,0,Goat,"Galla Goat, Cross",Female,Adult,BDT070881,BSR013788,AVAQ55502,Hola,rvf,Irrigated,negative
426,54381,111,10,0,0,0,Goat,"Galla Goat, Cross",Female,Adult,BDT070350,BSR013792,AVAQ54381,Hola,rvf,Irrigated,negative
426,54370,111,10,0,0,0,Goat,"Galla Goat, Cross",Female,Adult,BDT070887,BSR014307,AVAQ54370,Hola,rvf,Irrigated,negative
426,54370,111,10,0,0,0,Goat,"Galla Goat, Cross",Female,Adult,BDT070887,BSR014307,AVAQ54370,Hola,brucella,Irrigated,negative
426,54370,111,10,0,0,0,Goat,"Galla Goat, Cross",Female,Adult,BDT070887,BSR014307,AVAQ54370,Hola,qfever,Irrigated,negative
426,54181,111,10,0,0,0,Goat,"Galla Goat, Cross",Female,Adult,BDT070891,BSR014312,AVAQ54181,Hola,rvf,Irrigated,negative
426,54181,111,10,0,0,0,Goat,"Galla Goat, Cross",Female,Adult,BDT070891,BSR014312,AVAQ54181,Hola,qfever,Irrigated,negative
426,55502,111,10,0,0,0,Goat,"Galla Goat, Cross",Female,Adult,BDT070881,BSR013788,AVAQ55502,Hola,brucella,Irrigated,negative
426,54556,111,10,0,0,0,Goat,"Galla Goat, Cross",Female,Adult,BDT070355,BSR013798,AVAQ54556,Hola,brucella,Irrigated,negative
426,54381,111,10,0,0,0,Goat,"Galla Goat, Cross",Female,Adult,BDT070350,BSR013792,AVAQ54381,Hola,brucella,Irrigated,negative
494,56567,110.3,6,0,0,0,Goat,"Galla Goat, Cross",Female,Adult,BDT070932,BSR014554,AVAQ56567,Hola,brucella,Irrigated,negative
494,57786,110.3,6,0,0,0,Goat,"Galla Goat, Cross",Female,Adult,BDT070923,BSR014556,AVAQ57786,Hola,rvf,Irrigated,negative
494,57192,110.3,6,0,0,0,Goat,"Galla Goat, Cross",Male,Weaner,BDT070918,BSR014534,AVAQ57192,Hola,rvf,Irrigated,negative
494,57192,110.3,6,0,0,0,Goat,"Galla Goat, Cross",Male,Weaner,BDT070918,BSR014534,AVAQ57192,Hola,brucella,Irrigated,negative
494,56567,110.3,6,0,0,0,Goat,"Galla Goat, Cross",Female,Adult,BDT070932,BSR014554,AVAQ56567,Hola,rvf,Irrigated,positive
494,57786,110.3,6,0,0,0,Goat,"Galla Goat, Cross",Female,Adult,BDT070923,BSR014556,AVAQ57786,Hola,brucella,Irrigated,negative
494,57786,110.3,6,0,0,0,Goat,"Galla Goat, Cross",Female,Adult,BDT070923,BSR014556,AVAQ57786,Hola,qfever,Irrigated,negative
494,57192,110.3,6,0,0,0,Goat,"Galla Goat, Cross",Male,Weaner,BDT070918,BSR014534,AVAQ57192,Hola,qfever,Irrigated,negative
494,56567,110.3,6,0,0,0,Goat,"Galla Goat, Cross",Female,Adult,BDT070932,BSR014554,AVAQ56567,Hola,qfever,Irrigated,negative
495,54155,107.8,28,70,4,0,Goat,"Galla Goat, Cross",Female,Adult,BDT070959,BSR013955,AVAQ54155,Hola,rvf,Irrigated,negative
495,55596,107.8,28,70,4,0,Goat,"Galla Goat, Cross",Female,Adult,BDT071330,BSR014194,AVAQ55596,Hola,qfever,Irrigated,negative
495,54165,107.8,28,70,4,0,Sheep,Black Head Persian,Female,Adult,BDT071342,BSR014180,AVAQ54165,Hola,brucella,Irrigated,negative
495,55596,107.8,28,70,4,0,Goat,"Galla Goat, Cross",Female,Adult,BDT071330,BSR014194,AVAQ55596,Hola,brucella,Irrigated,negative
495,56152,107.8,28,70,4,0,Goat,"Galla Goat, Cross",Female,Adult,BDT071332,BSR014200,AVAQ56152,Hola,brucella,Irrigated,negative
495,53940,107.8,28,70,4,0,Sheep,Black Head Persian,Female,Adult,BDT071355,BSR014179,AVAQ53940,Hola,rvf,Irrigated,negative
495,55394,107.8,28,70,4,0,Sheep,Black Head Persian,Male,Adult,BDT071354,BSR014187,AVAQ55394,Hola,brucella,Irrigated,negative
495,54165,107.8,28,70,4,0,Sheep,Black Head Persian,Female,Adult,BDT071342,BSR014180,AVAQ54165,Hola,qfever,Irrigated,negative
495,55596,107.8,28,70,4,0,Goat,"Galla Goat, Cross",Female,Adult,BDT071330,BSR014194,AVAQ55596,Hola,rvf,Irrigated,positive
495,56406,107.8,28,70,4,0,Sheep,Black Head Persian,Female,Adult,BDT071340,BSR014185,AVAQ56406,Hola,rvf,Irrigated,positive
495,55336,107.8,28,70,4,0,Sheep,Black Head Persian,Female,Adult,BDT071341,BSR014188,AVAQ55336,Hola,brucella,Irrigated,negative
495,55323,107.8,28,70,4,0,Sheep,Black Head Persian,Female,Adult,BDT071329,BSR014212,AVAQ55323,Hola,rvf,Irrigated,negative
495,56360,107.8,28,70,4,0,Sheep,Black Head Persian,Male,Weaner,BDT071333,BSR014205,AVAQ56360,Hola,rvf,Irrigated,negative
495,57383,107.8,28,70,4,0,Sheep,Black Head Persian,Female,Adult,BDT071331,BSR014193,AVAQ57383,Hola,rvf,Irrigated,negative
495,54153,107.8,28,70,4,0,Sheep,Black Head Persian,Female,Adult,BDT071343,BSR014210,AVAQ54153,Hola,qfever,Irrigated,negative
495,53940,107.8,28,70,4,0,Sheep,Black Head Persian,Female,Adult,BDT071355,BSR014179,AVAQ53940,Hola,brucella,Irrigated,negative
495,56406,107.8,28,70,4,0,Sheep,Black Head Persian,Female,Adult,BDT071340,BSR014185,AVAQ56406,Hola,brucella,Irrigated,negative
495,56691,107.8,28,70,4,0,Goat,"Galla Goat, Cross",Female,Adult,BDT070962,BSR013973,AVAQ56691,Hola,rvf,Irrigated,negative
495,53945,107.8,28,70,4,0,Goat,"Galla Goat, Cross",Female,Adult,BDT071350,BSR014183,AVAQ53945,Hola,brucella,Irrigated,negative
495,56152,107.8,28,70,4,0,Goat,"Galla Goat, Cross",Female,Adult,BDT071332,BSR014200,AVAQ56152,Hola,rvf,Irrigated,positive
495,57356,107.8,28,70,4,0,Goat,"Galla Goat, Cross",Male,Adult,BDT071334,BSR014189,AVAQ57356,Hola,rvf,Irrigated,negative
495,55323,107.8,28,70,4,0,Sheep,Black Head Persian,Female,Adult,BDT071329,BSR014212,AVAQ55323,Hola,brucella,Irrigated,negative
495,57383,107.8,28,70,4,0,Sheep,Black Head Persian,Female,Adult,BDT071331,BSR014193,AVAQ57383,Hola,brucella,Irrigated,negative
495,56360,107.8,28,70,4,0,Sheep,Black Head Persian,Male,Weaner,BDT071333,BSR014205,AVAQ56360,Hola,qfever,Irrigated,negative
495,55394,107.8,28,70,4,0,Sheep,Black Head Persian,Male,Adult,BDT071354,BSR014187,AVAQ55394,Hola,rvf,Irrigated,positive
495,56374,107.8,28,70,4,0,Sheep,Black Head Persian,Female,Adult,BDT071345,BSR014182,AVAQ56374,Hola,qfever,Irrigated,negative
495,53940,107.8,28,70,4,0,Sheep,Black Head Persian,Female,Adult,BDT071355,BSR014179,AVAQ53940,Hola,qfever,Irrigated,negative
495,54354,107.8,28,70,4,0,Goat,"Galla Goat, Cross",Female,Weaner,BDT071335,BSR014178,AVAQ54354,Hola,rvf,Irrigated,negative
495,57374,107.8,28,70,4,0,Sheep,Black Head Persian,Female,Adult,BDT070965,BSR014195,AVAQ57374,Hola,qfever,Irrigated,negative
495,56691,107.8,28,70,4,0,Goat,"Galla Goat, Cross",Female,Adult,BDT070962,BSR013973,AVAQ56691,Hola,brucella,Irrigated,negative
495,55323,107.8,28,70,4,0,Sheep,Black Head Persian,Female,Adult,BDT071329,BSR014212,AVAQ55323,Hola,qfever,Irrigated,negative
495,56691,107.8,28,70,4,0,Goat,"Galla Goat, Cross",Female,Adult,BDT070962,BSR013973,AVAQ56691,Hola,qfever,Irrigated,negative
495,54354,107.8,28,70,4,0,Goat,"Galla Goat, Cross",Female,Weaner,BDT071335,BSR014178,AVAQ54354,Hola,brucella,Irrigated,negative
495,53945,107.8,28,70,4,0,Goat,"Galla Goat, Cross",Female,Adult,BDT071350,BSR014183,AVAQ53945,Hola,rvf,Irrigated,negative
495,57374,107.8,28,70,4,0,Sheep,Black Head Persian,Female,Adult,BDT070965,BSR014195,AVAQ57374,Hola,rvf,Irrigated,positive
495,56360,107.8,28,70,4,0,Sheep,Black Head Persian,Male,Weaner,BDT071333,BSR014205,AVAQ56360,Hola,brucella,Irrigated,negative
495,55357,107.8,28,70,4,0,Goat,"Galla Goat, Cross",Female,Adult,BDT071336,BSR014184,AVAQ55357,Hola,brucella,Irrigated,negative
495,57374,107.8,28,70,4,0,Sheep,Black Head Persian,Female,Adult,BDT070965,BSR014195,AVAQ57374,Hola,brucella,Irrigated,negative
495,55495,107.8,28,70,4,0,Sheep,Black Head Persian,Male,Weaner,BDT070961,BSR014190,AVAQ55495,Hola,qfever,Irrigated,negative
495,57285,107.8,28,70,4,0,Goat,"Galla Goat, Cross",Female,Adult,BDT071344,BSR014207,AVAQ57285,Hola,rvf,Irrigated,positive
495,57285,107.8,28,70,4,0,Goat,"Galla Goat, Cross",Female,Adult,BDT071344,BSR014207,AVAQ57285,Hola,qfever,Irrigated,negative
495,55394,107.8,28,70,4,0,Sheep,Black Head Persian,Male,Adult,BDT071354,BSR014187,AVAQ55394,Hola,qfever,Irrigated,negative
495,57356,107.8,28,70,4,0,Goat,"Galla Goat, Cross",Male,Adult,BDT071334,BSR014189,AVAQ57356,Hola,qfever,Irrigated,negative
495,54165,107.8,28,70,4,0,Sheep,Black Head Persian,Female,Adult,BDT071342,BSR014180,AVAQ54165,Hola,rvf,Irrigated,negative
495,55495,107.8,28,70,4,0,Sheep,Black Head Persian,Male,Weaner,BDT070961,BSR014190,AVAQ55495,Hola,brucella,Irrigated,negative
495,55336,107.8,28,70,4,0,Sheep,Black Head Persian,Female,Adult,BDT071341,BSR014188,AVAQ55336,Hola,rvf,Irrigated,negative
495,56374,107.8,28,70,4,0,Sheep,Black Head Persian,Female,Adult,BDT071345,BSR014182,AVAQ56374,Hola,brucella,Irrigated,negative
495,55336,107.8,28,70,4,0,Sheep,Black Head Persian,Female,Adult,BDT071341,BSR014188,AVAQ55336,Hola,qfever,Irrigated,negative
495,55357,107.8,28,70,4,0,Goat,"Galla Goat, Cross",Female,Adult,BDT071336,BSR014184,AVAQ55357,Hola,rvf,Irrigated,positive
495,56374,107.8,28,70,4,0,Sheep,Black Head Persian,Female,Adult,BDT071345,BSR014182,AVAQ56374,Hola,rvf,Irrigated,negative
495,54153,107.8,28,70,4,0,Sheep,Black Head Persian,Female,Adult,BDT071343,BSR014210,AVAQ54153,Hola,rvf,Irrigated,negative
495,57383,107.8,28,70,4,0,Sheep,Black Head Persian,Female,Adult,BDT071331,BSR014193,AVAQ57383,Hola,qfever,Irrigated,negative
495,54155,107.8,28,70,4,0,Goat,"Galla Goat, Cross",Female,Adult,BDT070959,BSR013955,AVAQ54155,Hola,qfever,Irrigated,negative
495,56406,107.8,28,70,4,0,Sheep,Black Head Persian,Female,Adult,BDT071340,BSR014185,AVAQ56406,Hola,qfever,Irrigated,negative
495,54153,107.8,28,70,4,0,Sheep,Black Head Persian,Female,Adult,BDT071343,BSR014210,AVAQ54153,Hola,brucella,Irrigated,positive
495,54354,107.8,28,70,4,0,Goat,"Galla Goat, Cross",Female,Weaner,BDT071335,BSR014178,AVAQ54354,Hola,qfever,Irrigated,negative
495,55495,107.8,28,70,4,0,Sheep,Black Head Persian,Male,Weaner,BDT070961,BSR014190,AVAQ55495,Hola,rvf,Irrigated,negative
495,56152,107.8,28,70,4,0,Goat,"Galla Goat, Cross",Female,Adult,BDT071332,BSR014200,AVAQ56152,Hola,qfever,Irrigated,negative
495,53945,107.8,28,70,4,0,Goat,"Galla Goat, Cross",Female,Adult,BDT071350,BSR014183,AVAQ53945,Hola,qfever,Irrigated,negative
495,54155,107.8,28,70,4,0,Goat,"Galla Goat, Cross",Female,Adult,BDT070959,BSR013955,AVAQ54155,Hola,brucella,Irrigated,negative
495,55357,107.8,28,70,4,0,Goat,"Galla Goat, Cross",Female,Adult,BDT071336,BSR014184,AVAQ55357,Hola,qfever,Irrigated,negative
495,57356,107.8,28,70,4,0,Goat,"Galla Goat, Cross",Male,Adult,BDT071334,BSR014189,AVAQ57356,Hola,brucella,Irrigated,negative
495,57285,107.8,28,70,4,0,Goat,"Galla Goat, Cross",Female,Adult,BDT071344,BSR014207,AVAQ57285,Hola,brucella,Irrigated,negative
500,58034,107.7,10,10,0,0,Sheep,Black Head Persian,Male,Adult,BDT071312,BSR014496,AVAQ58034,Hola,qfever,Irrigated,negative
500,57580,107.7,10,10,0,0,Sheep,Black Head Persian,Female,Adult,BDT071319,BSR014507,AVAQ57580,Hola,rvf,Irrigated,positive
500,57853,107.7,10,10,0,0,Goat,"Galla Goat, Cross",Female,Adult,BDT070913,BSR014512,AVAQ57853,Hola,rvf,Irrigated,positive
500,55223,107.7,10,10,0,0,Sheep,Black Head Persian,Male,Adult,BDT071349,BSR014527,AVAQ55223,Hola,rvf,Irrigated,negative
500,56199,107.7,10,10,0,0,Goat,"Galla Goat, Cross",Female,Adult,BDT070782,BSR014489,AVAQ56199,Hola,qfever,Irrigated,negative
500,57577,107.7,10,10,0,0,Goat,"Galla Goat, Cross",Female,Adult,BDT071327,BSR014481,AVAQ57577,Hola,brucella,Irrigated,negative
500,57291,107.7,10,10,0,0,Sheep,Black Head Persian,Female,Weaner,BDT071351,BSR014503,AVAQ57291,Hola,rvf,Irrigated,negative
500,57475,107.7,10,10,0,0,Sheep,Black Head Persian,Female,Adult,BDT071338,BSR014498,AVAQ57475,Hola,rvf,Irrigated,negative
500,56199,107.7,10,10,0,0,Goat,"Galla Goat, Cross",Female,Adult,BDT070782,BSR014489,AVAQ56199,Hola,rvf,Irrigated,positive
500,57577,107.7,10,10,0,0,Goat,"Galla Goat, Cross",Female,Adult,BDT071327,BSR014481,AVAQ57577,Hola,qfever,Irrigated,negative
500,57580,107.7,10,10,0,0,Sheep,Black Head Persian,Female,Adult,BDT071319,BSR014507,AVAQ57580,Hola,brucella,Irrigated,negative
500,56353,107.7,10,10,0,0,Goat,"Galla Goat, Cross",Female,Adult,BDT071311,BSR014504,AVAQ56353,Hola,qfever,Irrigated,positive
500,57853,107.7,10,10,0,0,Goat,"Galla Goat, Cross",Female,Adult,BDT070913,BSR014512,AVAQ57853,Hola,qfever,Irrigated,negative
500,57577,107.7,10,10,0,0,Goat,"Galla Goat, Cross",Female,Adult,BDT071327,BSR014481,AVAQ57577,Hola,rvf,Irrigated,negative
500,57475,107.7,10,10,0,0,Sheep,Black Head Persian,Female,Adult,BDT071338,BSR014498,AVAQ57475,Hola,qfever,Irrigated,positive
500,56563,107.7,10,10,0,0,Goat,"Galla Goat, Cross",Male,Adult,BDT070980,BSR014478,AVAQ56563,Hola,rvf,Irrigated,negative
500,55223,107.7,10,10,0,0,Sheep,Black Head Persian,Male,Adult,BDT071349,BSR014527,AVAQ55223,Hola,brucella,Irrigated,negative
500,55223,107.7,10,10,0,0,Sheep,Black Head Persian,Male,Adult,BDT071349,BSR014527,AVAQ55223,Hola,qfever,Irrigated,negative
500,57580,107.7,10,10,0,0,Sheep,Black Head Persian,Female,Adult,BDT071319,BSR014507,AVAQ57580,Hola,qfever,Irrigated,negative
500,55516,107.7,10,10,0,0,Sheep,Somali Sheep,Female,Weaner,BDT071352,BSR014508,AVAQ55516,Hola,rvf,Irrigated,negative
500,56380,107.7,10,10,0,0,Sheep,Black Head Persian,Female,Adult,BDT070808,BSR014509,AVAQ56380,Hola,qfever,Irrigated,negative
500,55516,107.7,10,10,0,0,Sheep,Somali Sheep,Female,Weaner,BDT071352,BSR014508,AVAQ55516,Hola,brucella,Irrigated,negative
500,56563,107.7,10,10,0,0,Goat,"Galla Goat, Cross",Male,Adult,BDT070980,BSR014478,AVAQ56563,Hola,brucella,Irrigated,negative
500,57291,107.7,10,10,0,0,Sheep,Black Head Persian,Female,Weaner,BDT071351,BSR014503,AVAQ57291,Hola,brucella,Irrigated,negative
500,55499,107.7,10,10,0,0,Sheep,Black Head Persian,Female,Adult,BDT071339,BSR014487,AVAQ55499,Hola,brucella,Irrigated,negative
500,56563,107.7,10,10,0,0,Goat,"Galla Goat, Cross",Male,Adult,BDT070980,BSR014478,AVAQ56563,Hola,qfever,Irrigated,negative
500,55516,107.7,10,10,0,0,Sheep,Somali Sheep,Female,Weaner,BDT071352,BSR014508,AVAQ55516,Hola,qfever,Irrigated,negative
500,55499,107.7,10,10,0,0,Sheep,Black Head Persian,Female,Adult,BDT071339,BSR014487,AVAQ55499,Hola,qfever,Irrigated,positive
500,54632,107.7,10,10,0,0,Sheep,Black Head Persian,Female,Adult,BDT071326,BSR014532,AVAQ54632,Hola,qfever,Irrigated,negative
500,57475,107.7,10,10,0,0,Sheep,Black Head Persian,Female,Adult,BDT071338,BSR014498,AVAQ57475,Hola,brucella,Irrigated,negative
500,54632,107.7,10,10,0,0,Sheep,Black Head Persian,Female,Adult,BDT071326,BSR014532,AVAQ54632,Hola,brucella,Irrigated,negative
500,56380,107.7,10,10,0,0,Sheep,Black Head Persian,Female,Adult,BDT070808,BSR014509,AVAQ56380,Hola,brucella,Irrigated,negative
500,56353,107.7,10,10,0,0,Goat,"Galla Goat, Cross",Female,Adult,BDT071311,BSR014504,AVAQ56353,Hola,brucella,Irrigated,negative
500,54632,107.7,10,10,0,0,Sheep,Black Head Persian,Female,Adult,BDT071326,BSR014532,AVAQ54632,Hola,rvf,Irrigated,negative
500,56199,107.7,10,10,0,0,Goat,"Galla Goat, Cross",Female,Adult,BDT070782,BSR014489,AVAQ56199,Hola,brucella,Irrigated,negative
500,56353,107.7,10,10,0,0,Goat,"Galla Goat, Cross",Female,Adult,BDT071311,BSR014504,AVAQ56353,Hola,rvf,Irrigated,positive
500,58034,107.7,10,10,0,0,Sheep,Black Head Persian,Male,Adult,BDT071312,BSR014496,AVAQ58034,Hola,brucella,Irrigated,negative
500,57853,107.7,10,10,0,0,Goat,"Galla Goat, Cross",Female,Adult,BDT070913,BSR014512,AVAQ57853,Hola,brucella,Irrigated,negative
500,56380,107.7,10,10,0,0,Sheep,Black Head Persian,Female,Adult,BDT070808,BSR014509,AVAQ56380,Hola,rvf,Irrigated,positive
500,57291,107.7,10,10,0,0,Sheep,Black Head Persian,Female,Weaner,BDT071351,BSR014503,AVAQ57291,Hola,qfever,Irrigated,negative
500,58034,107.7,10,10,0,0,Sheep,Black Head Persian,Male,Adult,BDT071312,BSR014496,AVAQ58034,Hola,rvf,Irrigated,negative
500,55499,107.7,10,10,0,0,Sheep,Black Head Persian,Female,Adult,BDT071339,BSR014487,AVAQ55499,Hola,rvf,Irrigated,negative
509,57472,109.4,12,5,23,0,Cattle,Orma Boran,Female,Adult,BDT070927,BSR014563,AVAQ57472,Hola,qfever,Irrigated,negative
509,57491,109.4,12,5,23,0,Goat,"Galla Goat, Cross",Female,Adult,BDT070922,BSR014573,AVAQ57491,Hola,qfever,Irrigated,negative
509,56541,109.4,12,5,23,0,Sheep,Black Head Persian,Male,Adult,BDT070921,BSR014543,AVAQ56541,Hola,brucella,Irrigated,positive
509,57078,109.4,12,5,23,0,Cattle,Orma Boran,Female,Adult,BDT070926,BSR014539,AVAQ57078,Hola,rvf,Irrigated,positive
509,57847,109.4,12,5,23,0,Cattle,Orma Boran,Male,Weaner,BDT070930,BSR014483,AVAQ57847,Hola,qfever,Irrigated,negative
509,57504,109.4,12,5,23,0,Cattle,Orma Boran,Female,Adult,BDT070925,BSR014497,AVAQ57504,Hola,qfever,Irrigated,negative
509,57570,109.4,12,5,23,0,Cattle,Orma Boran,Female,Adult,BDT070909,BSR014572,AVAQ57570,Hola,qfever,Irrigated,negative
509,56540,109.4,12,5,23,0,Cattle,Orma Boran,Male,Weaner,BDT070931,BSR014475,AVAQ56540,Hola,brucella,Irrigated,negative
509,57570,109.4,12,5,23,0,Cattle,Orma Boran,Female,Adult,BDT070909,BSR014572,AVAQ57570,Hola,rvf,Irrigated,positive
509,57849,109.4,12,5,23,0,Cattle,Orma Boran,Female,Weaner,BDT070936,BSR014477,AVAQ57849,Hola,qfever,Irrigated,negative
509,56541,109.4,12,5,23,0,Sheep,Black Head Persian,Male,Adult,BDT070921,BSR014543,AVAQ56541,Hola,rvf,Irrigated,negative
509,57504,109.4,12,5,23,0,Cattle,Orma Boran,Female,Adult,BDT070925,BSR014497,AVAQ57504,Hola,rvf,Irrigated,negative
509,57504,109.4,12,5,23,0,Cattle,Orma Boran,Female,Adult,BDT070925,BSR014497,AVAQ57504,Hola,brucella,Irrigated,negative
509,57472,109.4,12,5,23,0,Cattle,Orma Boran,Female,Adult,BDT070927,BSR014563,AVAQ57472,Hola,brucella,Irrigated,negative
509,57107,109.4,12,5,23,0,Goat,"Galla Goat, Cross",Female,Adult,BDT070929,BSR014540,AVAQ57107,Hola,brucella,Irrigated,negative
509,57639,109.4,12,5,23,0,Cattle,Orma Boran,Male,Adult,BDT070938,BSR014531,AVAQ57639,Hola,qfever,Irrigated,negative
509,58043,109.4,12,5,23,0,Cattle,Orma Boran,Female,Weaner,BDT070924,BSR014500,AVAQ58043,Hola,qfever,Irrigated,negative
509,57448,109.4,12,5,23,0,Cattle,Orma Boran,Female,Adult,BDT070763,BSR014518,AVAQ57448,Hola,brucella,Irrigated,negative
509,57639,109.4,12,5,23,0,Cattle,Orma Boran,Male,Adult,BDT070938,BSR014531,AVAQ57639,Hola,brucella,Irrigated,positive
509,57472,109.4,12,5,23,0,Cattle,Orma Boran,Female,Adult,BDT070927,BSR014563,AVAQ57472,Hola,rvf,Irrigated,negative
509,57476,109.4,12,5,23,0,Sheep,Black Head Persian,Female,Adult,BDT070986,BSR014524,AVAQ57476,Hola,qfever,Irrigated,negative
509,57849,109.4,12,5,23,0,Cattle,Orma Boran,Female,Weaner,BDT070936,BSR014477,AVAQ57849,Hola,rvf,Irrigated,negative
509,58043,109.4,12,5,23,0,Cattle,Orma Boran,Female,Weaner,BDT070924,BSR014500,AVAQ58043,Hola,rvf,Irrigated,negative
509,57568,109.4,12,5,23,0,Goat,"Galla Goat, Cross",Female,Adult,BDT070920,BSR014552,AVAQ57568,Hola,qfever,Irrigated,negative
509,57075,109.4,12,5,23,0,Goat,"Galla Goat, Cross",Female,Adult,BDT070934,BSR014511,AVAQ57075,Hola,brucella,Irrigated,negative
509,56540,109.4,12,5,23,0,Cattle,Orma Boran,Male,Weaner,BDT070931,BSR014475,AVAQ56540,Hola,qfever,Irrigated,negative
509,57075,109.4,12,5,23,0,Goat,"Galla Goat, Cross",Female,Adult,BDT070934,BSR014511,AVAQ57075,Hola,qfever,Irrigated,negative
509,56541,109.4,12,5,23,0,Sheep,Black Head Persian,Male,Adult,BDT070921,BSR014543,AVAQ56541,Hola,qfever,Irrigated,negative
509,57639,109.4,12,5,23,0,Cattle,Orma Boran,Male,Adult,BDT070938,BSR014531,AVAQ57639,Hola,rvf,Irrigated,negative
509,57849,109.4,12,5,23,0,Cattle,Orma Boran,Female,Weaner,BDT070936,BSR014477,AVAQ57849,Hola,brucella,Irrigated,negative
509,57815,109.4,12,5,23,0,Cattle,Orma Boran,Female,Adult,BDT070933,BSR014495,AVAQ57815,Hola,qfever,Irrigated,negative
509,57815,109.4,12,5,23,0,Cattle,Orma Boran,Female,Adult,BDT070933,BSR014495,AVAQ57815,Hola,brucella,Irrigated,negative
509,57491,109.4,12,5,23,0,Goat,"Galla Goat, Cross",Female,Adult,BDT070922,BSR014573,AVAQ57491,Hola,rvf,Irrigated,positive
509,57476,109.4,12,5,23,0,Sheep,Black Head Persian,Female,Adult,BDT070986,BSR014524,AVAQ57476,Hola,brucella,Irrigated,negative
509,57815,109.4,12,5,23,0,Cattle,Orma Boran,Female,Adult,BDT070933,BSR014495,AVAQ57815,Hola,rvf,Irrigated,negative
509,57568,109.4,12,5,23,0,Goat,"Galla Goat, Cross",Female,Adult,BDT070920,BSR014552,AVAQ57568,Hola,rvf,Irrigated,positive
509,57107,109.4,12,5,23,0,Goat,"Galla Goat, Cross",Female,Adult,BDT070929,BSR014540,AVAQ57107,Hola,qfever,Irrigated,negative
509,57107,109.4,12,5,23,0,Goat,"Galla Goat, Cross",Female,Adult,BDT070929,BSR014540,AVAQ57107,Hola,rvf,Irrigated,positive
509,56860,109.4,12,5,23,0,Cattle,Orma Boran,Female,Weaner,BDT070937,BSR014488,AVAQ56860,Hola,qfever,Irrigated,negative
509,57559,109.4,12,5,23,0,Cattle,Orma Boran,Female,Adult,BDT070928,BSR014479,AVAQ57559,Hola,qfever,Irrigated,negative
509,56540,109.4,12,5,23,0,Cattle,Orma Boran,Male,Weaner,BDT070931,BSR014475,AVAQ56540,Hola,rvf,Irrigated,negative
509,57847,109.4,12,5,23,0,Cattle,Orma Boran,Male,Weaner,BDT070930,BSR014483,AVAQ57847,Hola,brucella,Irrigated,negative
509,58043,109.4,12,5,23,0,Cattle,Orma Boran,Female,Weaner,BDT070924,BSR014500,AVAQ58043,Hola,brucella,Irrigated,negative
509,57491,109.4,12,5,23,0,Goat,"Galla Goat, Cross",Female,Adult,BDT070922,BSR014573,AVAQ57491,Hola,brucella,Irrigated,negative
509,57559,109.4,12,5,23,0,Cattle,Orma Boran,Female,Adult,BDT070928,BSR014479,AVAQ57559,Hola,rvf,Irrigated,negative
509,57476,109.4,12,5,23,0,Sheep,Black Head Persian,Female,Adult,BDT070986,BSR014524,AVAQ57476,Hola,rvf,Irrigated,negative
509,57448,109.4,12,5,23,0,Cattle,Orma Boran,Female,Adult,BDT070763,BSR014518,AVAQ57448,Hola,rvf,Irrigated,negative
509,56860,109.4,12,5,23,0,Cattle,Orma Boran,Female,Weaner,BDT070937,BSR014488,AVAQ56860,Hola,brucella,Irrigated,negative
509,57568,109.4,12,5,23,0,Goat,"Galla Goat, Cross",Female,Adult,BDT070920,BSR014552,AVAQ57568,Hola,brucella,Irrigated,negative
509,57075,109.4,12,5,23,0,Goat,"Galla Goat, Cross",Female,Adult,BDT070934,BSR014511,AVAQ57075,Hola,rvf,Irrigated,negative
509,57570,109.4,12,5,23,0,Cattle,Orma Boran,Female,Adult,BDT070909,BSR014572,AVAQ57570,Hola,brucella,Irrigated,negative
509,57448,109.4,12,5,23,0,Cattle,Orma Boran,Female,Adult,BDT070763,BSR014518,AVAQ57448,Hola,qfever,Irrigated,negative
509,57078,109.4,12,5,23,0,Cattle,Orma Boran,Female,Adult,BDT070926,BSR014539,AVAQ57078,Hola,brucella,Irrigated,positive
509,57847,109.4,12,5,23,0,Cattle,Orma Boran,Male,Weaner,BDT070930,BSR014483,AVAQ57847,Hola,rvf,Irrigated,negative
509,56860,109.4,12,5,23,0,Cattle,Orma Boran,Female,Weaner,BDT070937,BSR014488,AVAQ56860,Hola,rvf,Irrigated,negative
509,57559,109.4,12,5,23,0,Cattle,Orma Boran,Female,Adult,BDT070928,BSR014479,AVAQ57559,Hola,brucella,Irrigated,negative
512,54242,105.5,,,,,Sheep,Black Head Persian,Female,Adult,BDT070989,BSR014020,AVAQ54242,Hola,rvf,Irrigated,negative
512,55776,105.8,,,,,Goat,"Galla Goat, Cross",Female,Adult,BDT071358,BSR014175,AVAQ55776,Hola,qfever,Irrigated,negative
512,54404,105.7,,,,,Sheep,Black Head Persian,Female,Adult,BDT071357,BSR014221,AVAQ54404,Hola,rvf,Irrigated,positive
512,54345,107.6,,,,,Goat,"Galla Goat, Cross",Female,Adult,BDT071324,BSR014192,AVAQ54345,Hola,rvf,Irrigated,negative
512,55776,105.8,,,,,Goat,"Galla Goat, Cross",Female,Adult,BDT071358,BSR014175,AVAQ55776,Hola,rvf,Irrigated,negative
512,54242,105.5,,,,,Sheep,Black Head Persian,Female,Adult,BDT070989,BSR014020,AVAQ54242,Hola,brucella,Irrigated,negative
512,54345,107.6,,,,,Goat,"Galla Goat, Cross",Female,Adult,BDT071324,BSR014192,AVAQ54345,Hola,qfever,Irrigated,negative
512,54404,105.7,,,,,Sheep,Black Head Persian,Female,Adult,BDT071357,BSR014221,AVAQ54404,Hola,brucella,Irrigated,negative
512,55776,105.8,,,,,Goat,"Galla Goat, Cross",Female,Adult,BDT071358,BSR014175,AVAQ55776,Hola,brucella,Irrigated,negative
512,57307,107.7,,,,,Goat,"Galla Goat, Cross",Female,Adult,BDT071347,BSR014176,AVAQ57307,Hola,qfever,Irrigated,positive
512,54242,105.5,,,,,Sheep,Black Head Persian,Female,Adult,BDT070989,BSR014020,AVAQ54242,Hola,qfever,Irrigated,negative
512,56396,105.7,,,,,Sheep,Black Head Persian,Female,Adult,BDT070988,BSR014201,AVAQ56396,Hola,brucella,Irrigated,negative
512,56343,105.5,,,,,Sheep,Black Head Persian,Female,Adult,BDT071353,BSR014220,AVAQ56343,Hola,qfever,Irrigated,negative
512,56343,105.5,,,,,Sheep,Black Head Persian,Female,Adult,BDT071353,BSR014220,AVAQ56343,Hola,rvf,Irrigated,negative
512,56363,105.5,,,,,Sheep,Black Head Persian,Female,Adult,BDT071337,BSR014196,AVAQ56363,Hola,qfever,Irrigated,negative
512,56396,105.7,,,,,Sheep,Black Head Persian,Female,Adult,BDT070988,BSR014201,AVAQ56396,Hola,qfever,Irrigated,negative
512,56429,105.6,,,,,Sheep,Black Head Persian,Female,Adult,BDT071346,BSR014186,AVAQ56429,Hola,rvf,Irrigated,positive
512,56396,105.7,,,,,Sheep,Black Head Persian,Female,Adult,BDT070988,BSR014201,AVAQ56396,Hola,rvf,Irrigated,negative
512,57337,107.4,,,,,Goat,"Galla Goat, Cross",Female,Adult,BDT071356,BSR014215,AVAQ57337,Hola,brucella,Irrigated,negative
512,56429,105.6,,,,,Sheep,Black Head Persian,Female,Adult,BDT071346,BSR014186,AVAQ56429,Hola,qfever,Irrigated,negative
512,56343,105.5,,,,,Sheep,Black Head Persian,Female,Adult,BDT071353,BSR014220,AVAQ56343,Hola,brucella,Irrigated,negative
512,56428,105.7,,,,,Goat,"Galla Goat, Cross",Female,Adult,BDT070280,BSR014250,AVAQ56428,Hola,brucella,Irrigated,negative
512,54345,107.6,,,,,Goat,"Galla Goat, Cross",Female,Adult,BDT071324,BSR014192,AVAQ54345,Hola,brucella,Irrigated,negative
512,57337,107.4,,,,,Goat,"Galla Goat, Cross",Female,Adult,BDT071356,BSR014215,AVAQ57337,Hola,rvf,Irrigated,negative
512,56428,105.7,,,,,Goat,"Galla Goat, Cross",Female,Adult,BDT070280,BSR014250,AVAQ56428,Hola,rvf,Irrigated,negative
512,57307,107.7,,,,,Goat,"Galla Goat, Cross",Female,Adult,BDT071347,BSR014176,AVAQ57307,Hola,rvf,Irrigated,positive
512,56363,105.5,,,,,Sheep,Black Head Persian,Female,Adult,BDT071337,BSR014196,AVAQ56363,Hola,rvf,Irrigated,positive
512,57337,107.4,,,,,Goat,"Galla Goat, Cross",Female,Adult,BDT071356,BSR014215,AVAQ57337,Hola,qfever,Irrigated,positive
512,54404,105.7,,,,,Sheep,Black Head Persian,Female,Adult,BDT071357,BSR014221,AVAQ54404,Hola,qfever,Irrigated,positive
512,56429,105.6,,,,,Sheep,Black Head Persian,Female,Adult,BDT071346,BSR014186,AVAQ56429,Hola,brucella,Irrigated,negative
512,57307,107.7,,,,,Goat,"Galla Goat, Cross",Female,Adult,BDT071347,BSR014176,AVAQ57307,Hola,brucella,Irrigated,negative
512,56428,105.7,,,,,Goat,"Galla Goat, Cross",Female,Adult,BDT070280,BSR014250,AVAQ56428,Hola,qfever,Irrigated,negative
512,56363,105.5,,,,,Sheep,Black Head Persian,Female,Adult,BDT071337,BSR014196,AVAQ56363,Hola,brucella,Irrigated,negative
516,55573,,,,,,Cattle,Orma Boran,Female,Weaner,BDT071309,BSR014203,AVAQ55573,Hola,brucella,Irrigated,negative
516,54614,,,,,,Goat,"Galla Goat, Cross",Female,Adult,BDT071328,BSR014525,AVAQ54614,Hola,rvf,Irrigated,negative
516,54614,,,,,,Goat,"Galla Goat, Cross",Female,Adult,BDT071328,BSR014525,AVAQ54614,Hola,qfever,Irrigated,negative
516,57297,,,,,,Goat,"Galla Goat, Cross",Female,Adult,BDT070869,BSR014574,AVAQ57297,Hola,qfever,Irrigated,positive
516,54757,,,,,,Goat,"Galla Goat, Cross",Male,Adult,BDT070899,BSR014551,AVAQ54757,Hola,brucella,Irrigated,negative
516,55225,,,,,,Cattle,Orma Boran,Female,Adult,BDT071314,BSR014198,AVAQ55225,Hola,qfever,Irrigated,negative
516,58081,,,,,,Cattle,Orma Boran,Female,Weaner,BDT070966,BSR014191,AVAQ58081,Hola,qfever,Irrigated,negative
516,57455,,,,,,Sheep,Black Head Persian,Female,Adult,BDT070945,BSR014536,AVAQ57455,Hola,rvf,Irrigated,negative
516,56344,,,,,,Goat,"Galla Goat, Cross",Female,Adult,BDT070946,BSR014547,AVAQ56344,Hola,qfever,Irrigated,positive
516,57297,,,,,,Goat,"Galla Goat, Cross",Female,Adult,BDT070869,BSR014574,AVAQ57297,Hola,brucella,Irrigated,negative
516,55597,,,,,,Goat,"Galla Goat, Cross",Female,Adult,BDT070914,BSR014510,AVAQ55597,Hola,rvf,Irrigated,negative
516,57438,,,,,,Goat,"Galla Goat, Cross",Female,Adult,BDT070904,BSR014544,AVAQ57438,Hola,brucella,Irrigated,negative
516,56344,,,,,,Goat,"Galla Goat, Cross",Female,Adult,BDT070946,BSR014547,AVAQ56344,Hola,brucella,Irrigated,negative
516,57603,,,,,,Sheep,Black Head Persian,Female,Adult,BDT070935,BSR014568,AVAQ57603,Hola,qfever,Irrigated,negative
516,54131,,,,,,Goat,"Galla Goat, Cross",Female,Adult,BDT070896,BSR014549,AVAQ54131,Hola,qfever,Irrigated,negative
516,56533,,,,,,Goat,"Galla Goat, Cross",Female,Adult,BDT070915,BSR014482,AVAQ56533,Hola,qfever,Irrigated,positive
516,56371,,,,,,Cattle,Orma Boran,Male,Weaner,BDT071316,BSR014211,AVAQ56371,Hola,rvf,Irrigated,negative
516,57918,,,,,,Sheep,Black Head Persian,Female,Adult,BDT070940,BSR014491,AVAQ57918,Hola,rvf,Irrigated,negative
516,57310,,,,,,Cattle,Orma Boran,Female,Adult,BDT071313,BSR014208,AVAQ57310,Hola,qfever,Irrigated,positive
516,54378,,,,,,Goat,"Galla Goat, Cross",Female,Adult,BDT070947,BSR014523,AVAQ54378,Hola,brucella,Irrigated,negative
516,57344,,,,,,Cattle,Orma Boran,Female,Adult,BDT071317,BSR014202,AVAQ57344,Hola,qfever,Irrigated,negative
516,54147,,,,,,Cattle,Orma Boran,Female,Weaner,BDT071323,BSR014199,AVAQ54147,Hola,rvf,Irrigated,negative
516,56081,,,,,,Goat,"Galla Goat, Cross",Female,Weaner,BDT070860,BSR014529,AVAQ56081,Hola,brucella,Irrigated,negative
516,54757,,,,,,Goat,"Galla Goat, Cross",Male,Adult,BDT070899,BSR014551,AVAQ54757,Hola,rvf,Irrigated,negative
516,55573,,,,,,Cattle,Orma Boran,Female,Weaner,BDT071309,BSR014203,AVAQ55573,Hola,qfever,Irrigated,negative
516,58081,,,,,,Cattle,Orma Boran,Female,Weaner,BDT070966,BSR014191,AVAQ58081,Hola,rvf,Irrigated,negative
516,56533,,,,,,Goat,"Galla Goat, Cross",Female,Adult,BDT070915,BSR014482,AVAQ56533,Hola,brucella,Irrigated,negative
516,54442,,,,,,Goat,"Galla Goat, Cross",Female,Adult,BDT070902,BSR014558,AVAQ54442,Hola,brucella,Irrigated,negative
516,55736,,,,,,Cattle,Orma Boran,Male,Weaner,BDT071321,BSR014204,AVAQ55736,Hola,qfever,Irrigated,negative
516,54445,,,,,,Cattle,Orma Boran,Female,Adult,BDT071318,BSR014197,AVAQ54445,Hola,brucella,Irrigated,negative
516,57302,,,,,,Cattle,Orma Boran,Female,Adult,BDT071310,BSR014216,AVAQ57302,Hola,brucella,Irrigated,negative
516,57210,,,,,,Sheep,Black Head Persian,Female,Adult,BDT070942,BSR014528,AVAQ57210,Hola,qfever,Irrigated,negative
516,54374,,,,,,Goat,"Galla Goat, Cross",Male,Adult,BDT070908,BSR014550,AVAQ54374,Hola,rvf,Irrigated,negative
516,56081,,,,,,Goat,"Galla Goat, Cross",Female,Weaner,BDT070860,BSR014529,AVAQ56081,Hola,rvf,Irrigated,negative
516,55573,,,,,,Cattle,Orma Boran,Female,Weaner,BDT071309,BSR014203,AVAQ55573,Hola,rvf,Irrigated,negative
516,56268,,,,,,Sheep,Black Head Persian,Female,Adult,BDT070992,BSR014553,AVAQ56268,Hola,qfever,Irrigated,negative
516,54804,,,,,,Goat,"Galla Goat, Cross",Female,Adult,BDT070867,BSR014480,AVAQ54804,Hola,rvf,Irrigated,positive
516,56378,,,,,,Sheep,Black Head Persian,Female,Adult,BDT070954,BSR014517,AVAQ56378,Hola,rvf,Irrigated,negative
516,57302,,,,,,Cattle,Orma Boran,Female,Adult,BDT071310,BSR014216,AVAQ57302,Hola,rvf,Irrigated,negative
516,57359,,,,,,Goat,"Galla Goat, Cross",Female,Adult,BDT070861,BSR014017,AVAQ57359,Hola,qfever,Irrigated,positive
516,55256,,,,,,Goat,"Galla Goat, Cross",Male,Adult,BDT070952,BSR014490,AVAQ55256,Hola,qfever,Irrigated,positive
516,54623,,,,,,Cattle,Orma Boran,Female,Adult,BDT071320,BSR014209,AVAQ54623,Hola,rvf,Irrigated,negative
516,57298,,,,,,Goat,"Galla Goat, Cross",Male,Weaner,BDT070859,BSR014533,AVAQ57298,Hola,brucella,Irrigated,negative
516,54677,,,,,,Sheep,Black Head Persian,Female,Adult,BDT070958,BSR014557,AVAQ54677,Hola,qfever,Irrigated,negative
516,54677,,,,,,Sheep,Black Head Persian,Female,Adult,BDT070958,BSR014557,AVAQ54677,Hola,rvf,Irrigated,negative
516,56081,,,,,,Goat,"Galla Goat, Cross",Female,Weaner,BDT070860,BSR014529,AVAQ56081,Hola,qfever,Irrigated,positive
516,56378,,,,,,Sheep,Black Head Persian,Female,Adult,BDT070954,BSR014517,AVAQ56378,Hola,brucella,Irrigated,negative
516,57281,,,,,,Goat,"Galla Goat, Cross",Male,Adult,BDT070957,BSR014522,AVAQ57281,Hola,rvf,Irrigated,negative
516,55256,,,,,,Goat,"Galla Goat, Cross",Male,Adult,BDT070952,BSR014490,AVAQ55256,Hola,brucella,Irrigated,negative
516,54451,,,,,,Goat,"Galla Goat, Cross",Female,Adult,BDT070912,BSR014506,AVAQ54451,Hola,qfever,Irrigated,negative
516,56424,,,,,,Goat,"Galla Goat, Cross",Female,Adult,BDT070864,BSR014484,AVAQ56424,Hola,brucella,Irrigated,negative
516,56398,,,,,,Goat,"Galla Goat, Cross",Female,Adult,BDT070901,BSR014521,AVAQ56398,Hola,brucella,Irrigated,negative
516,54147,,,,,,Cattle,Orma Boran,Female,Weaner,BDT071323,BSR014199,AVAQ54147,Hola,qfever,Irrigated,negative
516,55736,,,,,,Cattle,Orma Boran,Male,Weaner,BDT071321,BSR014204,AVAQ55736,Hola,rvf,Irrigated,negative
516,54757,,,,,,Goat,"Galla Goat, Cross",Male,Adult,BDT070899,BSR014551,AVAQ54757,Hola,qfever,Irrigated,negative
516,57517,,,,,,Sheep,Black Head Persian,Male,Adult,BDT070951,BSR014516,AVAQ57517,Hola,qfever,Irrigated,negative
516,54614,,,,,,Goat,"Galla Goat, Cross",Female,Adult,BDT071328,BSR014525,AVAQ54614,Hola,brucella,Irrigated,negative
516,57455,,,,,,Sheep,Black Head Persian,Female,Adult,BDT070945,BSR014536,AVAQ57455,Hola,brucella,Irrigated,negative
516,57295,,,,,,Goat,"Galla Goat, Cross",Female,Adult,BDT070588,BSR014526,AVAQ57295,Hola,brucella,Irrigated,negative
516,56533,,,,,,Goat,"Galla Goat, Cross",Female,Adult,BDT070915,BSR014482,AVAQ56533,Hola,rvf,Irrigated,negative
516,54196,,,,,,Goat,"Galla Goat, Cross",Female,Adult,BDT070949,BSR014515,AVAQ54196,Hola,qfever,Irrigated,negative
516,55736,,,,,,Cattle,Orma Boran,Male,Weaner,BDT071321,BSR014204,AVAQ55736,Hola,brucella,Irrigated,negative
516,57344,,,,,,Cattle,Orma Boran,Female,Adult,BDT071317,BSR014202,AVAQ57344,Hola,rvf,Irrigated,negative
516,54378,,,,,,Goat,"Galla Goat, Cross",Female,Adult,BDT070947,BSR014523,AVAQ54378,Hola,qfever,Irrigated,positive
516,57388,,,,,,Goat,"Galla Goat, Cross",Female,Adult,BDT070919,BSR014570,AVAQ57388,Hola,brucella,Irrigated,negative
516,56268,,,,,,Sheep,Black Head Persian,Female,Adult,BDT070992,BSR014553,AVAQ56268,Hola,rvf,Irrigated,negative
516,57295,,,,,,Goat,"Galla Goat, Cross",Female,Adult,BDT070588,BSR014526,AVAQ57295,Hola,qfever,Irrigated,negative
516,57281,,,,,,Goat,"Galla Goat, Cross",Male,Adult,BDT070957,BSR014522,AVAQ57281,Hola,qfever,Irrigated,negative
516,54374,,,,,,Goat,"Galla Goat, Cross",Male,Adult,BDT070908,BSR014550,AVAQ54374,Hola,brucella,Irrigated,negative
516,57281,,,,,,Goat,"Galla Goat, Cross",Male,Adult,BDT070957,BSR014522,AVAQ57281,Hola,brucella,Irrigated,negative
516,57388,,,,,,Goat,"Galla Goat, Cross",Female,Adult,BDT070919,BSR014570,AVAQ57388,Hola,rvf,Irrigated,negative
516,56369,,,,,,Goat,"Galla Goat, Cross",Female,Adult,BDT070874,BSR014567,AVAQ56369,Hola,rvf,Irrigated,negative
516,54420,,,,,,Goat,"Galla Goat, Cross",Female,Weaner,BDT070862,BSR014252,AVAQ54420,Hola,rvf,Irrigated,negative
516,56398,,,,,,Goat,"Galla Goat, Cross",Female,Adult,BDT070901,BSR014521,AVAQ56398,Hola,qfever,Irrigated,positive
516,56391,,,,,,Goat,"Galla Goat, Cross",Female,Adult,BDT070895,BSR014565,AVAQ56391,Hola,brucella,Irrigated,negative
516,54158,,,,,,Goat,"Galla Goat, Cross",Female,Adult,BDT070868,BSR014520,AVAQ54158,Hola,brucella,Irrigated,negative
516,57598,,,,,,Goat,"Galla Goat, Cross",Female,Adult,BDT070941,BSR014535,AVAQ57598,Hola,rvf,Irrigated,negative
516,56677,,,,,,Goat,"Galla Goat, Cross",Female,Adult,BDT070897,BSR014541,AVAQ56677,Hola,brucella,Irrigated,negative
516,54196,,,,,,Goat,"Galla Goat, Cross",Female,Adult,BDT070949,BSR014515,AVAQ54196,Hola,rvf,Irrigated,negative
516,54445,,,,,,Cattle,Orma Boran,Female,Adult,BDT071318,BSR014197,AVAQ54445,Hola,qfever,Irrigated,negative
516,56371,,,,,,Cattle,Orma Boran,Male,Weaner,BDT071316,BSR014211,AVAQ56371,Hola,brucella,Irrigated,negative
516,57210,,,,,,Sheep,Black Head Persian,Female,Adult,BDT070942,BSR014528,AVAQ57210,Hola,brucella,Irrigated,negative
516,54420,,,,,,Goat,"Galla Goat, Cross",Female,Weaner,BDT070862,BSR014252,AVAQ54420,Hola,qfever,Irrigated,positive
516,56424,,,,,,Goat,"Galla Goat, Cross",Female,Adult,BDT070864,BSR014484,AVAQ56424,Hola,qfever,Irrigated,positive
516,54429,,,,,,Goat,"Galla Goat, Cross",Female,Adult,BDT070866,BSR014537,AVAQ54429,Hola,qfever,Irrigated,positive
516,54158,,,,,,Goat,"Galla Goat, Cross",Female,Adult,BDT070868,BSR014520,AVAQ54158,Hola,rvf,Irrigated,negative
516,57598,,,,,,Goat,"Galla Goat, Cross",Female,Adult,BDT070941,BSR014535,AVAQ57598,Hola,brucella,Irrigated,negative
516,57297,,,,,,Goat,"Galla Goat, Cross",Female,Adult,BDT070869,BSR014574,AVAQ57297,Hola,rvf,Irrigated,negative
516,57517,,,,,,Sheep,Black Head Persian,Male,Adult,BDT070951,BSR014516,AVAQ57517,Hola,brucella,Irrigated,negative
516,54451,,,,,,Goat,"Galla Goat, Cross",Female,Adult,BDT070912,BSR014506,AVAQ54451,Hola,brucella,Irrigated,negative
516,55597,,,,,,Goat,"Galla Goat, Cross",Female,Adult,BDT070914,BSR014510,AVAQ55597,Hola,brucella,Irrigated,negative
516,54353,,,,,,Goat,"Galla Goat, Cross",Female,Adult,BDT070943,BSR014494,AVAQ54353,Hola,rvf,Irrigated,negative
516,56368,,,,,,Goat,"Galla Goat, Cross",Male,Adult,BDT070910,BSR014502,AVAQ56368,Hola,brucella,Irrigated,negative
516,57455,,,,,,Sheep,Black Head Persian,Female,Adult,BDT070945,BSR014536,AVAQ57455,Hola,qfever,Irrigated,negative
516,55256,,,,,,Goat,"Galla Goat, Cross",Male,Adult,BDT070952,BSR014490,AVAQ55256,Hola,rvf,Irrigated,negative
516,57603,,,,,,Sheep,Black Head Persian,Female,Adult,BDT070935,BSR014568,AVAQ57603,Hola,rvf,Irrigated,negative
516,57359,,,,,,Goat,"Galla Goat, Cross",Female,Adult,BDT070861,BSR014017,AVAQ57359,Hola,rvf,Irrigated,negative
516,56368,,,,,,Goat,"Galla Goat, Cross",Male,Adult,BDT070910,BSR014502,AVAQ56368,Hola,rvf,Irrigated,negative
516,57470,,,,,,Sheep,Black Head Persian,Female,Adult,BDT070948,BSR014499,AVAQ57470,Hola,qfever,Irrigated,negative
516,54442,,,,,,Goat,"Galla Goat, Cross",Female,Adult,BDT070902,BSR014558,AVAQ54442,Hola,rvf,Irrigated,negative
516,56408,,,,,,Cattle,Orma Boran,Female,Weaner,BDT071315,BSR014206,AVAQ56408,Hola,brucella,Irrigated,negative
516,56378,,,,,,Sheep,Black Head Persian,Female,Adult,BDT070954,BSR014517,AVAQ56378,Hola,qfever,Irrigated,negative
516,54420,,,,,,Goat,"Galla Goat, Cross",Female,Weaner,BDT070862,BSR014252,AVAQ54420,Hola,brucella,Irrigated,negative
516,56161,,,,,,Goat,"Galla Goat, Cross",Female,Adult,BDT070939,BSR014486,AVAQ56161,Hola,qfever,Irrigated,positive
516,56161,,,,,,Goat,"Galla Goat, Cross",Female,Adult,BDT070939,BSR014486,AVAQ56161,Hola,brucella,Irrigated,negative
516,54196,,,,,,Goat,"Galla Goat, Cross",Female,Adult,BDT070949,BSR014515,AVAQ54196,Hola,brucella,Irrigated,negative
516,55713,,,,,,Goat,"Galla Goat, Cross",Female,Adult,BDT070956,BSR014485,AVAQ55713,Hola,qfever,Irrigated,negative
516,56344,,,,,,Goat,"Galla Goat, Cross",Female,Adult,BDT070946,BSR014547,AVAQ56344,Hola,rvf,Irrigated,negative
516,54677,,,,,,Sheep,Black Head Persian,Female,Adult,BDT070958,BSR014557,AVAQ54677,Hola,brucella,Irrigated,negative
516,54445,,,,,,Cattle,Orma Boran,Female,Adult,BDT071318,BSR014197,AVAQ54445,Hola,rvf,Irrigated,negative
516,56677,,,,,,Goat,"Galla Goat, Cross",Female,Adult,BDT070897,BSR014541,AVAQ56677,Hola,rvf,Irrigated,negative
516,55225,,,,,,Cattle,Orma Boran,Female,Adult,BDT071314,BSR014198,AVAQ55225,Hola,brucella,Irrigated,negative
516,54429,,,,,,Goat,"Galla Goat, Cross",Female,Adult,BDT070866,BSR014537,AVAQ54429,Hola,rvf,Irrigated,negative
516,54378,,,,,,Goat,"Galla Goat, Cross",Female,Adult,BDT070947,BSR014523,AVAQ54378,Hola,rvf,Irrigated,negative
516,56677,,,,,,Goat,"Galla Goat, Cross",Female,Adult,BDT070897,BSR014541,AVAQ56677,Hola,qfever,Irrigated,negative
516,54131,,,,,,Goat,"Galla Goat, Cross",Female,Adult,BDT070896,BSR014549,AVAQ54131,Hola,rvf,Irrigated,negative
516,55713,,,,,,Goat,"Galla Goat, Cross",Female,Adult,BDT070956,BSR014485,AVAQ55713,Hola,rvf,Irrigated,negative
516,56369,,,,,,Goat,"Galla Goat, Cross",Female,Adult,BDT070874,BSR014567,AVAQ56369,Hola,brucella,Irrigated,negative
516,54353,,,,,,Goat,"Galla Goat, Cross",Female,Adult,BDT070943,BSR014494,AVAQ54353,Hola,qfever,Irrigated,negative
516,54804,,,,,,Goat,"Galla Goat, Cross",Female,Adult,BDT070867,BSR014480,AVAQ54804,Hola,qfever,Irrigated,negative
516,56268,,,,,,Sheep,Black Head Persian,Female,Adult,BDT070992,BSR014553,AVAQ56268,Hola,brucella,Irrigated,negative
516,57210,,,,,,Sheep,Black Head Persian,Female,Adult,BDT070942,BSR014528,AVAQ57210,Hola,rvf,Irrigated,negative
516,56368,,,,,,Goat,"Galla Goat, Cross",Male,Adult,BDT070910,BSR014502,AVAQ56368,Hola,qfever,Irrigated,positive
516,56161,,,,,,Goat,"Galla Goat, Cross",Female,Adult,BDT070939,BSR014486,AVAQ56161,Hola,rvf,Irrigated,negative
516,57438,,,,,,Goat,"Galla Goat, Cross",Female,Adult,BDT070904,BSR014544,AVAQ57438,Hola,rvf,Irrigated,negative
516,56536,,,,,,Sheep,Black Head Persian,Male,Adult,BDT070944,BSR014542,AVAQ56536,Hola,brucella,Irrigated,negative
516,57359,,,,,,Goat,"Galla Goat, Cross",Female,Adult,BDT070861,BSR014017,AVAQ57359,Hola,brucella,Irrigated,negative
516,57388,,,,,,Goat,"Galla Goat, Cross",Female,Adult,BDT070919,BSR014570,AVAQ57388,Hola,qfever,Irrigated,negative
516,57470,,,,,,Sheep,Black Head Persian,Female,Adult,BDT070948,BSR014499,AVAQ57470,Hola,brucella,Irrigated,negative
516,54429,,,,,,Goat,"Galla Goat, Cross",Female,Adult,BDT070866,BSR014537,AVAQ54429,Hola,brucella,Irrigated,negative
516,57295,,,,,,Goat,"Galla Goat, Cross",Female,Adult,BDT070588,BSR014526,AVAQ57295,Hola,rvf,Irrigated,negative
516,54353,,,,,,Goat,"Galla Goat, Cross",Female,Adult,BDT070943,BSR014494,AVAQ54353,Hola,brucella,Irrigated,negative
516,55225,,,,,,Cattle,Orma Boran,Female,Adult,BDT071314,BSR014198,AVAQ55225,Hola,rvf,Irrigated,negative
516,55713,,,,,,Goat,"Galla Goat, Cross",Female,Adult,BDT070956,BSR014485,AVAQ55713,Hola,brucella,Irrigated,negative
516,57438,,,,,,Goat,"Galla Goat, Cross",Female,Adult,BDT070904,BSR014544,AVAQ57438,Hola,qfever,Irrigated,positive
516,54804,,,,,,Goat,"Galla Goat, Cross",Female,Adult,BDT070867,BSR014480,AVAQ54804,Hola,brucella,Irrigated,negative
516,57517,,,,,,Sheep,Black Head Persian,Male,Adult,BDT070951,BSR014516,AVAQ57517,Hola,rvf,Irrigated,negative
516,54158,,,,,,Goat,"Galla Goat, Cross",Female,Adult,BDT070868,BSR014520,AVAQ54158,Hola,qfever,Irrigated,positive
516,57918,,,,,,Sheep,Black Head Persian,Female,Adult,BDT070940,BSR014491,AVAQ57918,Hola,qfever,Irrigated,negative
516,54623,,,,,,Cattle,Orma Boran,Female,Adult,BDT071320,BSR014209,AVAQ54623,Hola,qfever,Irrigated,negative
516,54374,,,,,,Goat,"Galla Goat, Cross",Male,Adult,BDT070908,BSR014550,AVAQ54374,Hola,qfever,Irrigated,negative
516,57598,,,,,,Goat,"Galla Goat, Cross",Female,Adult,BDT070941,BSR014535,AVAQ57598,Hola,qfever,Irrigated,positive
516,54131,,,,,,Goat,"Galla Goat, Cross",Female,Adult,BDT070896,BSR014549,AVAQ54131,Hola,brucella,Irrigated,negative
516,56391,,,,,,Goat,"Galla Goat, Cross",Female,Adult,BDT070895,BSR014565,AVAQ56391,Hola,rvf,Irrigated,negative
516,56408,,,,,,Cattle,Orma Boran,Female,Weaner,BDT071315,BSR014206,AVAQ56408,Hola,qfever,Irrigated,negative
516,56536,,,,,,Sheep,Black Head Persian,Male,Adult,BDT070944,BSR014542,AVAQ56536,Hola,rvf,Irrigated,negative
516,54451,,,,,,Goat,"Galla Goat, Cross",Female,Adult,BDT070912,BSR014506,AVAQ54451,Hola,rvf,Irrigated,negative
516,57298,,,,,,Goat,"Galla Goat, Cross",Male,Weaner,BDT070859,BSR014533,AVAQ57298,Hola,qfever,Irrigated,negative
516,57298,,,,,,Goat,"Galla Goat, Cross",Male,Weaner,BDT070859,BSR014533,AVAQ57298,Hola,rvf,Irrigated,negative
516,57344,,,,,,Cattle,Orma Boran,Female,Adult,BDT071317,BSR014202,AVAQ57344,Hola,brucella,Irrigated,negative
516,58081,,,,,,Cattle,Orma Boran,Female,Weaner,BDT070966,BSR014191,AVAQ58081,Hola,brucella,Irrigated,negative
516,57603,,,,,,Sheep,Black Head Persian,Female,Adult,BDT070935,BSR014568,AVAQ57603,Hola,brucella,Irrigated,negative
516,56424,,,,,,Goat,"Galla Goat, Cross",Female,Adult,BDT070864,BSR014484,AVAQ56424,Hola,rvf,Irrigated,negative
516,56398,,,,,,Goat,"Galla Goat, Cross",Female,Adult,BDT070901,BSR014521,AVAQ56398,Hola,rvf,Irrigated,negative
516,57302,,,,,,Cattle,Orma Boran,Female,Adult,BDT071310,BSR014216,AVAQ57302,Hola,qfever,Irrigated,negative
516,56371,,,,,,Cattle,Orma Boran,Male,Weaner,BDT071316,BSR014211,AVAQ56371,Hola,qfever,Irrigated,negative
516,56391,,,,,,Goat,"Galla Goat, Cross",Female,Adult,BDT070895,BSR014565,AVAQ56391,Hola,qfever,Irrigated,negative
516,54442,,,,,,Goat,"Galla Goat, Cross",Female,Adult,BDT070902,BSR014558,AVAQ54442,Hola,qfever,Irrigated,positive
516,55597,,,,,,Goat,"Galla Goat, Cross",Female,Adult,BDT070914,BSR014510,AVAQ55597,Hola,qfever,Irrigated,negative
516,57310,,,,,,Cattle,Orma Boran,Female,Adult,BDT071313,BSR014208,AVAQ57310,Hola,rvf,Irrigated,negative
516,54147,,,,,,Cattle,Orma Boran,Female,Weaner,BDT071323,BSR014199,AVAQ54147,Hola,brucella,Irrigated,negative
516,57918,,,,,,Sheep,Black Head Persian,Female,Adult,BDT070940,BSR014491,AVAQ57918,Hola,brucella,Irrigated,negative
516,54623,,,,,,Cattle,Orma Boran,Female,Adult,BDT071320,BSR014209,AVAQ54623,Hola,brucella,Irrigated,negative
516,56536,,,,,,Sheep,Black Head Persian,Male,Adult,BDT070944,BSR014542,AVAQ56536,Hola,qfever,Irrigated,positive
516,57470,,,,,,Sheep,Black Head Persian,Female,Adult,BDT070948,BSR014499,AVAQ57470,Hola,rvf,Irrigated,negative
516,56408,,,,,,Cattle,Orma Boran,Female,Weaner,BDT071315,BSR014206,AVAQ56408,Hola,rvf,Irrigated,negative
516,57310,,,,,,Cattle,Orma Boran,Female,Adult,BDT071313,BSR014208,AVAQ57310,Hola,brucella,Irrigated,positive
517,56417,113.2,,,,,Cattle,Orma Boran,Male,Adult,BDT071307,BSR014279,AVAQ56417,Hola,rvf,Irrigated,positive
517,56417,113.2,,,,,Cattle,Orma Boran,Male,Adult,BDT071307,BSR014279,AVAQ56417,Hola,brucella,Irrigated,negative
517,56417,113.2,,,,,Cattle,Orma Boran,Male,Adult,BDT071307,BSR014279,AVAQ56417,Hola,qfever,Irrigated,negative
526,56530,107.5,12,1,0,0,Goat,"Galla Goat, Cross",Female,Adult,BDT070916,BSR014181,AVAQ56530,Hola,qfever,Irrigated,positive
526,54373,107.5,12,1,0,0,Goat,"Galla Goat, Cross",Female,Adult,BDT070911,BSR014513,AVAQ54373,Hola,rvf,Irrigated,negative
526,56530,107.5,12,1,0,0,Goat,"Galla Goat, Cross",Female,Adult,BDT070916,BSR014181,AVAQ56530,Hola,brucella,Irrigated,negative
526,57539,107.5,12,1,0,0,Goat,"Galla Goat, Cross",Female,Adult,BDT071325,BSR014514,AVAQ57539,Hola,qfever,Irrigated,positive
526,54373,107.5,12,1,0,0,Goat,"Galla Goat, Cross",Female,Adult,BDT070911,BSR014513,AVAQ54373,Hola,qfever,Irrigated,positive
526,54373,107.5,12,1,0,0,Goat,"Galla Goat, Cross",Female,Adult,BDT070911,BSR014513,AVAQ54373,Hola,brucella,Irrigated,negative
526,56748,107.5,12,1,0,0,Goat,"Galla Goat, Cross",Female,Adult,BDT070917,BSR014493,AVAQ56748,Hola,qfever,Irrigated,negative
526,57237,107.5,12,1,0,0,Goat,"Galla Goat, Cross",Female,Adult,BDT070993,BSR014271,AVAQ57237,Hola,brucella,Irrigated,negative
526,57794,107.5,12,1,0,0,Goat,"Galla Goat, Cross",Female,Adult,BDT070979,BSR014476,AVAQ57794,Hola,rvf,Irrigated,negative
526,57794,107.5,12,1,0,0,Goat,"Galla Goat, Cross",Female,Adult,BDT070979,BSR014476,AVAQ57794,Hola,qfever,Irrigated,positive
526,57237,107.5,12,1,0,0,Goat,"Galla Goat, Cross",Female,Adult,BDT070993,BSR014271,AVAQ57237,Hola,rvf,Irrigated,negative
526,56530,107.5,12,1,0,0,Goat,"Galla Goat, Cross",Female,Adult,BDT070916,BSR014181,AVAQ56530,Hola,rvf,Irrigated,negative
526,57794,107.5,12,1,0,0,Goat,"Galla Goat, Cross",Female,Adult,BDT070979,BSR014476,AVAQ57794,Hola,brucella,Irrigated,negative
526,56748,107.5,12,1,0,0,Goat,"Galla Goat, Cross",Female,Adult,BDT070917,BSR014493,AVAQ56748,Hola,rvf,Irrigated,positive
526,57237,107.5,12,1,0,0,Goat,"Galla Goat, Cross",Female,Adult,BDT070993,BSR014271,AVAQ57237,Hola,qfever,Irrigated,positive
526,57539,107.5,12,1,0,0,Goat,"Galla Goat, Cross",Female,Adult,BDT071325,BSR014514,AVAQ57539,Hola,rvf,Irrigated,negative
526,57539,107.5,12,1,0,0,Goat,"Galla Goat, Cross",Female,Adult,BDT071325,BSR014514,AVAQ57539,Hola,brucella,Irrigated,negative
526,56748,107.5,12,1,0,0,Goat,"Galla Goat, Cross",Female,Adult,BDT070917,BSR014493,AVAQ56748,Hola,brucella,Irrigated,negative
569,57194,103.4,6,0,0,0,Goat,"Galla Goat, Cross",Female,Adult,BDT070955,BSR014530,AVAQ57194,Hola,brucella,Irrigated,negative
569,57424,103.4,6,0,0,0,Goat,"Galla Goat, Cross",Female,Adult,BDT070950,BSR014501,AVAQ57424,Hola,rvf,Irrigated,negative
569,57424,103.4,6,0,0,0,Goat,"Galla Goat, Cross",Female,Adult,BDT070950,BSR014501,AVAQ57424,Hola,brucella,Irrigated,negative
569,57012,103.4,6,0,0,0,Goat,"Galla Goat, Cross",Female,Adult,BDT070953,BSR014492,AVAQ57012,Hola,qfever,Irrigated,positive
569,57012,103.4,6,0,0,0,Goat,"Galla Goat, Cross",Female,Adult,BDT070953,BSR014492,AVAQ57012,Hola,brucella,Irrigated,negative
569,57424,103.4,6,0,0,0,Goat,"Galla Goat, Cross",Female,Adult,BDT070950,BSR014501,AVAQ57424,Hola,qfever,Irrigated,positive
569,57194,103.4,6,0,0,0,Goat,"Galla Goat, Cross",Female,Adult,BDT070955,BSR014530,AVAQ57194,Hola,rvf,Irrigated,negative
569,57012,103.4,6,0,0,0,Goat,"Galla Goat, Cross",Female,Adult,BDT070953,BSR014492,AVAQ57012,Hola,rvf,Irrigated,negative
569,57194,103.4,6,0,0,0,Goat,"Galla Goat, Cross",Female,Adult,BDT070955,BSR014530,AVAQ57194,Hola,qfever,Irrigated,negative
671,56258,99.3,20,50,2,0,Goat,"Galla Goat, Cross",Female,Adult,BDT070292,BSR014274,AVAQ56258,Hola,brucella,Irrigated,negative
671,57841,99.3,20,50,2,0,Sheep,Black Head Persian,Male,Weaner,BDT070293,BSR014251,AVAQ57841,Hola,rvf,Irrigated,negative
671,57435,99.3,20,50,2,0,Goat,"Galla Goat, Cross",Male,Weaner,BDT070300,BSR013947,AVAQ57435,Hola,qfever,Irrigated,negative
671,56794,99.3,20,50,2,0,Goat,"Galla Goat, Cross",Female,Adult,BDT070286,BSR014261,AVAQ56794,Hola,rvf,Irrigated,negative
671,57822,99.3,20,50,2,0,Sheep,Black Head Persian,Female,Adult,BDT070295,BSR013931,AVAQ57822,Hola,brucella,Irrigated,negative
671,54689,99.3,20,50,2,0,Sheep,Black Head Persian,Male,Adult,BDT070363,BSR013966,AVAQ54689,Hola,qfever,Irrigated,negative
671,57595,99.3,20,50,2,0,Sheep,Black Head Persian,Female,Adult,BDT070282,BSR014228,AVAQ57595,Hola,brucella,Irrigated,negative
671,56260,99.3,20,50,2,0,Sheep,Black Head Persian,Male,Weaner,BDT070307,BSR013933,AVAQ56260,Hola,rvf,Irrigated,negative
671,57626,99.3,20,50,2,0,Sheep,Black Head Persian,Female,Adult,BDT070306,BSR013928,AVAQ57626,Hola,qfever,Irrigated,negative
671,54687,99.3,20,50,2,0,Goat,"Galla Goat, Cross",Female,Adult,BDT070305,BSR014259,AVAQ54687,Hola,qfever,Irrigated,negative
671,56557,99.3,20,50,2,0,Sheep,Black Head Persian,Female,Adult,BDT070362,BSR013926,AVAQ56557,Hola,rvf,Irrigated,negative
671,54687,99.3,20,50,2,0,Goat,"Galla Goat, Cross",Female,Adult,BDT070305,BSR014259,AVAQ54687,Hola,brucella,Irrigated,negative
671,56247,99.3,20,50,2,0,Sheep,Black Head Persian,Female,Weaner,BDT070284,BSR014230,AVAQ56247,Hola,qfever,Irrigated,negative
671,57822,99.3,20,50,2,0,Sheep,Black Head Persian,Female,Adult,BDT070295,BSR013931,AVAQ57822,Hola,rvf,Irrigated,negative
671,57937,99.3,20,50,2,0,Goat,"Galla Goat, Cross",Female,Adult,BDT070287,BSR014245,AVAQ57937,Hola,rvf,Irrigated,negative
671,57822,99.3,20,50,2,0,Sheep,Black Head Persian,Female,Adult,BDT070295,BSR013931,AVAQ57822,Hola,qfever,Irrigated,negative
671,56247,99.3,20,50,2,0,Sheep,Black Head Persian,Female,Weaner,BDT070284,BSR014230,AVAQ56247,Hola,brucella,Irrigated,negative
671,56258,99.3,20,50,2,0,Goat,"Galla Goat, Cross",Female,Adult,BDT070292,BSR014274,AVAQ56258,Hola,rvf,Irrigated,negative
671,57529,99.3,20,50,2,0,Sheep,Black Head Persian,Female,Adult,BDT070296,BSR013929,AVAQ57529,Hola,rvf,Irrigated,negative
671,58029,99.3,20,50,2,0,Goat,"Galla Goat, Cross",Female,Weaner,BDT070279,BSR014237,AVAQ58029,Hola,rvf,Irrigated,negative
671,54687,99.3,20,50,2,0,Goat,"Galla Goat, Cross",Female,Adult,BDT070305,BSR014259,AVAQ54687,Hola,rvf,Irrigated,negative
671,57804,99.3,20,50,2,0,Cattle,Orma Boran,Female,Kid/Lamb/Calf,BDT070990,BSR013939,AVAQ57804,Hola,rvf,Irrigated,negative
671,56903,99.3,20,50,2,0,Goat,"Galla Goat, Cross",Female,Weaner,BDT070308,BSR013927,AVAQ56903,Hola,brucella,Irrigated,negative
671,56903,99.3,20,50,2,0,Goat,"Galla Goat, Cross",Female,Weaner,BDT070308,BSR013927,AVAQ56903,Hola,rvf,Irrigated,negative
671,57435,99.3,20,50,2,0,Goat,"Galla Goat, Cross",Male,Weaner,BDT070300,BSR013947,AVAQ57435,Hola,brucella,Irrigated,negative
671,58029,99.3,20,50,2,0,Goat,"Galla Goat, Cross",Female,Weaner,BDT070279,BSR014237,AVAQ58029,Hola,qfever,Irrigated,negative
671,56260,99.3,20,50,2,0,Sheep,Black Head Persian,Male,Weaner,BDT070307,BSR013933,AVAQ56260,Hola,qfever,Irrigated,negative
671,56190,99.3,20,50,2,0,Goat,"Galla Goat, Cross",Male,Weaner,BDT070288,BSR014232,AVAQ56190,Hola,brucella,Irrigated,negative
671,57762,99.3,20,50,2,0,Sheep,Black Head Persian,Female,Adult,BDT070302,BSR013930,AVAQ57762,Hola,qfever,Irrigated,negative
671,58029,99.3,20,50,2,0,Goat,"Galla Goat, Cross",Female,Weaner,BDT070279,BSR014237,AVAQ58029,Hola,brucella,Irrigated,negative
671,57841,99.3,20,50,2,0,Sheep,Black Head Persian,Male,Weaner,BDT070293,BSR014251,AVAQ57841,Hola,qfever,Irrigated,negative
671,57841,99.3,20,50,2,0,Sheep,Black Head Persian,Male,Weaner,BDT070293,BSR014251,AVAQ57841,Hola,brucella,Irrigated,negative
671,56190,99.3,20,50,2,0,Goat,"Galla Goat, Cross",Male,Weaner,BDT070288,BSR014232,AVAQ56190,Hola,qfever,Irrigated,negative
671,57436,99.3,20,50,2,0,Cattle,Orma Boran,Female,Adult,BDT070991,BSR013934,AVAQ57436,Hola,qfever,Irrigated,negative
671,57827,99.3,20,50,2,0,Goat,"Galla Goat, Cross",Female,Adult,BDT070301,BSR013946,AVAQ57827,Hola,qfever,Irrigated,negative
671,57836,99.3,20,50,2,0,Sheep,Black Head Persian,Female,Adult,BDT070299,BSR013958,AVAQ57836,Hola,rvf,Irrigated,negative
671,57626,99.3,20,50,2,0,Sheep,Black Head Persian,Female,Adult,BDT070306,BSR013928,AVAQ57626,Hola,brucella,Irrigated,negative
671,57626,99.3,20,50,2,0,Sheep,Black Head Persian,Female,Adult,BDT070306,BSR013928,AVAQ57626,Hola,rvf,Irrigated,negative
671,57804,99.3,20,50,2,0,Cattle,Orma Boran,Female,Kid/Lamb/Calf,BDT070990,BSR013939,AVAQ57804,Hola,qfever,Irrigated,negative
671,56903,99.3,20,50,2,0,Goat,"Galla Goat, Cross",Female,Weaner,BDT070308,BSR013927,AVAQ56903,Hola,qfever,Irrigated,negative
671,56794,99.3,20,50,2,0,Goat,"Galla Goat, Cross",Female,Adult,BDT070286,BSR014261,AVAQ56794,Hola,brucella,Irrigated,negative
671,56557,99.3,20,50,2,0,Sheep,Black Head Persian,Female,Adult,BDT070362,BSR013926,AVAQ56557,Hola,qfever,Irrigated,negative
671,56258,99.3,20,50,2,0,Goat,"Galla Goat, Cross",Female,Adult,BDT070292,BSR014274,AVAQ56258,Hola,qfever,Irrigated,negative
671,57762,99.3,20,50,2,0,Sheep,Black Head Persian,Female,Adult,BDT070302,BSR013930,AVAQ57762,Hola,rvf,Irrigated,negative
671,57436,99.3,20,50,2,0,Cattle,Orma Boran,Female,Adult,BDT070991,BSR013934,AVAQ57436,Hola,brucella,Irrigated,negative
671,57595,99.3,20,50,2,0,Sheep,Black Head Persian,Female,Adult,BDT070282,BSR014228,AVAQ57595,Hola,qfever,Irrigated,negative
671,57435,99.3,20,50,2,0,Goat,"Galla Goat, Cross",Male,Weaner,BDT070300,BSR013947,AVAQ57435,Hola,rvf,Irrigated,negative
671,57836,99.3,20,50,2,0,Sheep,Black Head Persian,Female,Adult,BDT070299,BSR013958,AVAQ57836,Hola,brucella,Irrigated,negative
671,57955,99.3,20,50,2,0,Sheep,Black Head Persian,Male,Adult,BDT070281,BSR014001,AVAQ57955,Hola,rvf,Irrigated,negative
671,57827,99.3,20,50,2,0,Goat,"Galla Goat, Cross",Female,Adult,BDT070301,BSR013946,AVAQ57827,Hola,brucella,Irrigated,negative
671,56794,99.3,20,50,2,0,Goat,"Galla Goat, Cross",Female,Adult,BDT070286,BSR014261,AVAQ56794,Hola,qfever,Irrigated,negative
671,56247,99.3,20,50,2,0,Sheep,Black Head Persian,Female,Weaner,BDT070284,BSR014230,AVAQ56247,Hola,rvf,Irrigated,negative
671,56190,99.3,20,50,2,0,Goat,"Galla Goat, Cross",Male,Weaner,BDT070288,BSR014232,AVAQ56190,Hola,rvf,Irrigated,negative
671,57937,99.3,20,50,2,0,Goat,"Galla Goat, Cross",Female,Adult,BDT070287,BSR014245,AVAQ57937,Hola,brucella,Irrigated,negative
671,57762,99.3,20,50,2,0,Sheep,Black Head Persian,Female,Adult,BDT070302,BSR013930,AVAQ57762,Hola,brucella,Irrigated,negative
671,57529,99.3,20,50,2,0,Sheep,Black Head Persian,Female,Adult,BDT070296,BSR013929,AVAQ57529,Hola,brucella,Irrigated,negative
671,57529,99.3,20,50,2,0,Sheep,Black Head Persian,Female,Adult,BDT070296,BSR013929,AVAQ57529,Hola,qfever,Irrigated,negative
671,57937,99.3,20,50,2,0,Goat,"Galla Goat, Cross",Female,Adult,BDT070287,BSR014245,AVAQ57937,Hola,qfever,Irrigated,negative
671,57521,99.3,20,50,2,0,Goat,"Galla Goat, Cross",Female,Adult,BDT070291,BSR014247,AVAQ57521,Hola,qfever,Irrigated,positive
671,54689,99.3,20,50,2,0,Sheep,Black Head Persian,Male,Adult,BDT070363,BSR013966,AVAQ54689,Hola,rvf,Irrigated,negative
671,57955,99.3,20,50,2,0,Sheep,Black Head Persian,Male,Adult,BDT070281,BSR014001,AVAQ57955,Hola,brucella,Irrigated,negative
671,57827,99.3,20,50,2,0,Goat,"Galla Goat, Cross",Female,Adult,BDT070301,BSR013946,AVAQ57827,Hola,rvf,Irrigated,negative
671,56260,99.3,20,50,2,0,Sheep,Black Head Persian,Male,Weaner,BDT070307,BSR013933,AVAQ56260,Hola,brucella,Irrigated,negative
671,57955,99.3,20,50,2,0,Sheep,Black Head Persian,Male,Adult,BDT070281,BSR014001,AVAQ57955,Hola,qfever,Irrigated,negative
671,56557,99.3,20,50,2,0,Sheep,Black Head Persian,Female,Adult,BDT070362,BSR013926,AVAQ56557,Hola,brucella,Irrigated,negative
671,57521,99.3,20,50,2,0,Goat,"Galla Goat, Cross",Female,Adult,BDT070291,BSR014247,AVAQ57521,Hola,rvf,Irrigated,negative
671,57436,99.3,20,50,2,0,Cattle,Orma Boran,Female,Adult,BDT070991,BSR013934,AVAQ57436,Hola,rvf,Irrigated,negative
671,57804,99.3,20,50,2,0,Cattle,Orma Boran,Female,Kid/Lamb/Calf,BDT070990,BSR013939,AVAQ57804,Hola,brucella,Irrigated,negative
671,54689,99.3,20,50,2,0,Sheep,Black Head Persian,Male,Adult,BDT070363,BSR013966,AVAQ54689,Hola,brucella,Irrigated,negative
671,57595,99.3,20,50,2,0,Sheep,Black Head Persian,Female,Adult,BDT070282,BSR014228,AVAQ57595,Hola,rvf,Irrigated,positive
671,57836,99.3,20,50,2,0,Sheep,Black Head Persian,Female,Adult,BDT070299,BSR013958,AVAQ57836,Hola,qfever,Irrigated,negative
671,57521,99.3,20,50,2,0,Goat,"Galla Goat, Cross",Female,Adult,BDT070291,BSR014247,AVAQ57521,Hola,brucella,Irrigated,negative
683,57835,107.8,4,2,0,0,Sheep,Black Head Persian,Female,Adult,BDT070970,BSR013969,AVAQ57835,Hola,brucella,Irrigated,negative
683,57763,107.8,4,2,0,0,Goat,"Galla Goat, Cross",Female,Adult,BDT070982,BSR013965,AVAQ57763,Hola,rvf,Irrigated,negative
683,57808,107.8,4,2,0,0,Goat,"Galla Goat, Cross",Female,Adult,BDT070974,BSR013949,AVAQ57808,Hola,qfever,Irrigated,negative
683,57808,107.8,4,2,0,0,Goat,"Galla Goat, Cross",Female,Adult,BDT070974,BSR013949,AVAQ57808,Hola,rvf,Irrigated,negative
683,57808,107.8,4,2,0,0,Goat,"Galla Goat, Cross",Female,Adult,BDT070974,BSR013949,AVAQ57808,Hola,brucella,Irrigated,negative
683,57763,107.8,4,2,0,0,Goat,"Galla Goat, Cross",Female,Adult,BDT070982,BSR013965,AVAQ57763,Hola,brucella,Irrigated,negative
683,57835,107.8,4,2,0,0,Sheep,Black Head Persian,Female,Adult,BDT070970,BSR013969,AVAQ57835,Hola,qfever,Irrigated,negative
683,57835,107.8,4,2,0,0,Sheep,Black Head Persian,Female,Adult,BDT070970,BSR013969,AVAQ57835,Hola,rvf,Irrigated,positive
683,57763,107.8,4,2,0,0,Goat,"Galla Goat, Cross",Female,Adult,BDT070982,BSR013965,AVAQ57763,Hola,qfever,Irrigated,negative
686,56914,107.1,28,30,0,0,Sheep,Black Head Persian,Male,Adult,BDT070964,BSR013940,AVAQ56914,Hola,qfever,Irrigated,negative
686,57964,107.1,28,30,0,0,Goat,"Galla Goat, Cross",Female,Adult,BDT070969,BSR013945,AVAQ57964,Hola,qfever,Irrigated,negative
686,58050,107.1,28,30,0,0,Sheep,Black Head Persian,Male,Adult,BDT070977,BSR013948,AVAQ58050,Hola,rvf,Irrigated,negative
686,57640,107.1,28,30,0,0,Goat,"Galla Goat, Cross",Male,Adult,BDT070972,BSR013972,AVAQ57640,Hola,qfever,Irrigated,negative
686,58050,107.1,28,30,0,0,Sheep,Black Head Persian,Male,Adult,BDT070977,BSR013948,AVAQ58050,Hola,qfever,Irrigated,negative
686,57796,107.1,28,30,0,0,Sheep,Black Head Persian,Male,Weaner,BDT070960,BSR013944,AVAQ57796,Hola,rvf,Irrigated,negative
686,56731,107.1,28,30,0,0,Sheep,Black Head Persian,Female,Adult,BDT070987,BSR013970,AVAQ56731,Hola,rvf,Irrigated,negative
686,56731,107.1,28,30,0,0,Sheep,Black Head Persian,Female,Adult,BDT070987,BSR013970,AVAQ56731,Hola,qfever,Irrigated,negative
686,57425,107.1,28,30,0,0,Sheep,Black Head Persian,Female,Adult,BDT070967,BSR013951,AVAQ57425,Hola,qfever,Irrigated,negative
686,57425,107.1,28,30,0,0,Sheep,Black Head Persian,Female,Adult,BDT070967,BSR013951,AVAQ57425,Hola,brucella,Irrigated,negative
686,57845,107.1,28,30,0,0,Goat,"Galla Goat, Cross",Female,Adult,BDT070978,BSR013957,AVAQ57845,Hola,qfever,Irrigated,negative
686,54704,107.1,28,30,0,0,Goat,"Galla Goat, Cross",Female,Adult,BDT070971,BSR013974,AVAQ54704,Hola,qfever,Irrigated,negative
686,57770,107.1,28,30,0,0,Sheep,Black Head Persian,Male,Weaner,BDT070981,BSR013956,AVAQ57770,Hola,rvf,Irrigated,negative
686,57453,107.1,28,30,0,0,Goat,"Galla Goat, Cross",Male,Weaner,BDT070985,BSR013952,AVAQ57453,Hola,qfever,Irrigated,negative
686,54704,107.1,28,30,0,0,Goat,"Galla Goat, Cross",Female,Adult,BDT070971,BSR013974,AVAQ54704,Hola,brucella,Irrigated,negative
686,57640,107.1,28,30,0,0,Goat,"Galla Goat, Cross",Male,Adult,BDT070972,BSR013972,AVAQ57640,Hola,brucella,Irrigated,negative
686,58050,107.1,28,30,0,0,Sheep,Black Head Persian,Male,Adult,BDT070977,BSR013948,AVAQ58050,Hola,brucella,Irrigated,negative
686,57796,107.1,28,30,0,0,Sheep,Black Head Persian,Male,Weaner,BDT070960,BSR013944,AVAQ57796,Hola,brucella,Irrigated,negative
686,56545,107.1,28,30,0,0,Goat,"Galla Goat, Cross",Female,Adult,BDT070984,BSR013953,AVAQ56545,Hola,qfever,Irrigated,positive
686,57513,107.1,28,30,0,0,Sheep,Black Head Persian,Female,Weaner,BDT070973,BSR013943,AVAQ57513,Hola,rvf,Irrigated,negative
686,56545,107.1,28,30,0,0,Goat,"Galla Goat, Cross",Female,Adult,BDT070984,BSR013953,AVAQ56545,Hola,brucella,Irrigated,negative
686,56914,107.1,28,30,0,0,Sheep,Black Head Persian,Male,Adult,BDT070964,BSR013940,AVAQ56914,Hola,rvf,Irrigated,negative
686,57453,107.1,28,30,0,0,Goat,"Galla Goat, Cross",Male,Weaner,BDT070985,BSR013952,AVAQ57453,Hola,brucella,Irrigated,negative
686,56545,107.1,28,30,0,0,Goat,"Galla Goat, Cross",Female,Adult,BDT070984,BSR013953,AVAQ56545,Hola,rvf,Irrigated,negative
686,56914,107.1,28,30,0,0,Sheep,Black Head Persian,Male,Adult,BDT070964,BSR013940,AVAQ56914,Hola,brucella,Irrigated,negative
686,57848,107.1,28,30,0,0,Sheep,Black Head Persian,Female,Adult,BDT070975,BSR013942,AVAQ57848,Hola,brucella,Irrigated,negative
686,54704,107.1,28,30,0,0,Goat,"Galla Goat, Cross",Female,Adult,BDT070971,BSR013974,AVAQ54704,Hola,rvf,Irrigated,negative
686,57640,107.1,28,30,0,0,Goat,"Galla Goat, Cross",Male,Adult,BDT070972,BSR013972,AVAQ57640,Hola,rvf,Irrigated,negative
686,57964,107.1,28,30,0,0,Goat,"Galla Goat, Cross",Female,Adult,BDT070969,BSR013945,AVAQ57964,Hola,rvf,Irrigated,negative
686,57770,107.1,28,30,0,0,Sheep,Black Head Persian,Male,Weaner,BDT070981,BSR013956,AVAQ57770,Hola,brucella,Irrigated,negative
686,56334,107.1,28,30,0,0,Goat,"Galla Goat, Cross",Female,Adult,BDT070976,BSR013938,AVAQ56334,Hola,qfever,Irrigated,negative
686,57453,107.1,28,30,0,0,Goat,"Galla Goat, Cross",Male,Weaner,BDT070985,BSR013952,AVAQ57453,Hola,rvf,Irrigated,negative
686,56334,107.1,28,30,0,0,Goat,"Galla Goat, Cross",Female,Adult,BDT070976,BSR013938,AVAQ56334,Hola,brucella,Irrigated,negative
686,57796,107.1,28,30,0,0,Sheep,Black Head Persian,Male,Weaner,BDT070960,BSR013944,AVAQ57796,Hola,qfever,Irrigated,negative
686,57425,107.1,28,30,0,0,Sheep,Black Head Persian,Female,Adult,BDT070967,BSR013951,AVAQ57425,Hola,rvf,Irrigated,negative
686,57845,107.1,28,30,0,0,Goat,"Galla Goat, Cross",Female,Adult,BDT070978,BSR013957,AVAQ57845,Hola,brucella,Irrigated,negative
686,57845,107.1,28,30,0,0,Goat,"Galla Goat, Cross",Female,Adult,BDT070978,BSR013957,AVAQ57845,Hola,rvf,Irrigated,positive
686,57848,107.1,28,30,0,0,Sheep,Black Head Persian,Female,Adult,BDT070975,BSR013942,AVAQ57848,Hola,qfever,Irrigated,negative
686,57513,107.1,28,30,0,0,Sheep,Black Head Persian,Female,Weaner,BDT070973,BSR013943,AVAQ57513,Hola,brucella,Irrigated,negative
686,56334,107.1,28,30,0,0,Goat,"Galla Goat, Cross",Female,Adult,BDT070976,BSR013938,AVAQ56334,Hola,rvf,Irrigated,negative
686,57848,107.1,28,30,0,0,Sheep,Black Head Persian,Female,Adult,BDT070975,BSR013942,AVAQ57848,Hola,rvf,Irrigated,negative
686,56731,107.1,28,30,0,0,Sheep,Black Head Persian,Female,Adult,BDT070987,BSR013970,AVAQ56731,Hola,brucella,Irrigated,negative
686,57513,107.1,28,30,0,0,Sheep,Black Head Persian,Female,Weaner,BDT070973,BSR013943,AVAQ57513,Hola,qfever,Irrigated,negative
686,57770,107.1,28,30,0,0,Sheep,Black Head Persian,Male,Weaner,BDT070981,BSR013956,AVAQ57770,Hola,qfever,Irrigated,negative
686,57964,107.1,28,30,0,0,Goat,"Galla Goat, Cross",Female,Adult,BDT070969,BSR013945,AVAQ57964,Hola,brucella,Irrigated,negative
711,57522,110.2,30,18,0,2,Goat,"Galla Goat, Cross",Male,Adult,BDT070995,BSR013964,AVAQ57522,Hola,qfever,Irrigated,negative
711,58028,110.2,30,18,0,2,Goat,"Galla Goat, Cross",Female,Adult,BDT070999,BSR014243,AVAQ58028,Hola,brucella,Irrigated,negative
711,56734,110.2,30,18,0,2,Sheep,Black Head Persian,Male,Adult,BDT071007,BSR013936,AVAQ56734,Hola,rvf,Irrigated,negative
711,56329,110.2,30,18,0,2,Goat,"Galla Goat, Cross",Male,Weaner,BDT071001,BSR014003,AVAQ56329,Hola,brucella,Irrigated,negative
711,57944,110.2,30,18,0,2,Sheep,Black Head Persian,Male,Adult,BDT070771,BSR014246,AVAQ57944,Hola,qfever,Irrigated,negative
711,57799,110.2,30,18,0,2,Goat,"Galla Goat, Cross",Female,Weaner,BDT071000,BSR014242,AVAQ57799,Hola,qfever,Irrigated,negative
711,57427,110.2,30,18,0,2,Sheep,Black Head Persian,Female,Weaner,BDT070760,BSR014253,AVAQ57427,Hola,qfever,Irrigated,negative
711,56599,110.2,30,18,0,2,Goat,"Galla Goat, Cross",Female,Adult,BDT070996,BSR013962,AVAQ56599,Hola,rvf,Irrigated,positive
711,57427,110.2,30,18,0,2,Sheep,Black Head Persian,Female,Weaner,BDT070760,BSR014253,AVAQ57427,Hola,brucella,Irrigated,negative
711,58025,110.2,30,18,0,2,Goat,"Galla Goat, Cross",Male,Adult,BDT070998,BSR013968,AVAQ58025,Hola,qfever,Irrigated,negative
711,58011,110.2,30,18,0,2,Goat,"Galla Goat, Cross",Female,Adult,BDT071008,BSR013967,AVAQ58011,Hola,rvf,Irrigated,negative
711,58028,110.2,30,18,0,2,Goat,"Galla Goat, Cross",Female,Adult,BDT070999,BSR014243,AVAQ58028,Hola,qfever,Irrigated,positive
711,57497,110.2,30,18,0,2,Goat,"Galla Goat, Cross",Female,Adult,BDT071004,BSR013925,AVAQ57497,Hola,qfever,Irrigated,positive
711,57944,110.2,30,18,0,2,Sheep,Black Head Persian,Male,Adult,BDT070771,BSR014246,AVAQ57944,Hola,rvf,Irrigated,positive
711,57629,110.2,30,18,0,2,Sheep,Black Head Persian,Female,Adult,BDT070289,BSR013950,AVAQ57629,Hola,qfever,Irrigated,negative
711,56599,110.2,30,18,0,2,Goat,"Galla Goat, Cross",Female,Adult,BDT070996,BSR013962,AVAQ56599,Hola,brucella,Irrigated,negative
711,56971,110.2,30,18,0,2,Goat,"Galla Goat, Cross",Female,Adult,BDT071006,BSR013954,AVAQ56971,Hola,qfever,Irrigated,negative
711,58017,110.2,30,18,0,2,Goat,"Galla Goat, Cross",Female,Adult,BDT071002,BSR014240,AVAQ58017,Hola,brucella,Irrigated,negative
711,56329,110.2,30,18,0,2,Goat,"Galla Goat, Cross",Male,Weaner,BDT071001,BSR014003,AVAQ56329,Hola,rvf,Irrigated,negative
711,57449,110.2,30,18,0,2,Goat,"Galla Goat, Cross",Female,Adult,BDT070994,BSR013959,AVAQ57449,Hola,rvf,Irrigated,negative
711,57605,110.2,30,18,0,2,Sheep,Black Head Persian,Female,Adult,BDT070290,BSR013932,AVAQ57605,Hola,qfever,Irrigated,positive
711,57605,110.2,30,18,0,2,Sheep,Black Head Persian,Female,Adult,BDT070290,BSR013932,AVAQ57605,Hola,rvf,Irrigated,negative
711,57497,110.2,30,18,0,2,Goat,"Galla Goat, Cross",Female,Adult,BDT071004,BSR013925,AVAQ57497,Hola,rvf,Irrigated,negative
711,58017,110.2,30,18,0,2,Goat,"Galla Goat, Cross",Female,Adult,BDT071002,BSR014240,AVAQ58017,Hola,qfever,Irrigated,negative
711,56734,110.2,30,18,0,2,Sheep,Black Head Persian,Male,Adult,BDT071007,BSR013936,AVAQ56734,Hola,brucella,Irrigated,negative
711,58011,110.2,30,18,0,2,Goat,"Galla Goat, Cross",Female,Adult,BDT071008,BSR013967,AVAQ58011,Hola,brucella,Irrigated,negative
711,57833,110.2,30,18,0,2,Goat,"Galla Goat, Cross",Male,Adult,BDT071005,BSR013935,AVAQ57833,Hola,brucella,Irrigated,negative
711,57522,110.2,30,18,0,2,Goat,"Galla Goat, Cross",Male,Adult,BDT070995,BSR013964,AVAQ57522,Hola,brucella,Irrigated,negative
711,57429,110.2,30,18,0,2,Sheep,Black Head Persian,Female,Adult,BDT070635,BSR014272,AVAQ57429,Hola,qfever,Irrigated,negative
711,57629,110.2,30,18,0,2,Sheep,Black Head Persian,Female,Adult,BDT070289,BSR013950,AVAQ57629,Hola,rvf,Irrigated,negative
711,57953,110.2,30,18,0,2,Goat,"Galla Goat, Cross",Male,Adult,BDT070781,BSR014233,AVAQ57953,Hola,brucella,Irrigated,positive
711,57799,110.2,30,18,0,2,Goat,"Galla Goat, Cross",Female,Weaner,BDT071000,BSR014242,AVAQ57799,Hola,brucella,Irrigated,negative
711,56329,110.2,30,18,0,2,Goat,"Galla Goat, Cross",Male,Weaner,BDT071001,BSR014003,AVAQ56329,Hola,qfever,Irrigated,negative
711,57522,110.2,30,18,0,2,Goat,"Galla Goat, Cross",Male,Adult,BDT070995,BSR013964,AVAQ57522,Hola,rvf,Irrigated,negative
711,57605,110.2,30,18,0,2,Sheep,Black Head Persian,Female,Adult,BDT070290,BSR013932,AVAQ57605,Hola,brucella,Irrigated,negative
711,57833,110.2,30,18,0,2,Goat,"Galla Goat, Cross",Male,Adult,BDT071005,BSR013935,AVAQ57833,Hola,qfever,Irrigated,negative
711,57607,110.2,30,18,0,2,Goat,"Galla Goat, Cross",Female,Adult,BDT070997,BSR013960,AVAQ57607,Hola,qfever,Irrigated,negative
711,57553,110.2,30,18,0,2,Sheep,Black Head Persian,Female,Adult,BDT070297,BSR013963,AVAQ57553,Hola,qfever,Irrigated,negative
711,58028,110.2,30,18,0,2,Goat,"Galla Goat, Cross",Female,Adult,BDT070999,BSR014243,AVAQ58028,Hola,rvf,Irrigated,negative
711,56599,110.2,30,18,0,2,Goat,"Galla Goat, Cross",Female,Adult,BDT070996,BSR013962,AVAQ56599,Hola,qfever,Irrigated,negative
711,58025,110.2,30,18,0,2,Goat,"Galla Goat, Cross",Male,Adult,BDT070998,BSR013968,AVAQ58025,Hola,rvf,Irrigated,negative
711,57760,110.2,30,18,0,2,Sheep,Black Head Persian,Female,Adult,BDT070298,BSR013941,AVAQ57760,Hola,rvf,Irrigated,negative
711,57760,110.2,30,18,0,2,Sheep,Black Head Persian,Female,Adult,BDT070298,BSR013941,AVAQ57760,Hola,qfever,Irrigated,positive
711,57427,110.2,30,18,0,2,Sheep,Black Head Persian,Female,Weaner,BDT070760,BSR014253,AVAQ57427,Hola,rvf,Irrigated,negative
711,57429,110.2,30,18,0,2,Sheep,Black Head Persian,Female,Adult,BDT070635,BSR014272,AVAQ57429,Hola,brucella,Irrigated,negative
711,58017,110.2,30,18,0,2,Goat,"Galla Goat, Cross",Female,Adult,BDT071002,BSR014240,AVAQ58017,Hola,rvf,Irrigated,positive
711,57833,110.2,30,18,0,2,Goat,"Galla Goat, Cross",Male,Adult,BDT071005,BSR013935,AVAQ57833,Hola,rvf,Irrigated,negative
711,57953,110.2,30,18,0,2,Goat,"Galla Goat, Cross",Male,Adult,BDT070781,BSR014233,AVAQ57953,Hola,rvf,Irrigated,negative
711,56971,110.2,30,18,0,2,Goat,"Galla Goat, Cross",Female,Adult,BDT071006,BSR013954,AVAQ56971,Hola,brucella,Irrigated,negative
711,57429,110.2,30,18,0,2,Sheep,Black Head Persian,Female,Adult,BDT070635,BSR014272,AVAQ57429,Hola,rvf,Irrigated,negative
711,57953,110.2,30,18,0,2,Goat,"Galla Goat, Cross",Male,Adult,BDT070781,BSR014233,AVAQ57953,Hola,qfever,Irrigated,negative
711,58098,110.2,30,18,0,2,Sheep,Black Head Persian,Female,Adult,BDT070790,BSR014225,AVAQ58098,Hola,qfever,Irrigated,negative
711,57546,110.2,30,18,0,2,Sheep,Black Head Persian,Male,Weaner,BDT070294,BSR013937,AVAQ57546,Hola,qfever,Irrigated,negative
711,58025,110.2,30,18,0,2,Goat,"Galla Goat, Cross",Male,Adult,BDT070998,BSR013968,AVAQ58025,Hola,brucella,Irrigated,negative
711,57944,110.2,30,18,0,2,Sheep,Black Head Persian,Male,Adult,BDT070771,BSR014246,AVAQ57944,Hola,brucella,Irrigated,negative
711,57607,110.2,30,18,0,2,Goat,"Galla Goat, Cross",Female,Adult,BDT070997,BSR013960,AVAQ57607,Hola,brucella,Irrigated,negative
711,58098,110.2,30,18,0,2,Sheep,Black Head Persian,Female,Adult,BDT070790,BSR014225,AVAQ58098,Hola,brucella,Irrigated,negative
711,57607,110.2,30,18,0,2,Goat,"Galla Goat, Cross",Female,Adult,BDT070997,BSR013960,AVAQ57607,Hola,rvf,Irrigated,negative
711,57449,110.2,30,18,0,2,Goat,"Galla Goat, Cross",Female,Adult,BDT070994,BSR013959,AVAQ57449,Hola,brucella,Irrigated,negative
711,56890,110.2,30,18,0,2,Goat,"Galla Goat, Cross",Female,Adult,BDT071003,BSR014241,AVAQ56890,Hola,qfever,Irrigated,negative
711,56890,110.2,30,18,0,2,Goat,"Galla Goat, Cross",Female,Adult,BDT071003,BSR014241,AVAQ56890,Hola,brucella,Irrigated,negative
711,56734,110.2,30,18,0,2,Sheep,Black Head Persian,Male,Adult,BDT071007,BSR013936,AVAQ56734,Hola,qfever,Irrigated,negative
711,57546,110.2,30,18,0,2,Sheep,Black Head Persian,Male,Weaner,BDT070294,BSR013937,AVAQ57546,Hola,rvf,Irrigated,negative
711,57497,110.2,30,18,0,2,Goat,"Galla Goat, Cross",Female,Adult,BDT071004,BSR013925,AVAQ57497,Hola,brucella,Irrigated,negative
711,57760,110.2,30,18,0,2,Sheep,Black Head Persian,Female,Adult,BDT070298,BSR013941,AVAQ57760,Hola,brucella,Irrigated,negative
711,57553,110.2,30,18,0,2,Sheep,Black Head Persian,Female,Adult,BDT070297,BSR013963,AVAQ57553,Hola,rvf,Irrigated,negative
711,57629,110.2,30,18,0,2,Sheep,Black Head Persian,Female,Adult,BDT070289,BSR013950,AVAQ57629,Hola,brucella,Irrigated,negative
711,57553,110.2,30,18,0,2,Sheep,Black Head Persian,Female,Adult,BDT070297,BSR013963,AVAQ57553,Hola,brucella,Irrigated,negative
711,56971,110.2,30,18,0,2,Goat,"Galla Goat, Cross",Female,Adult,BDT071006,BSR013954,AVAQ56971,Hola,rvf,Irrigated,negative
711,57449,110.2,30,18,0,2,Goat,"Galla Goat, Cross",Female,Adult,BDT070994,BSR013959,AVAQ57449,Hola,qfever,Irrigated,negative
711,56890,110.2,30,18,0,2,Goat,"Galla Goat, Cross",Female,Adult,BDT071003,BSR014241,AVAQ56890,Hola,rvf,Irrigated,negative
711,57546,110.2,30,18,0,2,Sheep,Black Head Persian,Male,Weaner,BDT070294,BSR013937,AVAQ57546,Hola,brucella,Irrigated,negative
711,58011,110.2,30,18,0,2,Goat,"Galla Goat, Cross",Female,Adult,BDT071008,BSR013967,AVAQ58011,Hola,qfever,Irrigated,negative
711,57799,110.2,30,18,0,2,Goat,"Galla Goat, Cross",Female,Weaner,BDT071000,BSR014242,AVAQ57799,Hola,rvf,Irrigated,negative
711,58098,110.2,30,18,0,2,Sheep,Black Head Persian,Female,Adult,BDT070790,BSR014225,AVAQ58098,Hola,rvf,Irrigated,negative
775,56527,92.9,22,7,0,0,Sheep,Black Head Persian,Female,Adult,BDT070273,BSR014264,AVAQ56527,Hola,rvf,Irrigated,negative
775,56537,92.9,22,7,0,0,Goat,"Galla Goat, Cross",Female,Adult,BDT070776,BSR014238,AVAQ56537,Hola,brucella,Irrigated,positive
775,57625,92.9,22,7,0,0,Sheep,"Black Head Persian, Cross",Female,Adult,BDT070277,BSR014235,AVAQ57625,Hola,brucella,Irrigated,positive
775,57566,92.9,22,7,0,0,Sheep,Black Head Persian,Female,Weaner,BDT070272,BSR014270,AVAQ57566,Hola,rvf,Irrigated,negative
775,57597,92.9,22,7,0,0,Goat,"Galla Goat, Cross",Female,Adult,BDT070274,BSR014249,AVAQ57597,Hola,rvf,Irrigated,negative
775,57826,92.9,22,7,0,0,Sheep,Black Head Persian,Female,Adult,BDT070687,BSR014244,AVAQ57826,Hola,brucella,Irrigated,positive
775,57625,92.9,22,7,0,0,Sheep,"Black Head Persian, Cross",Female,Adult,BDT070277,BSR014235,AVAQ57625,Hola,qfever,Irrigated,negative
775,57566,92.9,22,7,0,0,Sheep,Black Head Persian,Female,Weaner,BDT070272,BSR014270,AVAQ57566,Hola,qfever,Irrigated,negative
775,57826,92.9,22,7,0,0,Sheep,Black Head Persian,Female,Adult,BDT070687,BSR014244,AVAQ57826,Hola,rvf,Irrigated,negative
775,57839,92.9,22,7,0,0,Goat,"Galla Goat, Cross",Female,Adult,BDT070779,BSR014248,AVAQ57839,Hola,qfever,Irrigated,negative
775,58016,92.9,22,7,0,0,Sheep,Black Head Persian,Female,Adult,BDT070759,BSR014269,AVAQ58016,Hola,qfever,Irrigated,negative
775,56740,92.9,22,7,0,0,Goat,"Galla Goat, Cross",Female,Adult,BDT070777,BSR014227,AVAQ56740,Hola,qfever,Irrigated,negative
775,57597,92.9,22,7,0,0,Goat,"Galla Goat, Cross",Female,Adult,BDT070274,BSR014249,AVAQ57597,Hola,brucella,Irrigated,positive
775,57538,92.9,22,7,0,0,Goat,"Galla Goat, Cross",Male,Adult,BDT070276,BSR014263,AVAQ57538,Hola,qfever,Irrigated,negative
775,57829,92.9,22,7,0,0,Goat,"Galla Goat, Cross",Female,Adult,BDT070283,BSR014236,AVAQ57829,Hola,qfever,Irrigated,negative
775,56527,92.9,22,7,0,0,Sheep,Black Head Persian,Female,Adult,BDT070273,BSR014264,AVAQ56527,Hola,qfever,Irrigated,negative
775,57625,92.9,22,7,0,0,Sheep,"Black Head Persian, Cross",Female,Adult,BDT070277,BSR014235,AVAQ57625,Hola,rvf,Irrigated,positive
775,57566,92.9,22,7,0,0,Sheep,Black Head Persian,Female,Weaner,BDT070272,BSR014270,AVAQ57566,Hola,brucella,Irrigated,negative
775,57829,92.9,22,7,0,0,Goat,"Galla Goat, Cross",Female,Adult,BDT070283,BSR014236,AVAQ57829,Hola,rvf,Irrigated,positive
775,57538,92.9,22,7,0,0,Goat,"Galla Goat, Cross",Male,Adult,BDT070276,BSR014263,AVAQ57538,Hola,rvf,Irrigated,negative
775,56537,92.9,22,7,0,0,Goat,"Galla Goat, Cross",Female,Adult,BDT070776,BSR014238,AVAQ56537,Hola,rvf,Irrigated,negative
775,57430,92.9,22,7,0,0,Goat,"Galla Goat, Cross",Female,Adult,BDT070275,BSR014260,AVAQ57430,Hola,rvf,Irrigated,positive
775,56537,92.9,22,7,0,0,Goat,"Galla Goat, Cross",Female,Adult,BDT070776,BSR014238,AVAQ56537,Hola,qfever,Irrigated,negative
775,56740,92.9,22,7,0,0,Goat,"Galla Goat, Cross",Female,Adult,BDT070777,BSR014227,AVAQ56740,Hola,brucella,Irrigated,positive
775,57538,92.9,22,7,0,0,Goat,"Galla Goat, Cross",Male,Adult,BDT070276,BSR014263,AVAQ57538,Hola,brucella,Irrigated,negative
775,58016,92.9,22,7,0,0,Sheep,Black Head Persian,Female,Adult,BDT070759,BSR014269,AVAQ58016,Hola,brucella,Irrigated,negative
775,56527,92.9,22,7,0,0,Sheep,Black Head Persian,Female,Adult,BDT070273,BSR014264,AVAQ56527,Hola,brucella,Irrigated,negative
775,57829,92.9,22,7,0,0,Goat,"Galla Goat, Cross",Female,Adult,BDT070283,BSR014236,AVAQ57829,Hola,brucella,Irrigated,negative
775,56740,92.9,22,7,0,0,Goat,"Galla Goat, Cross",Female,Adult,BDT070777,BSR014227,AVAQ56740,Hola,rvf,Irrigated,negative
775,57597,92.9,22,7,0,0,Goat,"Galla Goat, Cross",Female,Adult,BDT070274,BSR014249,AVAQ57597,Hola,qfever,Irrigated,negative
775,57839,92.9,22,7,0,0,Goat,"Galla Goat, Cross",Female,Adult,BDT070779,BSR014248,AVAQ57839,Hola,brucella,Irrigated,positive
775,57430,92.9,22,7,0,0,Goat,"Galla Goat, Cross",Female,Adult,BDT070275,BSR014260,AVAQ57430,Hola,qfever,Irrigated,negative
775,58016,92.9,22,7,0,0,Sheep,Black Head Persian,Female,Adult,BDT070759,BSR014269,AVAQ58016,Hola,rvf,Irrigated,positive
775,57826,92.9,22,7,0,0,Sheep,Black Head Persian,Female,Adult,BDT070687,BSR014244,AVAQ57826,Hola,qfever,Irrigated,negative
775,57430,92.9,22,7,0,0,Goat,"Galla Goat, Cross",Female,Adult,BDT070275,BSR014260,AVAQ57430,Hola,brucella,Irrigated,negative
775,57839,92.9,22,7,0,0,Goat,"Galla Goat, Cross",Female,Adult,BDT070779,BSR014248,AVAQ57839,Hola,rvf,Irrigated,negative
802,56570,94.4,22,20,0,0,Sheep,Black Head Persian,Female,Adult,BDT070780,BSR014019,AVAQ56570,Hola,qfever,Irrigated,negative
802,58080,94.4,22,20,0,0,Sheep,Black Head Persian,Female,Adult,BDT070268,BSR014267,AVAQ58080,Hola,rvf,Irrigated,negative
802,57426,94.4,22,20,0,0,Goat,"Galla Goat, Cross",Female,Adult,BDT070278,BSR014226,AVAQ57426,Hola,brucella,Irrigated,positive
802,56570,94.4,22,20,0,0,Sheep,Black Head Persian,Female,Adult,BDT070780,BSR014019,AVAQ56570,Hola,brucella,Irrigated,negative
802,57423,94.4,22,20,0,0,Sheep,Black Head Persian,Female,Adult,BDT070267,BSR014231,AVAQ57423,Hola,qfever,Irrigated,positive
802,56554,94.4,22,20,0,0,Goat,"Galla Goat, Cross",Male,Adult,BDT070786,BSR014262,AVAQ56554,Hola,brucella,Irrigated,negative
802,57943,94.4,22,20,0,0,Sheep,Black Head Persian,Female,Adult,BDT070792,BSR014021,AVAQ57943,Hola,rvf,Irrigated,negative
802,57486,94.4,22,20,0,0,Sheep,Black Head Persian,Male,Weaner,BDT070265,BSR014239,AVAQ57486,Hola,brucella,Irrigated,negative
802,56254,94.4,22,20,0,0,Goat,"Galla Goat, Cross",Female,Adult,BDT070798,BSR014254,AVAQ56254,Hola,rvf,Irrigated,negative
802,56558,94.4,22,20,0,0,Sheep,Black Head Persian,Female,Adult,BDT070261,BSR014229,AVAQ56558,Hola,rvf,Irrigated,negative
802,56330,94.4,22,20,0,0,Goat,"Galla Goat, Cross",Female,Adult,BDT070270,BSR014257,AVAQ56330,Hola,rvf,Irrigated,negative
802,57462,94.4,22,20,0,0,Goat,"Galla Goat, Cross",Female,Adult,BDT070260,BSR014265,AVAQ57462,Hola,rvf,Irrigated,negative
802,57423,94.4,22,20,0,0,Sheep,Black Head Persian,Female,Adult,BDT070267,BSR014231,AVAQ57423,Hola,rvf,Irrigated,negative
802,57426,94.4,22,20,0,0,Goat,"Galla Goat, Cross",Female,Adult,BDT070278,BSR014226,AVAQ57426,Hola,qfever,Irrigated,negative
802,57790,94.4,22,20,0,0,Goat,"Galla Goat, Cross",Female,Adult,BDT070766,BSR013987,AVAQ57790,Hola,rvf,Irrigated,negative
802,57968,94.4,22,20,0,0,Goat,"Galla Goat, Cross",Female,Adult,BDT070266,BSR014273,AVAQ57968,Hola,qfever,Irrigated,negative
802,56554,94.4,22,20,0,0,Goat,"Galla Goat, Cross",Male,Adult,BDT070786,BSR014262,AVAQ56554,Hola,rvf,Irrigated,negative
802,58024,94.4,22,20,0,0,Sheep,Black Head Persian,Male,Adult,BDT070303,BSR014266,AVAQ58024,Hola,brucella,Irrigated,negative
802,56925,94.4,22,20,0,0,Goat,"Galla Goat, Cross",Male,Adult,BDT070796,BSR014268,AVAQ56925,Hola,rvf,Irrigated,negative
802,57828,94.4,22,20,0,0,Goat,"Galla Goat, Cross",Male,Adult,BDT070269,BSR014256,AVAQ57828,Hola,brucella,Irrigated,negative
802,56570,94.4,22,20,0,0,Sheep,Black Head Persian,Female,Adult,BDT070780,BSR014019,AVAQ56570,Hola,rvf,Irrigated,negative
802,57831,94.4,22,20,0,0,Sheep,Black Head Persian,Female,Adult,BDT070264,BSR014234,AVAQ57831,Hola,brucella,Irrigated,negative
802,57790,94.4,22,20,0,0,Goat,"Galla Goat, Cross",Female,Adult,BDT070766,BSR013987,AVAQ57790,Hola,brucella,Irrigated,negative
802,56558,94.4,22,20,0,0,Sheep,Black Head Persian,Female,Adult,BDT070261,BSR014229,AVAQ56558,Hola,qfever,Irrigated,negative
802,57831,94.4,22,20,0,0,Sheep,Black Head Persian,Female,Adult,BDT070264,BSR014234,AVAQ57831,Hola,qfever,Irrigated,negative
802,58053,94.4,22,20,0,0,Sheep,Black Head Persian,Female,Adult,BDT070263,BSR014255,AVAQ58053,Hola,qfever,Irrigated,negative
802,56196,94.4,22,20,0,0,Sheep,Black Head Persian,Male,Adult,BDT070304,BSR013980,AVAQ56196,Hola,rvf,Irrigated,negative
802,57486,94.4,22,20,0,0,Sheep,Black Head Persian,Male,Weaner,BDT070265,BSR014239,AVAQ57486,Hola,qfever,Irrigated,negative
802,56558,94.4,22,20,0,0,Sheep,Black Head Persian,Female,Adult,BDT070261,BSR014229,AVAQ56558,Hola,brucella,Irrigated,negative
802,56330,94.4,22,20,0,0,Goat,"Galla Goat, Cross",Female,Adult,BDT070270,BSR014257,AVAQ56330,Hola,qfever,Irrigated,positive
802,56554,94.4,22,20,0,0,Goat,"Galla Goat, Cross",Male,Adult,BDT070786,BSR014262,AVAQ56554,Hola,qfever,Irrigated,negative
802,57968,94.4,22,20,0,0,Goat,"Galla Goat, Cross",Female,Adult,BDT070266,BSR014273,AVAQ57968,Hola,rvf,Irrigated,positive
802,56330,94.4,22,20,0,0,Goat,"Galla Goat, Cross",Female,Adult,BDT070270,BSR014257,AVAQ56330,Hola,brucella,Irrigated,negative
802,57549,94.4,22,20,0,0,Goat,"Galla Goat, Cross",Male,Adult,BDT070271,BSR014258,AVAQ57549,Hola,qfever,Irrigated,negative
802,57823,94.4,22,20,0,0,Sheep,Black Head Persian,Female,Adult,BDT070706,BSR013977,AVAQ57823,Hola,qfever,Irrigated,negative
802,56254,94.4,22,20,0,0,Goat,"Galla Goat, Cross",Female,Adult,BDT070798,BSR014254,AVAQ56254,Hola,qfever,Irrigated,negative
802,57462,94.4,22,20,0,0,Goat,"Galla Goat, Cross",Female,Adult,BDT070260,BSR014265,AVAQ57462,Hola,brucella,Irrigated,negative
802,57828,94.4,22,20,0,0,Goat,"Galla Goat, Cross",Male,Adult,BDT070269,BSR014256,AVAQ57828,Hola,qfever,Irrigated,negative
802,57968,94.4,22,20,0,0,Goat,"Galla Goat, Cross",Female,Adult,BDT070266,BSR014273,AVAQ57968,Hola,brucella,Irrigated,negative
802,56925,94.4,22,20,0,0,Goat,"Galla Goat, Cross",Male,Adult,BDT070796,BSR014268,AVAQ56925,Hola,brucella,Irrigated,negative
802,56254,94.4,22,20,0,0,Goat,"Galla Goat, Cross",Female,Adult,BDT070798,BSR014254,AVAQ56254,Hola,brucella,Irrigated,negative
802,57423,94.4,22,20,0,0,Sheep,Black Head Persian,Female,Adult,BDT070267,BSR014231,AVAQ57423,Hola,brucella,Irrigated,negative
802,57549,94.4,22,20,0,0,Goat,"Galla Goat, Cross",Male,Adult,BDT070271,BSR014258,AVAQ57549,Hola,brucella,Irrigated,negative
802,58053,94.4,22,20,0,0,Sheep,Black Head Persian,Female,Adult,BDT070263,BSR014255,AVAQ58053,Hola,rvf,Irrigated,negative
802,57828,94.4,22,20,0,0,Goat,"Galla Goat, Cross",Male,Adult,BDT070269,BSR014256,AVAQ57828,Hola,rvf,Irrigated,negative
802,57943,94.4,22,20,0,0,Sheep,Black Head Persian,Female,Adult,BDT070792,BSR014021,AVAQ57943,Hola,qfever,Irrigated,negative
802,56196,94.4,22,20,0,0,Sheep,Black Head Persian,Male,Adult,BDT070304,BSR013980,AVAQ56196,Hola,qfever,Irrigated,negative
802,56196,94.4,22,20,0,0,Sheep,Black Head Persian,Male,Adult,BDT070304,BSR013980,AVAQ56196,Hola,brucella,Irrigated,negative
802,57426,94.4,22,20,0,0,Goat,"Galla Goat, Cross",Female,Adult,BDT070278,BSR014226,AVAQ57426,Hola,rvf,Irrigated,negative
802,57790,94.4,22,20,0,0,Goat,"Galla Goat, Cross",Female,Adult,BDT070766,BSR013987,AVAQ57790,Hola,qfever,Irrigated,negative
802,57486,94.4,22,20,0,0,Sheep,Black Head Persian,Male,Weaner,BDT070265,BSR014239,AVAQ57486,Hola,rvf,Irrigated,negative
802,58080,94.4,22,20,0,0,Sheep,Black Head Persian,Female,Adult,BDT070268,BSR014267,AVAQ58080,Hola,brucella,Irrigated,negative
802,57549,94.4,22,20,0,0,Goat,"Galla Goat, Cross",Male,Adult,BDT070271,BSR014258,AVAQ57549,Hola,rvf,Irrigated,negative
802,58024,94.4,22,20,0,0,Sheep,Black Head Persian,Male,Adult,BDT070303,BSR014266,AVAQ58024,Hola,rvf,Irrigated,positive
802,58053,94.4,22,20,0,0,Sheep,Black Head Persian,Female,Adult,BDT070263,BSR014255,AVAQ58053,Hola,brucella,Irrigated,negative
802,57943,94.4,22,20,0,0,Sheep,Black Head Persian,Female,Adult,BDT070792,BSR014021,AVAQ57943,Hola,brucella,Irrigated,negative
802,58080,94.4,22,20,0,0,Sheep,Black Head Persian,Female,Adult,BDT070268,BSR014267,AVAQ58080,Hola,qfever,Irrigated,negative
802,57462,94.4,22,20,0,0,Goat,"Galla Goat, Cross",Female,Adult,BDT070260,BSR014265,AVAQ57462,Hola,qfever,Irrigated,negative
802,57823,94.4,22,20,0,0,Sheep,Black Head Persian,Female,Adult,BDT070706,BSR013977,AVAQ57823,Hola,brucella,Irrigated,negative
802,57831,94.4,22,20,0,0,Sheep,Black Head Persian,Female,Adult,BDT070264,BSR014234,AVAQ57831,Hola,rvf,Irrigated,negative
802,57823,94.4,22,20,0,0,Sheep,Black Head Persian,Female,Adult,BDT070706,BSR013977,AVAQ57823,Hola,rvf,Irrigated,negative
802,58024,94.4,22,20,0,0,Sheep,Black Head Persian,Male,Adult,BDT070303,BSR014266,AVAQ58024,Hola,qfever,Irrigated,negative
820,56309,100,25,58,0,0,Sheep,Black Head Persian,Female,Adult,BDT070414,BSR013587,AVAQ56309,Hola,rvf,Irrigated,negative
820,56633,100,25,58,0,0,Goat,"Galla Goat, Cross",Female,Adult,BDT070431,BSR014470,AVAQ56633,Hola,rvf,Irrigated,negative
820,56710,100,25,58,0,0,Goat,"Galla Goat, Cross",Female,Adult,BDT070433,BSR014383,AVAQ56710,Hola,brucella,Irrigated,negative
820,56296,100,25,58,0,0,Sheep,Black Head Persian,Female,Adult,BDT070855,BSR014415,AVAQ56296,Hola,brucella,Irrigated,negative
820,56632,100,25,58,0,0,Sheep,Black Head Persian,Female,Adult,BDT070439,BSR014392,AVAQ56632,Hola,rvf,Irrigated,negative
820,56620,100,25,58,0,0,Goat,"Galla Goat, Cross",Male,Adult,BDT070446,BSR014432,AVAQ56620,Hola,qfever,Irrigated,negative
820,56324,100,25,58,0,0,Goat,"Galla Goat, Cross",Female,Adult,BDT070429,BSR014457,AVAQ56324,Hola,rvf,Irrigated,negative
820,56749,100,25,58,0,0,Sheep,Black Head Persian,Female,Adult,BDT070409,BSR013588,AVAQ56749,Hola,rvf,Irrigated,positive
820,56749,100,25,58,0,0,Sheep,Black Head Persian,Female,Adult,BDT070409,BSR013588,AVAQ56749,Hola,brucella,Irrigated,negative
820,56274,100,25,58,0,0,Sheep,Black Head Persian,Female,Adult,BDT071118,BSR013579,AVAQ56274,Hola,qfever,Irrigated,positive
820,56699,100,25,58,0,0,Goat,"Galla Goat, Cross",Female,Weaner,BDT070440,BSR014430,AVAQ56699,Hola,brucella,Irrigated,negative
820,56750,100,25,58,0,0,Sheep,Black Head Persian,Female,Weaner,BDT070420,BSR013608,AVAQ56750,Hola,brucella,Irrigated,negative
820,56619,100,25,58,0,0,Sheep,Black Head Persian,Female,Adult,BDT071110,BSR013580,AVAQ56619,Hola,brucella,Irrigated,negative
820,56699,100,25,58,0,0,Goat,"Galla Goat, Cross",Female,Weaner,BDT070440,BSR014430,AVAQ56699,Hola,rvf,Irrigated,negative
820,56714,100,25,58,0,0,Goat,"Galla Goat, Cross",Female,Adult,BDT070436,BSR014460,AVAQ56714,Hola,rvf,Irrigated,negative
820,56296,100,25,58,0,0,Sheep,Black Head Persian,Female,Adult,BDT070855,BSR014415,AVAQ56296,Hola,qfever,Irrigated,negative
820,56280,100,25,58,0,0,Goat,Small East African Goat,Female,Adult,BDT070448,BSR014453,AVAQ56280,Hola,brucella,Irrigated,negative
820,56624,100,25,58,0,0,Sheep,Black Head Persian,Female,Adult,BDT070443,BSR014394,AVAQ56624,Hola,rvf,Irrigated,negative
820,56759,100,25,58,0,0,Sheep,Black Head Persian,Male,Adult,BDT070410,BSR013577,AVAQ56759,Hola,qfever,Irrigated,negative
820,56297,100,25,58,0,0,Goat,"Galla Goat, Cross",Female,Adult,BDT070432,BSR014425,AVAQ56297,Hola,qfever,Irrigated,negative
820,56749,100,25,58,0,0,Sheep,Black Head Persian,Female,Adult,BDT070409,BSR013588,AVAQ56749,Hola,qfever,Irrigated,negative
820,56315,100,25,58,0,0,Goat,"Galla Goat, Cross",Female,Adult,BDT070434,BSR014463,AVAQ56315,Hola,brucella,Irrigated,negative
820,56710,100,25,58,0,0,Goat,"Galla Goat, Cross",Female,Adult,BDT070433,BSR014383,AVAQ56710,Hola,rvf,Irrigated,negative
820,54686,100,25,58,0,0,Goat,"Galla Goat, Cross",Male,Adult,BDT070444,BSR014434,AVAQ54686,Hola,rvf,Irrigated,negative
820,56770,100,25,58,0,0,Sheep,Black Head Persian,Female,Adult,BDT070758,BSR014459,AVAQ56770,Hola,qfever,Irrigated,negative
820,56710,100,25,58,0,0,Goat,"Galla Goat, Cross",Female,Adult,BDT070433,BSR014383,AVAQ56710,Hola,qfever,Irrigated,positive
820,56770,100,25,58,0,0,Sheep,Black Head Persian,Female,Adult,BDT070758,BSR014459,AVAQ56770,Hola,rvf,Irrigated,negative
820,56229,100,25,58,0,0,Sheep,Black Head Persian,Female,Adult,BDT070421,BSR013624,AVAQ56229,Hola,qfever,Irrigated,positive
820,56229,100,25,58,0,0,Sheep,Black Head Persian,Female,Adult,BDT070421,BSR013624,AVAQ56229,Hola,rvf,Irrigated,negative
820,56711,100,25,58,0,0,Goat,"Galla Goat, Cross",Female,Weaner,BDT070451,BSR014433,AVAQ56711,Hola,brucella,Irrigated,negative
820,56297,100,25,58,0,0,Goat,"Galla Goat, Cross",Female,Adult,BDT070432,BSR014425,AVAQ56297,Hola,rvf,Irrigated,negative
820,56300,100,25,58,0,0,Goat,"Galla Goat, Cross",Female,Adult,BDT070430,BSR014435,AVAQ56300,Hola,qfever,Irrigated,positive
820,56614,100,25,58,0,0,Goat,"Galla Goat, Cross",Female,Adult,BDT070450,BSR014443,AVAQ56614,Hola,qfever,Irrigated,negative
820,56296,100,25,58,0,0,Sheep,Black Head Persian,Female,Adult,BDT070855,BSR014415,AVAQ56296,Hola,rvf,Irrigated,negative
820,56300,100,25,58,0,0,Goat,"Galla Goat, Cross",Female,Adult,BDT070430,BSR014435,AVAQ56300,Hola,brucella,Irrigated,negative
820,56300,100,25,58,0,0,Goat,"Galla Goat, Cross",Female,Adult,BDT070430,BSR014435,AVAQ56300,Hola,rvf,Irrigated,negative
820,56274,100,25,58,0,0,Sheep,Black Head Persian,Female,Adult,BDT071118,BSR013579,AVAQ56274,Hola,rvf,Irrigated,negative
820,56761,100,25,58,0,0,Goat,"Galla Goat, Cross",Female,Adult,BDT070453,BSR014458,AVAQ56761,Hola,qfever,Irrigated,negative
820,56232,100,25,58,0,0,Sheep,Black Head Persian,Female,Adult,BDT070415,BSR013614,AVAQ56232,Hola,brucella,Irrigated,negative
820,56754,100,25,58,0,0,Sheep,Black Head Persian,Female,Adult,BDT071114,BSR013597,AVAQ56754,Hola,brucella,Irrigated,negative
820,56309,100,25,58,0,0,Sheep,Black Head Persian,Female,Adult,BDT070414,BSR013587,AVAQ56309,Hola,qfever,Irrigated,negative
820,56290,100,25,58,0,0,Goat,"Galla Goat, Cross",Female,Weaner,BDT070437,BSR014395,AVAQ56290,Hola,qfever,Irrigated,positive
820,56313,100,25,58,0,0,Sheep,Black Head Persian,Female,Adult,BDT071116,BSR013575,AVAQ56313,Hola,qfever,Irrigated,negative
820,56324,100,25,58,0,0,Goat,"Galla Goat, Cross",Female,Adult,BDT070429,BSR014457,AVAQ56324,Hola,brucella,Irrigated,negative
820,56327,100,25,58,0,0,Goat,"Galla Goat, Cross",Male,Adult,BDT070438,BSR014462,AVAQ56327,Hola,rvf,Irrigated,negative
820,56280,100,25,58,0,0,Goat,Small East African Goat,Female,Adult,BDT070448,BSR014453,AVAQ56280,Hola,qfever,Irrigated,negative
820,56288,100,25,58,0,0,Goat,"Galla Goat, Cross",Female,Adult,BDT070435,BSR014445,AVAQ56288,Hola,brucella,Irrigated,negative
820,56704,100,25,58,0,0,Sheep,Black Head Persian,Female,Adult,BDT071117,BSR013581,AVAQ56704,Hola,rvf,Irrigated,positive
820,56229,100,25,58,0,0,Sheep,Black Head Persian,Female,Adult,BDT070421,BSR013624,AVAQ56229,Hola,brucella,Irrigated,negative
820,56620,100,25,58,0,0,Goat,"Galla Goat, Cross",Male,Adult,BDT070446,BSR014432,AVAQ56620,Hola,rvf,Irrigated,negative
820,56313,100,25,58,0,0,Sheep,Black Head Persian,Female,Adult,BDT071116,BSR013575,AVAQ56313,Hola,rvf,Irrigated,negative
820,56704,100,25,58,0,0,Sheep,Black Head Persian,Female,Adult,BDT071117,BSR013581,AVAQ56704,Hola,qfever,Irrigated,negative
820,56620,100,25,58,0,0,Goat,"Galla Goat, Cross",Male,Adult,BDT070446,BSR014432,AVAQ56620,Hola,brucella,Irrigated,negative
820,56324,100,25,58,0,0,Goat,"Galla Goat, Cross",Female,Adult,BDT070429,BSR014457,AVAQ56324,Hola,qfever,Irrigated,negative
820,56278,100,25,58,0,0,Sheep,Black Head Persian,Female,Adult,BDT070417,BSR013609,AVAQ56278,Hola,qfever,Irrigated,positive
820,56700,100,25,58,0,0,Goat,Small East African Goat,Female,Adult,BDT070454,BSR014439,AVAQ56700,Hola,rvf,Irrigated,negative
820,56750,100,25,58,0,0,Sheep,Black Head Persian,Female,Weaner,BDT070420,BSR013608,AVAQ56750,Hola,qfever,Irrigated,negative
820,56633,100,25,58,0,0,Goat,"Galla Goat, Cross",Female,Adult,BDT070431,BSR014470,AVAQ56633,Hola,qfever,Irrigated,negative
820,56700,100,25,58,0,0,Goat,Small East African Goat,Female,Adult,BDT070454,BSR014439,AVAQ56700,Hola,brucella,Irrigated,negative
820,54686,100,25,58,0,0,Goat,"Galla Goat, Cross",Male,Adult,BDT070444,BSR014434,AVAQ54686,Hola,qfever,Irrigated,negative
820,56773,100,25,58,0,0,Sheep,Black Head Persian,Female,Adult,BDT070422,BSR013623,AVAQ56773,Hola,rvf,Irrigated,negative
820,56759,100,25,58,0,0,Sheep,Black Head Persian,Male,Adult,BDT070410,BSR013577,AVAQ56759,Hola,rvf,Irrigated,negative
820,56711,100,25,58,0,0,Goat,"Galla Goat, Cross",Female,Weaner,BDT070451,BSR014433,AVAQ56711,Hola,qfever,Irrigated,negative
820,56278,100,25,58,0,0,Sheep,Black Head Persian,Female,Adult,BDT070417,BSR013609,AVAQ56278,Hola,brucella,Irrigated,negative
820,56759,100,25,58,0,0,Sheep,Black Head Persian,Male,Adult,BDT070410,BSR013577,AVAQ56759,Hola,brucella,Irrigated,negative
820,56290,100,25,58,0,0,Goat,"Galla Goat, Cross",Female,Weaner,BDT070437,BSR014395,AVAQ56290,Hola,brucella,Irrigated,negative
820,56232,100,25,58,0,0,Sheep,Black Head Persian,Female,Adult,BDT070415,BSR013614,AVAQ56232,Hola,rvf,Irrigated,positive
820,56232,100,25,58,0,0,Sheep,Black Head Persian,Female,Adult,BDT070415,BSR013614,AVAQ56232,Hola,qfever,Irrigated,negative
820,56619,100,25,58,0,0,Sheep,Black Head Persian,Female,Adult,BDT071110,BSR013580,AVAQ56619,Hola,qfever,Irrigated,negative
820,56609,100,25,58,0,0,Sheep,Black Head Persian,Male,Adult,BDT070423,BSR013599,AVAQ56609,Hola,qfever,Irrigated,negative
820,56773,100,25,58,0,0,Sheep,Black Head Persian,Female,Adult,BDT070422,BSR013623,AVAQ56773,Hola,qfever,Irrigated,negative
820,56773,100,25,58,0,0,Sheep,Black Head Persian,Female,Adult,BDT070422,BSR013623,AVAQ56773,Hola,brucella,Irrigated,negative
820,56290,100,25,58,0,0,Goat,"Galla Goat, Cross",Female,Weaner,BDT070437,BSR014395,AVAQ56290,Hola,rvf,Irrigated,negative
820,56632,100,25,58,0,0,Sheep,Black Head Persian,Female,Adult,BDT070439,BSR014392,AVAQ56632,Hola,qfever,Irrigated,negative
820,56609,100,25,58,0,0,Sheep,Black Head Persian,Male,Adult,BDT070423,BSR013599,AVAQ56609,Hola,brucella,Irrigated,negative
820,56280,100,25,58,0,0,Goat,Small East African Goat,Female,Adult,BDT070448,BSR014453,AVAQ56280,Hola,rvf,Irrigated,negative
820,56750,100,25,58,0,0,Sheep,Black Head Persian,Female,Weaner,BDT070420,BSR013608,AVAQ56750,Hola,rvf,Irrigated,negative
820,56761,100,25,58,0,0,Goat,"Galla Goat, Cross",Female,Adult,BDT070453,BSR014458,AVAQ56761,Hola,rvf,Irrigated,negative
820,56619,100,25,58,0,0,Sheep,Black Head Persian,Female,Adult,BDT071110,BSR013580,AVAQ56619,Hola,rvf,Irrigated,positive
820,56754,100,25,58,0,0,Sheep,Black Head Persian,Female,Adult,BDT071114,BSR013597,AVAQ56754,Hola,rvf,Irrigated,positive
820,56313,100,25,58,0,0,Sheep,Black Head Persian,Female,Adult,BDT071116,BSR013575,AVAQ56313,Hola,brucella,Irrigated,negative
820,56315,100,25,58,0,0,Goat,"Galla Goat, Cross",Female,Adult,BDT070434,BSR014463,AVAQ56315,Hola,qfever,Irrigated,negative
820,56614,100,25,58,0,0,Goat,"Galla Goat, Cross",Female,Adult,BDT070450,BSR014443,AVAQ56614,Hola,brucella,Irrigated,negative
820,56714,100,25,58,0,0,Goat,"Galla Goat, Cross",Female,Adult,BDT070436,BSR014460,AVAQ56714,Hola,qfever,Irrigated,negative
820,56633,100,25,58,0,0,Goat,"Galla Goat, Cross",Female,Adult,BDT070431,BSR014470,AVAQ56633,Hola,brucella,Irrigated,negative
820,56609,100,25,58,0,0,Sheep,Black Head Persian,Male,Adult,BDT070423,BSR013599,AVAQ56609,Hola,rvf,Irrigated,negative
820,56288,100,25,58,0,0,Goat,"Galla Goat, Cross",Female,Adult,BDT070435,BSR014445,AVAQ56288,Hola,qfever,Irrigated,negative
820,56315,100,25,58,0,0,Goat,"Galla Goat, Cross",Female,Adult,BDT070434,BSR014463,AVAQ56315,Hola,rvf,Irrigated,negative
820,54686,100,25,58,0,0,Goat,"Galla Goat, Cross",Male,Adult,BDT070444,BSR014434,AVAQ54686,Hola,brucella,Irrigated,negative
820,56624,100,25,58,0,0,Sheep,Black Head Persian,Female,Adult,BDT070443,BSR014394,AVAQ56624,Hola,brucella,Irrigated,negative
820,56699,100,25,58,0,0,Goat,"Galla Goat, Cross",Female,Weaner,BDT070440,BSR014430,AVAQ56699,Hola,qfever,Irrigated,negative
820,56614,100,25,58,0,0,Goat,"Galla Goat, Cross",Female,Adult,BDT070450,BSR014443,AVAQ56614,Hola,rvf,Irrigated,negative
820,56754,100,25,58,0,0,Sheep,Black Head Persian,Female,Adult,BDT071114,BSR013597,AVAQ56754,Hola,qfever,Irrigated,negative
820,56770,100,25,58,0,0,Sheep,Black Head Persian,Female,Adult,BDT070758,BSR014459,AVAQ56770,Hola,brucella,Irrigated,negative
820,56297,100,25,58,0,0,Goat,"Galla Goat, Cross",Female,Adult,BDT070432,BSR014425,AVAQ56297,Hola,brucella,Irrigated,negative
820,56274,100,25,58,0,0,Sheep,Black Head Persian,Female,Adult,BDT071118,BSR013579,AVAQ56274,Hola,brucella,Irrigated,negative
820,56714,100,25,58,0,0,Goat,"Galla Goat, Cross",Female,Adult,BDT070436,BSR014460,AVAQ56714,Hola,brucella,Irrigated,negative
820,56711,100,25,58,0,0,Goat,"Galla Goat, Cross",Female,Weaner,BDT070451,BSR014433,AVAQ56711,Hola,rvf,Irrigated,negative
820,56624,100,25,58,0,0,Sheep,Black Head Persian,Female,Adult,BDT070443,BSR014394,AVAQ56624,Hola,qfever,Irrigated,negative
820,56327,100,25,58,0,0,Goat,"Galla Goat, Cross",Male,Adult,BDT070438,BSR014462,AVAQ56327,Hola,brucella,Irrigated,negative
820,56761,100,25,58,0,0,Goat,"Galla Goat, Cross",Female,Adult,BDT070453,BSR014458,AVAQ56761,Hola,brucella,Irrigated,negative
820,56288,100,25,58,0,0,Goat,"Galla Goat, Cross",Female,Adult,BDT070435,BSR014445,AVAQ56288,Hola,rvf,Irrigated,negative
820,56704,100,25,58,0,0,Sheep,Black Head Persian,Female,Adult,BDT071117,BSR013581,AVAQ56704,Hola,brucella,Irrigated,negative
820,56278,100,25,58,0,0,Sheep,Black Head Persian,Female,Adult,BDT070417,BSR013609,AVAQ56278,Hola,rvf,Irrigated,negative
820,56327,100,25,58,0,0,Goat,"Galla Goat, Cross",Male,Adult,BDT070438,BSR014462,AVAQ56327,Hola,qfever,Irrigated,negative
820,56632,100,25,58,0,0,Sheep,Black Head Persian,Female,Adult,BDT070439,BSR014392,AVAQ56632,Hola,brucella,Irrigated,negative
820,56309,100,25,58,0,0,Sheep,Black Head Persian,Female,Adult,BDT070414,BSR013587,AVAQ56309,Hola,brucella,Irrigated,negative
822,56220,98.8,,,,,Sheep,Black Head Persian,Male,Adult,BDT070723,BSR014456,AVAQ56220,Hola,rvf,Irrigated,negative
822,56316,98.7,,,,,Goat,"Galla Goat, Cross",Female,Adult,BDT070734,BSR014417,AVAQ56316,Hola,qfever,Irrigated,negative
822,56627,98.6,,,,,Goat,"Galla Goat, Cross",Female,Adult,BDT070810,BSR014378,AVAQ56627,Hola,rvf,Irrigated,negative
822,56657,98.8,,,,,Sheep,Black Head Persian,Female,Adult,BDT070711,BSR014398,AVAQ56657,Hola,qfever,Irrigated,negative
822,56657,98.8,,,,,Sheep,Black Head Persian,Female,Adult,BDT070711,BSR014398,AVAQ56657,Hola,brucella,Irrigated,negative
822,56753,98.8,,,,,Sheep,Black Head Persian,Male,Weaner,BDT070709,BSR014390,AVAQ56753,Hola,rvf,Irrigated,negative
822,56657,98.8,,,,,Sheep,Black Head Persian,Female,Adult,BDT070711,BSR014398,AVAQ56657,Hola,rvf,Irrigated,positive
822,56627,98.6,,,,,Goat,"Galla Goat, Cross",Female,Adult,BDT070810,BSR014378,AVAQ56627,Hola,brucella,Irrigated,negative
822,56753,98.8,,,,,Sheep,Black Head Persian,Male,Weaner,BDT070709,BSR014390,AVAQ56753,Hola,brucella,Irrigated,negative
822,56316,98.7,,,,,Goat,"Galla Goat, Cross",Female,Adult,BDT070734,BSR014417,AVAQ56316,Hola,brucella,Irrigated,negative
822,56220,98.8,,,,,Sheep,Black Head Persian,Male,Adult,BDT070723,BSR014456,AVAQ56220,Hola,qfever,Irrigated,negative
822,56640,98.7,,,,,Goat,"Galla Goat, Cross",Male,Adult,BDT070738,BSR014424,AVAQ56640,Hola,rvf,Irrigated,negative
822,56640,98.7,,,,,Goat,"Galla Goat, Cross",Male,Adult,BDT070738,BSR014424,AVAQ56640,Hola,brucella,Irrigated,negative
822,56753,98.8,,,,,Sheep,Black Head Persian,Male,Weaner,BDT070709,BSR014390,AVAQ56753,Hola,qfever,Irrigated,negative
822,56220,98.8,,,,,Sheep,Black Head Persian,Male,Adult,BDT070723,BSR014456,AVAQ56220,Hola,brucella,Irrigated,negative
822,56627,98.6,,,,,Goat,"Galla Goat, Cross",Female,Adult,BDT070810,BSR014378,AVAQ56627,Hola,qfever,Irrigated,negative
822,56316,98.7,,,,,Goat,"Galla Goat, Cross",Female,Adult,BDT070734,BSR014417,AVAQ56316,Hola,rvf,Irrigated,negative
822,56640,98.7,,,,,Goat,"Galla Goat, Cross",Male,Adult,BDT070738,BSR014424,AVAQ56640,Hola,qfever,Irrigated,negative
832,56213,99.2,15,15,0,3,Goat,Small East African Goat,Male,Weaner,BDT070740,BSR014391,AVAQ56213,Hola,brucella,Irrigated,negative
832,56768,99.2,15,15,0,3,Sheep,Black Head Persian,Female,Adult,BDT070748,BSR014407,AVAQ56768,Hola,brucella,Irrigated,negative
832,56213,99.2,15,15,0,3,Goat,Small East African Goat,Male,Weaner,BDT070740,BSR014391,AVAQ56213,Hola,qfever,Irrigated,negative
832,56610,99.2,15,15,0,3,Sheep,Black Head Persian,Male,Adult,BDT070720,BSR014422,AVAQ56610,Hola,qfever,Irrigated,negative
832,56616,99.2,15,15,0,3,Sheep,Black Head Persian,Female,Adult,BDT070739,BSR014381,AVAQ56616,Hola,rvf,Irrigated,positive
832,56213,99.2,15,15,0,3,Goat,Small East African Goat,Male,Weaner,BDT070740,BSR014391,AVAQ56213,Hola,rvf,Irrigated,negative
832,56635,99.2,15,15,0,3,Sheep,Black Head Persian,Female,Adult,BDT070750,BSR014402,AVAQ56635,Hola,qfever,Irrigated,negative
832,56637,99.2,15,15,0,3,Goat,Small East African Goat,Female,Adult,BDT070717,BSR014382,AVAQ56637,Hola,brucella,Irrigated,negative
832,56756,99.2,15,15,0,3,Goat,"Galla Goat, Cross",Female,Adult,BDT070746,BSR014393,AVAQ56756,Hola,qfever,Irrigated,negative
832,56284,99.2,15,15,0,3,Sheep,Black Head Persian,Female,Adult,BDT070757,BSR014389,AVAQ56284,Hola,rvf,Irrigated,negative
832,56635,99.2,15,15,0,3,Sheep,Black Head Persian,Female,Adult,BDT070750,BSR014402,AVAQ56635,Hola,rvf,Irrigated,positive
832,56293,99.2,15,15,0,3,Sheep,Black Head Persian,Female,Adult,BDT070753,BSR014546,AVAQ56293,Hola,brucella,Irrigated,negative
832,56713,99.2,15,15,0,3,Sheep,Black Head Persian,Male,Weaner,BDT070751,BSR014411,AVAQ56713,Hola,brucella,Irrigated,negative
832,56616,99.2,15,15,0,3,Sheep,Black Head Persian,Female,Adult,BDT070739,BSR014381,AVAQ56616,Hola,qfever,Irrigated,negative
832,56654,99.2,15,15,0,3,Sheep,Black Head Persian,Female,Adult,BDT070737,BSR014416,AVAQ56654,Hola,brucella,Irrigated,negative
832,56610,99.2,15,15,0,3,Sheep,Black Head Persian,Male,Adult,BDT070720,BSR014422,AVAQ56610,Hola,brucella,Irrigated,negative
832,56756,99.2,15,15,0,3,Goat,"Galla Goat, Cross",Female,Adult,BDT070746,BSR014393,AVAQ56756,Hola,rvf,Irrigated,negative
832,56654,99.2,15,15,0,3,Sheep,Black Head Persian,Female,Adult,BDT070737,BSR014416,AVAQ56654,Hola,rvf,Irrigated,negative
832,56612,99.2,15,15,0,3,Sheep,Black Head Persian,Female,Adult,BDT070713,BSR014420,AVAQ56612,Hola,qfever,Irrigated,positive
832,56757,99.2,15,15,0,3,Goat,Small East African Goat,Male,Adult,BDT070749,BSR014405,AVAQ56757,Hola,brucella,Irrigated,negative
832,56224,99.2,15,15,0,3,Goat,Small East African Goat,Female,Adult,BDT070745,BSR014399,AVAQ56224,Hola,brucella,Irrigated,negative
832,56629,99.2,15,15,0,3,Sheep,Black Head Persian,Female,Adult,BDT070741,BSR014388,AVAQ56629,Hola,rvf,Irrigated,negative
832,56637,99.2,15,15,0,3,Goat,Small East African Goat,Female,Adult,BDT070717,BSR014382,AVAQ56637,Hola,rvf,Irrigated,negative
832,56616,99.2,15,15,0,3,Sheep,Black Head Persian,Female,Adult,BDT070739,BSR014381,AVAQ56616,Hola,brucella,Irrigated,negative
832,56293,99.2,15,15,0,3,Sheep,Black Head Persian,Female,Adult,BDT070753,BSR014546,AVAQ56293,Hola,rvf,Irrigated,negative
832,56635,99.2,15,15,0,3,Sheep,Black Head Persian,Female,Adult,BDT070750,BSR014402,AVAQ56635,Hola,brucella,Irrigated,negative
832,56715,99.2,15,15,0,3,Goat,Small East African Goat,Female,Adult,BDT070754,BSR014400,AVAQ56715,Hola,brucella,Irrigated,negative
832,56713,99.2,15,15,0,3,Sheep,Black Head Persian,Male,Weaner,BDT070751,BSR014411,AVAQ56713,Hola,rvf,Irrigated,negative
832,56629,99.2,15,15,0,3,Sheep,Black Head Persian,Female,Adult,BDT070741,BSR014388,AVAQ56629,Hola,qfever,Irrigated,negative
832,56768,99.2,15,15,0,3,Sheep,Black Head Persian,Female,Adult,BDT070748,BSR014407,AVAQ56768,Hola,rvf,Irrigated,negative
832,56610,99.2,15,15,0,3,Sheep,Black Head Persian,Male,Adult,BDT070720,BSR014422,AVAQ56610,Hola,rvf,Irrigated,negative
832,56637,99.2,15,15,0,3,Goat,Small East African Goat,Female,Adult,BDT070717,BSR014382,AVAQ56637,Hola,qfever,Irrigated,negative
832,56757,99.2,15,15,0,3,Goat,Small East African Goat,Male,Adult,BDT070749,BSR014405,AVAQ56757,Hola,qfever,Irrigated,negative
832,56284,99.2,15,15,0,3,Sheep,Black Head Persian,Female,Adult,BDT070757,BSR014389,AVAQ56284,Hola,brucella,Irrigated,negative
832,56715,99.2,15,15,0,3,Goat,Small East African Goat,Female,Adult,BDT070754,BSR014400,AVAQ56715,Hola,qfever,Irrigated,negative
832,56756,99.2,15,15,0,3,Goat,"Galla Goat, Cross",Female,Adult,BDT070746,BSR014393,AVAQ56756,Hola,brucella,Irrigated,negative
832,56293,99.2,15,15,0,3,Sheep,Black Head Persian,Female,Adult,BDT070753,BSR014546,AVAQ56293,Hola,qfever,Irrigated,negative
832,56612,99.2,15,15,0,3,Sheep,Black Head Persian,Female,Adult,BDT070713,BSR014420,AVAQ56612,Hola,brucella,Irrigated,negative
832,56715,99.2,15,15,0,3,Goat,Small East African Goat,Female,Adult,BDT070754,BSR014400,AVAQ56715,Hola,rvf,Irrigated,negative
832,56224,99.2,15,15,0,3,Goat,Small East African Goat,Female,Adult,BDT070745,BSR014399,AVAQ56224,Hola,rvf,Irrigated,negative
832,56757,99.2,15,15,0,3,Goat,Small East African Goat,Male,Adult,BDT070749,BSR014405,AVAQ56757,Hola,rvf,Irrigated,negative
832,56284,99.2,15,15,0,3,Sheep,Black Head Persian,Female,Adult,BDT070757,BSR014389,AVAQ56284,Hola,qfever,Irrigated,negative
832,56713,99.2,15,15,0,3,Sheep,Black Head Persian,Male,Weaner,BDT070751,BSR014411,AVAQ56713,Hola,qfever,Irrigated,negative
832,56629,99.2,15,15,0,3,Sheep,Black Head Persian,Female,Adult,BDT070741,BSR014388,AVAQ56629,Hola,brucella,Irrigated,negative
832,56612,99.2,15,15,0,3,Sheep,Black Head Persian,Female,Adult,BDT070713,BSR014420,AVAQ56612,Hola,rvf,Irrigated,negative
834,56643,98.6,9,6,0,0,Goat,"Galla Goat, Cross",Female,Adult,BDT070445,BSR014444,AVAQ56643,Hola,rvf,Irrigated,negative
834,56305,98.6,9,6,0,0,Goat,Small East African Goat,Male,Adult,BDT070428,BSR014450,AVAQ56305,Hola,qfever,Irrigated,negative
834,56764,98.6,9,6,0,0,Sheep,Black Head Persian,Female,Adult,BDT070452,BSR014449,AVAQ56764,Hola,rvf,Irrigated,negative
834,56227,98.6,9,6,0,0,Sheep,Black Head Persian,Female,Adult,BDT070455,BSR014438,AVAQ56227,Hola,brucella,Irrigated,negative
834,56766,98.6,9,6,0,0,Goat,"Galla Goat, Cross",Female,Weaner,BDT070427,BSR014452,AVAQ56766,Hola,qfever,Irrigated,negative
834,56764,98.6,9,6,0,0,Sheep,Black Head Persian,Female,Adult,BDT070452,BSR014449,AVAQ56764,Hola,brucella,Irrigated,negative
834,56643,98.6,9,6,0,0,Goat,"Galla Goat, Cross",Female,Adult,BDT070445,BSR014444,AVAQ56643,Hola,qfever,Irrigated,negative
834,56227,98.6,9,6,0,0,Sheep,Black Head Persian,Female,Adult,BDT070455,BSR014438,AVAQ56227,Hola,qfever,Irrigated,negative
834,56279,98.6,9,6,0,0,Sheep,Black Head Persian,Female,Adult,BDT070425,BSR014442,AVAQ56279,Hola,rvf,Irrigated,negative
834,56285,98.6,9,6,0,0,Goat,"Galla Goat, Cross",Female,Adult,BDT070449,BSR014454,AVAQ56285,Hola,rvf,Irrigated,negative
834,56279,98.6,9,6,0,0,Sheep,Black Head Persian,Female,Adult,BDT070425,BSR014442,AVAQ56279,Hola,qfever,Irrigated,negative
834,56305,98.6,9,6,0,0,Goat,Small East African Goat,Male,Adult,BDT070428,BSR014450,AVAQ56305,Hola,rvf,Irrigated,negative
834,56305,98.6,9,6,0,0,Goat,Small East African Goat,Male,Adult,BDT070428,BSR014450,AVAQ56305,Hola,brucella,Irrigated,negative
834,56718,98.6,9,6,0,0,Goat,"Galla Goat, Cross",Female,Weaner,BDT070424,BSR014440,AVAQ56718,Hola,brucella,Irrigated,negative
834,56718,98.6,9,6,0,0,Goat,"Galla Goat, Cross",Female,Weaner,BDT070424,BSR014440,AVAQ56718,Hola,rvf,Irrigated,negative
834,56766,98.6,9,6,0,0,Goat,"Galla Goat, Cross",Female,Weaner,BDT070427,BSR014452,AVAQ56766,Hola,brucella,Irrigated,negative
834,56285,98.6,9,6,0,0,Goat,"Galla Goat, Cross",Female,Adult,BDT070449,BSR014454,AVAQ56285,Hola,qfever,Irrigated,negative
834,56643,98.6,9,6,0,0,Goat,"Galla Goat, Cross",Female,Adult,BDT070445,BSR014444,AVAQ56643,Hola,brucella,Irrigated,negative
834,56279,98.6,9,6,0,0,Sheep,Black Head Persian,Female,Adult,BDT070425,BSR014442,AVAQ56279,Hola,brucella,Irrigated,negative
834,56718,98.6,9,6,0,0,Goat,"Galla Goat, Cross",Female,Weaner,BDT070424,BSR014440,AVAQ56718,Hola,qfever,Irrigated,negative
834,56766,98.6,9,6,0,0,Goat,"Galla Goat, Cross",Female,Weaner,BDT070427,BSR014452,AVAQ56766,Hola,rvf,Irrigated,negative
834,56285,98.6,9,6,0,0,Goat,"Galla Goat, Cross",Female,Adult,BDT070449,BSR014454,AVAQ56285,Hola,brucella,Irrigated,negative
834,56227,98.6,9,6,0,0,Sheep,Black Head Persian,Female,Adult,BDT070455,BSR014438,AVAQ56227,Hola,rvf,Irrigated,negative
834,56764,98.6,9,6,0,0,Sheep,Black Head Persian,Female,Adult,BDT070452,BSR014449,AVAQ56764,Hola,qfever,Irrigated,positive
835,56621,98.6,1,1,0,0,Goat,Small East African Goat,Female,Adult,BDT070811,BSR014408,AVAQ56621,Hola,brucella,Irrigated,negative
835,56308,98.6,1,1,0,0,Sheep,Black Head Persian,Female,Adult,BDT070752,BSR014384,AVAQ56308,Hola,brucella,Irrigated,negative
835,56308,98.6,1,1,0,0,Sheep,Black Head Persian,Female,Adult,BDT070752,BSR014384,AVAQ56308,Hola,rvf,Irrigated,negative
835,56308,98.6,1,1,0,0,Sheep,Black Head Persian,Female,Adult,BDT070752,BSR014384,AVAQ56308,Hola,qfever,Irrigated,negative
835,56621,98.6,1,1,0,0,Goat,Small East African Goat,Female,Adult,BDT070811,BSR014408,AVAQ56621,Hola,rvf,Irrigated,negative
840,56760,99.5,4,0,0,0,Goat,"Galla Goat, Cross",Female,Adult,BDT070456,BSR014474,AVAQ56760,Hola,qfever,Irrigated,negative
840,56760,99.5,4,0,0,0,Goat,"Galla Goat, Cross",Female,Adult,BDT070456,BSR014474,AVAQ56760,Hola,brucella,Irrigated,negative
840,56695,99.5,4,0,0,0,Goat,"Galla Goat, Cross",Female,Adult,BDT070442,BSR014469,AVAQ56695,Hola,brucella,Irrigated,negative
840,56760,99.5,4,0,0,0,Goat,"Galla Goat, Cross",Female,Adult,BDT070456,BSR014474,AVAQ56760,Hola,rvf,Irrigated,negative
840,56695,99.5,4,0,0,0,Goat,"Galla Goat, Cross",Female,Adult,BDT070442,BSR014469,AVAQ56695,Hola,qfever,Irrigated,positive
840,56695,99.5,4,0,0,0,Goat,"Galla Goat, Cross",Female,Adult,BDT070442,BSR014469,AVAQ56695,Hola,rvf,Irrigated,negative
843,56217,98.7,3,8,0,2,Goat,"Galla Goat, Cross",Female,Adult,BDT070736,BSR014412,AVAQ56217,Hola,brucella,Irrigated,negative
843,56642,98.7,3,8,0,2,Sheep,Black Head Persian,Male,Weaner,BDT070756,BSR014413,AVAQ56642,Hola,brucella,Irrigated,negative
843,56231,98.7,3,8,0,2,Sheep,Black Head Persian,Male,Weaner,BDT070729,BSR014426,AVAQ56231,Hola,qfever,Irrigated,negative
843,56217,98.7,3,8,0,2,Goat,"Galla Goat, Cross",Female,Adult,BDT070736,BSR014412,AVAQ56217,Hola,rvf,Irrigated,negative
843,56694,98.7,3,8,0,2,Sheep,Black Head Persian,Male,Adult,BDT070721,BSR014465,AVAQ56694,Hola,rvf,Irrigated,negative
843,56311,98.7,3,8,0,2,Goat,"Galla Goat, Cross",Female,Adult,BDT070731,BSR014401,AVAQ56311,Hola,brucella,Irrigated,negative
843,56694,98.7,3,8,0,2,Sheep,Black Head Persian,Male,Adult,BDT070721,BSR014465,AVAQ56694,Hola,brucella,Irrigated,negative
843,56658,98.7,3,8,0,2,Sheep,Black Head Persian,Female,Adult,BDT070719,BSR014446,AVAQ56658,Hola,rvf,Irrigated,negative
843,56311,98.7,3,8,0,2,Goat,"Galla Goat, Cross",Female,Adult,BDT070731,BSR014401,AVAQ56311,Hola,rvf,Irrigated,negative
843,56642,98.7,3,8,0,2,Sheep,Black Head Persian,Male,Weaner,BDT070756,BSR014413,AVAQ56642,Hola,qfever,Irrigated,negative
843,56642,98.7,3,8,0,2,Sheep,Black Head Persian,Male,Weaner,BDT070756,BSR014413,AVAQ56642,Hola,rvf,Irrigated,negative
843,56231,98.7,3,8,0,2,Sheep,Black Head Persian,Male,Weaner,BDT070729,BSR014426,AVAQ56231,Hola,rvf,Irrigated,negative
843,56658,98.7,3,8,0,2,Sheep,Black Head Persian,Female,Adult,BDT070719,BSR014446,AVAQ56658,Hola,brucella,Irrigated,negative
843,56658,98.7,3,8,0,2,Sheep,Black Head Persian,Female,Adult,BDT070719,BSR014446,AVAQ56658,Hola,qfever,Irrigated,negative
843,56231,98.7,3,8,0,2,Sheep,Black Head Persian,Male,Weaner,BDT070729,BSR014426,AVAQ56231,Hola,brucella,Irrigated,negative
843,56217,98.7,3,8,0,2,Goat,"Galla Goat, Cross",Female,Adult,BDT070736,BSR014412,AVAQ56217,Hola,qfever,Irrigated,negative
843,56311,98.7,3,8,0,2,Goat,"Galla Goat, Cross",Female,Adult,BDT070731,BSR014401,AVAQ56311,Hola,qfever,Irrigated,negative
843,56694,98.7,3,8,0,2,Sheep,Black Head Persian,Male,Adult,BDT070721,BSR014465,AVAQ56694,Hola,qfever,Irrigated,negative
858,56230,98.6,2,0,0,0,Goat,"Galla Goat, Cross",Female,Adult,BDT070457,BSR014467,AVAQ56230,Hola,qfever,Irrigated,negative
858,56230,98.6,2,0,0,0,Goat,"Galla Goat, Cross",Female,Adult,BDT070457,BSR014467,AVAQ56230,Hola,rvf,Irrigated,negative
858,56230,98.6,2,0,0,0,Goat,"Galla Goat, Cross",Female,Adult,BDT070457,BSR014467,AVAQ56230,Hola,brucella,Irrigated,negative
912,56328,99.9,,,,,Goat,"Galla Goat, Cross",Male,Adult,BDT070447,BSR014448,AVAQ56328,Hola,rvf,Irrigated,negative
912,56328,99.9,,,,,Goat,"Galla Goat, Cross",Male,Adult,BDT070447,BSR014448,AVAQ56328,Hola,qfever,Irrigated,negative
912,56328,99.9,,,,,Goat,"Galla Goat, Cross",Male,Adult,BDT070447,BSR014448,AVAQ56328,Hola,brucella,Irrigated,negative
912,56241,100.1,,,,,Goat,"Galla Goat, Cross",Female,Adult,BDT070426,BSR014447,AVAQ56241,Hola,rvf,Irrigated,negative
912,56241,100.1,,,,,Goat,"Galla Goat, Cross",Female,Adult,BDT070426,BSR014447,AVAQ56241,Hola,qfever,Irrigated,positive
912,56241,100.1,,,,,Goat,"Galla Goat, Cross",Female,Adult,BDT070426,BSR014447,AVAQ56241,Hola,brucella,Irrigated,negative
944,56644,98.3,2,0,0,0,Goat,"Galla Goat, Cross",Female,Adult,BDT070730,BSR014427,AVAQ56644,Hola,rvf,Irrigated,negative
944,56301,98.3,2,0,0,0,Goat,"Galla Goat, Cross",Female,Weaner,BDT070458,BSR014464,AVAQ56301,Hola,qfever,Irrigated,negative
944,56301,98.3,2,0,0,0,Goat,"Galla Goat, Cross",Female,Weaner,BDT070458,BSR014464,AVAQ56301,Hola,rvf,Irrigated,negative
944,56644,98.3,2,0,0,0,Goat,"Galla Goat, Cross",Female,Adult,BDT070730,BSR014427,AVAQ56644,Hola,qfever,Irrigated,negative
944,56301,98.3,2,0,0,0,Goat,"Galla Goat, Cross",Female,Weaner,BDT070458,BSR014464,AVAQ56301,Hola,brucella,Irrigated,negative
944,56644,98.3,2,0,0,0,Goat,"Galla Goat, Cross",Female,Adult,BDT070730,BSR014427,AVAQ56644,Hola,brucella,Irrigated,negative
947,56287,98.1,2,0,0,0,Goat,"Galla Goat, Cross",Female,Weaner,BDT070441,BSR014455,AVAQ56287,Hola,brucella,Irrigated,negative
947,56287,98.1,2,0,0,0,Goat,"Galla Goat, Cross",Female,Weaner,BDT070441,BSR014455,AVAQ56287,Hola,qfever,Irrigated,negative
947,56287,98.1,2,0,0,0,Goat,"Galla Goat, Cross",Female,Weaner,BDT070441,BSR014455,AVAQ56287,Hola,rvf,Irrigated,negative
1004,56716,98.4,15,5,0,3,Sheep,Black Head Persian,Male,Adult,BDT070715,BSR014441,AVAQ56716,Hola,brucella,Irrigated,negative
1004,56235,98.4,15,5,0,3,Goat,"Galla Goat, Cross",Female,Weaner,BDT070727,BSR014421,AVAQ56235,Hola,qfever,Irrigated,negative
1004,56720,98.4,15,5,0,3,Sheep,Black Head Persian,Female,Adult,BDT070747,BSR014436,AVAQ56720,Hola,brucella,Irrigated,negative
1004,56774,98.4,15,5,0,3,Sheep,Black Head Persian,Male,Weaner,BDT070718,BSR014461,AVAQ56774,Hola,brucella,Irrigated,negative
1004,56776,98.4,15,5,0,3,Goat,"Galla Goat, Cross",Female,Adult,BDT070725,BSR014466,AVAQ56776,Hola,qfever,Irrigated,positive
1004,56648,98.4,15,5,0,3,Goat,"Galla Goat, Cross",Female,Adult,BDT070714,BSR014451,AVAQ56648,Hola,brucella,Irrigated,negative
1004,56242,98.4,15,5,0,3,Sheep,Black Head Persian,Female,Adult,BDT070732,BSR014414,AVAQ56242,Hola,qfever,Irrigated,negative
1004,56235,98.4,15,5,0,3,Goat,"Galla Goat, Cross",Female,Weaner,BDT070727,BSR014421,AVAQ56235,Hola,rvf,Irrigated,negative
1004,56720,98.4,15,5,0,3,Sheep,Black Head Persian,Female,Adult,BDT070747,BSR014436,AVAQ56720,Hola,qfever,Irrigated,negative
1004,56648,98.4,15,5,0,3,Goat,"Galla Goat, Cross",Female,Adult,BDT070714,BSR014451,AVAQ56648,Hola,qfever,Irrigated,negative
1004,56242,98.4,15,5,0,3,Sheep,Black Head Persian,Female,Adult,BDT070732,BSR014414,AVAQ56242,Hola,brucella,Irrigated,negative
1004,56282,98.4,15,5,0,3,Goat,Small East African Goat,Female,Adult,BDT070744,BSR014423,AVAQ56282,Hola,rvf,Irrigated,negative
1004,56222,98.4,15,5,0,3,Goat,"Galla Goat, Cross",Female,Adult,BDT070710,BSR014471,AVAQ56222,Hola,rvf,Irrigated,negative
1004,56758,98.4,15,5,0,3,Sheep,Black Head Persian,Female,Adult,BDT070722,BSR014431,AVAQ56758,Hola,brucella,Irrigated,negative
1004,56720,98.4,15,5,0,3,Sheep,Black Head Persian,Female,Adult,BDT070747,BSR014436,AVAQ56720,Hola,rvf,Irrigated,negative
1004,56774,98.4,15,5,0,3,Sheep,Black Head Persian,Male,Weaner,BDT070718,BSR014461,AVAQ56774,Hola,rvf,Irrigated,negative
1004,56758,98.4,15,5,0,3,Sheep,Black Head Persian,Female,Adult,BDT070722,BSR014431,AVAQ56758,Hola,rvf,Irrigated,negative
1004,56716,98.4,15,5,0,3,Sheep,Black Head Persian,Male,Adult,BDT070715,BSR014441,AVAQ56716,Hola,rvf,Irrigated,negative
1004,56716,98.4,15,5,0,3,Sheep,Black Head Persian,Male,Adult,BDT070715,BSR014441,AVAQ56716,Hola,qfever,Irrigated,positive
1004,56282,98.4,15,5,0,3,Goat,Small East African Goat,Female,Adult,BDT070744,BSR014423,AVAQ56282,Hola,qfever,Irrigated,negative
1004,56774,98.4,15,5,0,3,Sheep,Black Head Persian,Male,Weaner,BDT070718,BSR014461,AVAQ56774,Hola,qfever,Irrigated,negative
1004,56776,98.4,15,5,0,3,Goat,"Galla Goat, Cross",Female,Adult,BDT070725,BSR014466,AVAQ56776,Hola,rvf,Irrigated,negative
1004,56222,98.4,15,5,0,3,Goat,"Galla Goat, Cross",Female,Adult,BDT070710,BSR014471,AVAQ56222,Hola,brucella,Irrigated,negative
1004,56776,98.4,15,5,0,3,Goat,"Galla Goat, Cross",Female,Adult,BDT070725,BSR014466,AVAQ56776,Hola,brucella,Irrigated,negative
1004,56282,98.4,15,5,0,3,Goat,Small East African Goat,Female,Adult,BDT070744,BSR014423,AVAQ56282,Hola,brucella,Irrigated,negative
1004,56758,98.4,15,5,0,3,Sheep,Black Head Persian,Female,Adult,BDT070722,BSR014431,AVAQ56758,Hola,qfever,Irrigated,positive
1004,56222,98.4,15,5,0,3,Goat,"Galla Goat, Cross",Female,Adult,BDT070710,BSR014471,AVAQ56222,Hola,qfever,Irrigated,negative
1004,56648,98.4,15,5,0,3,Goat,"Galla Goat, Cross",Female,Adult,BDT070714,BSR014451,AVAQ56648,Hola,rvf,Irrigated,negative
1004,56235,98.4,15,5,0,3,Goat,"Galla Goat, Cross",Female,Weaner,BDT070727,BSR014421,AVAQ56235,Hola,brucella,Irrigated,negative
1004,56242,98.4,15,5,0,3,Sheep,Black Head Persian,Female,Adult,BDT070732,BSR014414,AVAQ56242,Hola,rvf,Irrigated,negative
1009,56775,99,2,0,0,0,Goat,"Galla Goat, Cross",Female,Adult,BDT070742,BSR014406,AVAQ56775,Hola,rvf,Irrigated,negative
1009,56775,99,2,0,0,0,Goat,"Galla Goat, Cross",Female,Adult,BDT070742,BSR014406,AVAQ56775,Hola,brucella,Irrigated,negative
1009,56223,99,2,0,0,0,Goat,"Galla Goat, Cross",Female,Adult,BDT070743,BSR014419,AVAQ56223,Hola,rvf,Irrigated,negative
1009,56775,99,2,0,0,0,Goat,"Galla Goat, Cross",Female,Adult,BDT070742,BSR014406,AVAQ56775,Hola,qfever,Irrigated,negative
1009,56223,99,2,0,0,0,Goat,"Galla Goat, Cross",Female,Adult,BDT070743,BSR014419,AVAQ56223,Hola,brucella,Irrigated,negative
1009,56223,99,2,0,0,0,Goat,"Galla Goat, Cross",Female,Adult,BDT070743,BSR014419,AVAQ56223,Hola,qfever,Irrigated,negative
1022,56709,99.2,14,0,0,0,Goat,"Galla Goat, Cross",Female,Adult,BDT070728,BSR014473,AVAQ56709,Hola,brucella,Irrigated,negative
1022,56273,99.2,14,0,0,0,Goat,"Galla Goat, Cross",Female,Adult,BDT070858,BSR014403,AVAQ56273,Hola,qfever,Irrigated,negative
1022,56765,99.2,14,0,0,0,Goat,"Galla Goat, Cross",Female,Adult,BDT070716,BSR014468,AVAQ56765,Hola,rvf,Irrigated,negative
1022,56709,99.2,14,0,0,0,Goat,"Galla Goat, Cross",Female,Adult,BDT070728,BSR014473,AVAQ56709,Hola,qfever,Irrigated,negative
1022,56273,99.2,14,0,0,0,Goat,"Galla Goat, Cross",Female,Adult,BDT070858,BSR014403,AVAQ56273,Hola,rvf,Irrigated,negative
1022,56613,99.2,14,0,0,0,Goat,"Galla Goat, Cross",Female,Adult,BDT070735,BSR014472,AVAQ56613,Hola,qfever,Irrigated,negative
1022,56615,99.2,14,0,0,0,Goat,"Galla Goat, Cross",Female,Adult,BDT070712,BSR014428,AVAQ56615,Hola,brucella,Irrigated,negative
1022,56214,99.2,14,0,0,0,Goat,"Galla Goat, Cross",Male,Adult,BDT070733,BSR014429,AVAQ56214,Hola,brucella,Irrigated,negative
1022,56613,99.2,14,0,0,0,Goat,"Galla Goat, Cross",Female,Adult,BDT070735,BSR014472,AVAQ56613,Hola,brucella,Irrigated,negative
1022,56765,99.2,14,0,0,0,Goat,"Galla Goat, Cross",Female,Adult,BDT070716,BSR014468,AVAQ56765,Hola,brucella,Irrigated,negative
1022,56615,99.2,14,0,0,0,Goat,"Galla Goat, Cross",Female,Adult,BDT070712,BSR014428,AVAQ56615,Hola,qfever,Irrigated,negative
1022,56214,99.2,14,0,0,0,Goat,"Galla Goat, Cross",Male,Adult,BDT070733,BSR014429,AVAQ56214,Hola,rvf,Irrigated,negative
1022,56615,99.2,14,0,0,0,Goat,"Galla Goat, Cross",Female,Adult,BDT070712,BSR014428,AVAQ56615,Hola,rvf,Irrigated,negative
1022,56653,99.2,14,0,0,0,Goat,Galla Goat,Male,Adult,BDT070813,BSR014376,AVAQ56653,Hola,brucella,Irrigated,negative
1022,56765,99.2,14,0,0,0,Goat,"Galla Goat, Cross",Female,Adult,BDT070716,BSR014468,AVAQ56765,Hola,qfever,Irrigated,negative
1022,56709,99.2,14,0,0,0,Goat,"Galla Goat, Cross",Female,Adult,BDT070728,BSR014473,AVAQ56709,Hola,rvf,Irrigated,negative
1022,56214,99.2,14,0,0,0,Goat,"Galla Goat, Cross",Male,Adult,BDT070733,BSR014429,AVAQ56214,Hola,qfever,Irrigated,negative
1022,56273,99.2,14,0,0,0,Goat,"Galla Goat, Cross",Female,Adult,BDT070858,BSR014403,AVAQ56273,Hola,brucella,Irrigated,negative
1022,56653,99.2,14,0,0,0,Goat,Galla Goat,Male,Adult,BDT070813,BSR014376,AVAQ56653,Hola,qfever,Irrigated,negative
1022,56653,99.2,14,0,0,0,Goat,Galla Goat,Male,Adult,BDT070813,BSR014376,AVAQ56653,Hola,rvf,Irrigated,negative
1022,56613,99.2,14,0,0,0,Goat,"Galla Goat, Cross",Female,Adult,BDT070735,BSR014472,AVAQ56613,Hola,rvf,Irrigated,negative
1075,57124,101.2,20,28,0,0,Goat,"Galla Goat, Cross",Female,Weaner,BDT070761,BSR013610,AVAQ57124,Hola,brucella,Irrigated,negative
1075,57124,101.2,20,28,0,0,Goat,"Galla Goat, Cross",Female,Weaner,BDT070761,BSR013610,AVAQ57124,Hola,qfever,Irrigated,negative
1075,57893,101.2,20,28,0,0,Goat,"Galla Goat, Cross",Female,Adult,BDT070806,BSR013621,AVAQ57893,Hola,brucella,Irrigated,negative
1075,57935,101.2,20,28,0,0,Goat,"Galla Goat, Cross",Female,Adult,BDT070805,BSR013688,AVAQ57935,Hola,rvf,Irrigated,positive
1075,56974,101.2,20,28,0,0,Goat,"Galla Goat, Cross",Female,Adult,BDT070797,BSR013631,AVAQ56974,Hola,rvf,Irrigated,positive
1075,58111,101.2,20,28,0,0,Goat,"Galla Goat, Cross",Female,Weaner,BDT070769,BSR013619,AVAQ58111,Hola,brucella,Irrigated,negative
1075,58086,101.2,20,28,0,0,Sheep,Black Head Persian,Female,Weaner,BDT070783,BSR013602,AVAQ58086,Hola,brucella,Irrigated,negative
1075,57850,101.2,20,28,0,0,Goat,"Galla Goat, Cross",Female,Adult,BDT070770,BSR013594,AVAQ57850,Hola,qfever,Irrigated,negative
1075,56905,101.2,20,28,0,0,Sheep,Black Head Persian,Male,Adult,BDT070800,BSR013626,AVAQ56905,Hola,qfever,Irrigated,negative
1075,56915,101.2,20,28,0,0,Sheep,Black Head Persian,Male,Weaner,BDT070787,BSR013629,AVAQ56915,Hola,brucella,Irrigated,negative
1075,56984,101.2,20,28,0,0,Sheep,Black Head Persian,Female,Adult,BDT070767,BSR013722,AVAQ56984,Hola,rvf,Irrigated,negative
1075,56962,101.2,20,28,0,0,Sheep,Black Head Persian,Female,Adult,BDT070794,BSR013604,AVAQ56962,Hola,brucella,Irrigated,negative
1075,57018,101.2,20,28,0,0,Sheep,Black Head Persian,Female,Adult,BDT070778,BSR013635,AVAQ57018,Hola,brucella,Irrigated,negative
1075,56799,101.2,20,28,0,0,Sheep,Black Head Persian,Female,Adult,BDT070804,BSR013591,AVAQ56799,Hola,rvf,Irrigated,positive
1075,56912,101.2,20,28,0,0,Sheep,Black Head Persian,Female,Adult,BDT070762,BSR013596,AVAQ56912,Hola,brucella,Irrigated,negative
1075,56940,101.2,20,28,0,0,Sheep,Black Head Persian,Female,Adult,BDT070774,BSR013660,AVAQ56940,Hola,qfever,Irrigated,negative
1075,58111,101.2,20,28,0,0,Goat,"Galla Goat, Cross",Female,Weaner,BDT070769,BSR013619,AVAQ58111,Hola,rvf,Irrigated,negative
1075,58086,101.2,20,28,0,0,Sheep,Black Head Persian,Female,Weaner,BDT070783,BSR013602,AVAQ58086,Hola,qfever,Irrigated,negative
1075,56976,101.2,20,28,0,0,Goat,"Galla Goat, Cross",Female,Adult,BDT070803,BSR013630,AVAQ56976,Hola,brucella,Irrigated,negative
1075,56962,101.2,20,28,0,0,Sheep,Black Head Persian,Female,Adult,BDT070794,BSR013604,AVAQ56962,Hola,qfever,Irrigated,negative
1075,56937,101.2,20,28,0,0,Goat,"Galla Goat, Cross",Female,Adult,BDT070793,BSR013648,AVAQ56937,Hola,rvf,Irrigated,positive
1075,56905,101.2,20,28,0,0,Sheep,Black Head Persian,Male,Adult,BDT070800,BSR013626,AVAQ56905,Hola,rvf,Irrigated,positive
1075,57893,101.2,20,28,0,0,Goat,"Galla Goat, Cross",Female,Adult,BDT070806,BSR013621,AVAQ57893,Hola,qfever,Irrigated,negative
1075,56974,101.2,20,28,0,0,Goat,"Galla Goat, Cross",Female,Adult,BDT070797,BSR013631,AVAQ56974,Hola,brucella,Irrigated,negative
1075,56915,101.2,20,28,0,0,Sheep,Black Head Persian,Male,Weaner,BDT070787,BSR013629,AVAQ56915,Hola,qfever,Irrigated,negative
1075,56912,101.2,20,28,0,0,Sheep,Black Head Persian,Female,Adult,BDT070762,BSR013596,AVAQ56912,Hola,rvf,Irrigated,positive
1075,58111,101.2,20,28,0,0,Goat,"Galla Goat, Cross",Female,Weaner,BDT070769,BSR013619,AVAQ58111,Hola,qfever,Irrigated,negative
1075,57935,101.2,20,28,0,0,Goat,"Galla Goat, Cross",Female,Adult,BDT070805,BSR013688,AVAQ57935,Hola,brucella,Irrigated,negative
1075,56905,101.2,20,28,0,0,Sheep,Black Head Persian,Male,Adult,BDT070800,BSR013626,AVAQ56905,Hola,brucella,Irrigated,negative
1075,56799,101.2,20,28,0,0,Sheep,Black Head Persian,Female,Adult,BDT070804,BSR013591,AVAQ56799,Hola,qfever,Irrigated,negative
1075,56937,101.2,20,28,0,0,Goat,"Galla Goat, Cross",Female,Adult,BDT070793,BSR013648,AVAQ56937,Hola,brucella,Irrigated,negative
1075,56984,101.2,20,28,0,0,Sheep,Black Head Persian,Female,Adult,BDT070767,BSR013722,AVAQ56984,Hola,qfever,Irrigated,negative
1075,57935,101.2,20,28,0,0,Goat,"Galla Goat, Cross",Female,Adult,BDT070805,BSR013688,AVAQ57935,Hola,qfever,Irrigated,positive
1075,58086,101.2,20,28,0,0,Sheep,Black Head Persian,Female,Weaner,BDT070783,BSR013602,AVAQ58086,Hola,rvf,Irrigated,negative
1075,56940,101.2,20,28,0,0,Sheep,Black Head Persian,Female,Adult,BDT070774,BSR013660,AVAQ56940,Hola,rvf,Irrigated,positive
1075,56799,101.2,20,28,0,0,Sheep,Black Head Persian,Female,Adult,BDT070804,BSR013591,AVAQ56799,Hola,brucella,Irrigated,negative
1075,57850,101.2,20,28,0,0,Goat,"Galla Goat, Cross",Female,Adult,BDT070770,BSR013594,AVAQ57850,Hola,rvf,Irrigated,negative
1075,56944,101.2,20,28,0,0,Goat,"Galla Goat, Cross",Female,Adult,BDT070764,BSR013585,AVAQ56944,Hola,qfever,Irrigated,negative
1075,57018,101.2,20,28,0,0,Sheep,Black Head Persian,Female,Adult,BDT070778,BSR013635,AVAQ57018,Hola,rvf,Irrigated,positive
1075,56974,101.2,20,28,0,0,Goat,"Galla Goat, Cross",Female,Adult,BDT070797,BSR013631,AVAQ56974,Hola,qfever,Irrigated,positive
1075,56912,101.2,20,28,0,0,Sheep,Black Head Persian,Female,Adult,BDT070762,BSR013596,AVAQ56912,Hola,qfever,Irrigated,positive
1075,57018,101.2,20,28,0,0,Sheep,Black Head Persian,Female,Adult,BDT070778,BSR013635,AVAQ57018,Hola,qfever,Irrigated,positive
1075,57850,101.2,20,28,0,0,Goat,"Galla Goat, Cross",Female,Adult,BDT070770,BSR013594,AVAQ57850,Hola,brucella,Irrigated,negative
1075,57124,101.2,20,28,0,0,Goat,"Galla Goat, Cross",Female,Weaner,BDT070761,BSR013610,AVAQ57124,Hola,rvf,Irrigated,negative
1075,56984,101.2,20,28,0,0,Sheep,Black Head Persian,Female,Adult,BDT070767,BSR013722,AVAQ56984,Hola,brucella,Irrigated,negative
1075,57893,101.2,20,28,0,0,Goat,"Galla Goat, Cross",Female,Adult,BDT070806,BSR013621,AVAQ57893,Hola,rvf,Irrigated,positive
1075,58062,101.2,20,28,0,0,Sheep,Black Head Persian,Female,Adult,BDT070799,BSR013634,AVAQ58062,Hola,rvf,Irrigated,positive
1075,57016,101.2,20,28,0,0,Goat,"Galla Goat, Cross",Male,Weaner,BDT070765,BSR013641,AVAQ57016,Hola,qfever,Irrigated,negative
1075,58062,101.2,20,28,0,0,Sheep,Black Head Persian,Female,Adult,BDT070799,BSR013634,AVAQ58062,Hola,brucella,Irrigated,negative
1075,56940,101.2,20,28,0,0,Sheep,Black Head Persian,Female,Adult,BDT070774,BSR013660,AVAQ56940,Hola,brucella,Irrigated,negative
1075,57016,101.2,20,28,0,0,Goat,"Galla Goat, Cross",Male,Weaner,BDT070765,BSR013641,AVAQ57016,Hola,brucella,Irrigated,negative
1075,58062,101.2,20,28,0,0,Sheep,Black Head Persian,Female,Adult,BDT070799,BSR013634,AVAQ58062,Hola,qfever,Irrigated,positive
1075,56915,101.2,20,28,0,0,Sheep,Black Head Persian,Male,Weaner,BDT070787,BSR013629,AVAQ56915,Hola,rvf,Irrigated,negative
1075,56976,101.2,20,28,0,0,Goat,"Galla Goat, Cross",Female,Adult,BDT070803,BSR013630,AVAQ56976,Hola,rvf,Irrigated,positive
1075,56944,101.2,20,28,0,0,Goat,"Galla Goat, Cross",Female,Adult,BDT070764,BSR013585,AVAQ56944,Hola,rvf,Irrigated,negative
1075,57016,101.2,20,28,0,0,Goat,"Galla Goat, Cross",Male,Weaner,BDT070765,BSR013641,AVAQ57016,Hola,rvf,Irrigated,negative
1075,56937,101.2,20,28,0,0,Goat,"Galla Goat, Cross",Female,Adult,BDT070793,BSR013648,AVAQ56937,Hola,qfever,Irrigated,negative
1075,56944,101.2,20,28,0,0,Goat,"Galla Goat, Cross",Female,Adult,BDT070764,BSR013585,AVAQ56944,Hola,brucella,Irrigated,negative
1075,56962,101.2,20,28,0,0,Sheep,Black Head Persian,Female,Adult,BDT070794,BSR013604,AVAQ56962,Hola,rvf,Irrigated,positive
1075,56976,101.2,20,28,0,0,Goat,"Galla Goat, Cross",Female,Adult,BDT070803,BSR013630,AVAQ56976,Hola,qfever,Irrigated,negative
1097,56855,99.6,8,0,0,0,Goat,"Galla Goat, Cross",Female,Adult,BDT070662,BSR013666,AVAQ56855,Hola,brucella,Irrigated,negative
1097,57843,99.6,8,0,0,0,Goat,"Galla Goat, Cross",Male,Weaner,BDT070599,BSR013654,AVAQ57843,Hola,rvf,Irrigated,negative
1097,56969,99.6,8,0,0,0,Goat,"Galla Goat, Cross",Male,Adult,BDT070568,BSR013669,AVAQ56969,Hola,brucella,Irrigated,negative
1097,57899,99.6,8,0,0,0,Goat,"Galla Goat, Cross",Female,Adult,BDT070565,BSR013672,AVAQ57899,Hola,brucella,Irrigated,negative
1097,57843,99.6,8,0,0,0,Goat,"Galla Goat, Cross",Male,Weaner,BDT070599,BSR013654,AVAQ57843,Hola,brucella,Irrigated,negative
1097,57899,99.6,8,0,0,0,Goat,"Galla Goat, Cross",Female,Adult,BDT070565,BSR013672,AVAQ57899,Hola,qfever,Irrigated,negative
1097,56855,99.6,8,0,0,0,Goat,"Galla Goat, Cross",Female,Adult,BDT070662,BSR013666,AVAQ56855,Hola,qfever,Irrigated,negative
1097,57843,99.6,8,0,0,0,Goat,"Galla Goat, Cross",Male,Weaner,BDT070599,BSR013654,AVAQ57843,Hola,qfever,Irrigated,negative
1097,56969,99.6,8,0,0,0,Goat,"Galla Goat, Cross",Male,Adult,BDT070568,BSR013669,AVAQ56969,Hola,rvf,Irrigated,positive
1097,56855,99.6,8,0,0,0,Goat,"Galla Goat, Cross",Female,Adult,BDT070662,BSR013666,AVAQ56855,Hola,rvf,Irrigated,positive
1097,57899,99.6,8,0,0,0,Goat,"Galla Goat, Cross",Female,Adult,BDT070565,BSR013672,AVAQ57899,Hola,rvf,Irrigated,positive
1097,56969,99.6,8,0,0,0,Goat,"Galla Goat, Cross",Male,Adult,BDT070568,BSR013669,AVAQ56969,Hola,qfever,Irrigated,negative
1099,56961,99,4,3,0,0,Sheep,Black Head Persian,Female,Adult,BDT071135,BSR013600,AVAQ56961,Hola,brucella,Irrigated,negative
1099,56876,99,4,3,0,0,Goat,"Galla Goat, Cross",Female,Adult,BDT071144,BSR014409,AVAQ56876,Hola,qfever,Irrigated,negative
1099,56919,99,4,3,0,0,Goat,"Galla Goat, Cross",Female,Adult,BDT070567,BSR013674,AVAQ56919,Hola,qfever,Irrigated,positive
1099,56778,99,4,3,0,0,Sheep,Black Head Persian,Female,Adult,BDT070608,BSR013662,AVAQ56778,Hola,brucella,Irrigated,negative
1099,56919,99,4,3,0,0,Goat,"Galla Goat, Cross",Female,Adult,BDT070567,BSR013674,AVAQ56919,Hola,brucella,Irrigated,negative
1099,56961,99,4,3,0,0,Sheep,Black Head Persian,Female,Adult,BDT071135,BSR013600,AVAQ56961,Hola,rvf,Irrigated,negative
1099,56876,99,4,3,0,0,Goat,"Galla Goat, Cross",Female,Adult,BDT071144,BSR014409,AVAQ56876,Hola,brucella,Irrigated,negative
1099,56876,99,4,3,0,0,Goat,"Galla Goat, Cross",Female,Adult,BDT071144,BSR014409,AVAQ56876,Hola,rvf,Irrigated,positive
1099,56778,99,4,3,0,0,Sheep,Black Head Persian,Female,Adult,BDT070608,BSR013662,AVAQ56778,Hola,rvf,Irrigated,positive
1099,56961,99,4,3,0,0,Sheep,Black Head Persian,Female,Adult,BDT071135,BSR013600,AVAQ56961,Hola,qfever,Irrigated,negative
1099,56919,99,4,3,0,0,Goat,"Galla Goat, Cross",Female,Adult,BDT070567,BSR013674,AVAQ56919,Hola,rvf,Irrigated,positive
1103,57212,99.6,20,0,0,0,Goat,"Galla Goat, Cross",Female,Adult,BDT071125,BSR013582,AVAQ57212,Hola,qfever,Irrigated,negative
1103,56827,99.6,20,0,0,0,Goat,"Galla Goat, Cross",Female,Adult,BDT070419,BSR014410,AVAQ56827,Hola,qfever,Irrigated,negative
1103,57871,99.6,20,0,0,0,Goat,"Galla Goat, Cross",Female,Adult,BDT070576,BSR014397,AVAQ57871,Hola,rvf,Irrigated,positive
1103,58101,99.6,20,0,0,0,Goat,"Galla Goat, Cross",Female,Adult,BDT070812,BSR013689,AVAQ58101,Hola,rvf,Irrigated,positive
1103,57871,99.6,20,0,0,0,Goat,"Galla Goat, Cross",Female,Adult,BDT070576,BSR014397,AVAQ57871,Hola,qfever,Irrigated,positive
1103,58079,99.6,20,0,0,0,Goat,"Galla Goat, Cross",Female,Adult,BDT071109,BSR013576,AVAQ58079,Hola,qfever,Irrigated,positive
1103,56864,99.6,20,0,0,0,Goat,"Galla Goat, Cross",Female,Adult,BDT070412,BSR014437,AVAQ56864,Hola,rvf,Irrigated,positive
1103,58101,99.6,20,0,0,0,Goat,"Galla Goat, Cross",Female,Adult,BDT070812,BSR013689,AVAQ58101,Hola,brucella,Irrigated,negative
1103,57871,99.6,20,0,0,0,Goat,"Galla Goat, Cross",Female,Adult,BDT070576,BSR014397,AVAQ57871,Hola,brucella,Irrigated,negative
1103,56864,99.6,20,0,0,0,Goat,"Galla Goat, Cross",Female,Adult,BDT070412,BSR014437,AVAQ56864,Hola,brucella,Irrigated,negative
1103,56891,99.6,20,0,0,0,Goat,"Galla Goat, Cross",Male,Adult,BDT071122,BSR013611,AVAQ56891,Hola,qfever,Irrigated,negative
1103,57212,99.6,20,0,0,0,Goat,"Galla Goat, Cross",Female,Adult,BDT071125,BSR013582,AVAQ57212,Hola,brucella,Irrigated,negative
1103,56891,99.6,20,0,0,0,Goat,"Galla Goat, Cross",Male,Adult,BDT071122,BSR013611,AVAQ56891,Hola,rvf,Irrigated,negative
1103,58079,99.6,20,0,0,0,Goat,"Galla Goat, Cross",Female,Adult,BDT071109,BSR013576,AVAQ58079,Hola,brucella,Irrigated,negative
1103,57201,99.6,20,0,0,0,Goat,"Galla Goat, Cross",Female,Adult,BDT070413,BSR013584,AVAQ57201,Hola,brucella,Irrigated,negative
1103,58101,99.6,20,0,0,0,Goat,"Galla Goat, Cross",Female,Adult,BDT070812,BSR013689,AVAQ58101,Hola,qfever,Irrigated,positive
1103,57201,99.6,20,0,0,0,Goat,"Galla Goat, Cross",Female,Adult,BDT070413,BSR013584,AVAQ57201,Hola,rvf,Irrigated,negative
1103,57201,99.6,20,0,0,0,Goat,"Galla Goat, Cross",Female,Adult,BDT070413,BSR013584,AVAQ57201,Hola,qfever,Irrigated,negative
1103,58079,99.6,20,0,0,0,Goat,"Galla Goat, Cross",Female,Adult,BDT071109,BSR013576,AVAQ58079,Hola,rvf,Irrigated,positive
1103,56827,99.6,20,0,0,0,Goat,"Galla Goat, Cross",Female,Adult,BDT070419,BSR014410,AVAQ56827,Hola,rvf,Irrigated,positive
1103,56891,99.6,20,0,0,0,Goat,"Galla Goat, Cross",Male,Adult,BDT071122,BSR013611,AVAQ56891,Hola,brucella,Irrigated,negative
1103,57212,99.6,20,0,0,0,Goat,"Galla Goat, Cross",Female,Adult,BDT071125,BSR013582,AVAQ57212,Hola,rvf,Irrigated,positive
1103,56827,99.6,20,0,0,0,Goat,"Galla Goat, Cross",Female,Adult,BDT070419,BSR014410,AVAQ56827,Hola,brucella,Irrigated,negative
1120,57898,102,25,50,0,0,Goat,"Galla Goat, Cross",Female,Weaner,BDT070574,BSR013681,AVAQ57898,Hola,brucella,Irrigated,negative
1120,56900,102,25,50,0,0,Sheep,Black Head Persian,Female,Adult,BDT070598,BSR013721,AVAQ56900,Hola,brucella,Irrigated,negative
1120,56881,102,25,50,0,0,Sheep,Black Head Persian,Male,Weaner,BDT070569,BSR013698,AVAQ56881,Hola,brucella,Irrigated,negative
1120,56870,102,25,50,0,0,Goat,"Galla Goat, Cross",Female,Adult,BDT070589,BSR013716,AVAQ56870,Hola,rvf,Irrigated,positive
1120,56858,102,25,50,0,0,Sheep,Black Head Persian,Female,Adult,BDT070579,BSR013676,AVAQ56858,Hola,rvf,Irrigated,negative
1120,57199,102,25,50,0,0,Sheep,Black Head Persian,Female,Adult,BDT070587,BSR013724,AVAQ57199,Hola,brucella,Irrigated,negative
1120,57235,102,25,50,0,0,Goat,"Galla Goat, Cross",Female,Adult,BDT070570,BSR013589,AVAQ57235,Hola,qfever,Irrigated,negative
1120,56950,102,25,50,0,0,Goat,"Galla Goat, Cross",Female,Adult,BDT070591,BSR013723,AVAQ56950,Hola,rvf,Irrigated,negative
1120,56869,102,25,50,0,0,Sheep,Black Head Persian,Female,Adult,BDT070583,BSR013694,AVAQ56869,Hola,qfever,Irrigated,negative
1120,57898,102,25,50,0,0,Goat,"Galla Goat, Cross",Female,Weaner,BDT070574,BSR013681,AVAQ57898,Hola,rvf,Irrigated,negative
1120,57995,102,25,50,0,0,Sheep,Black Head Persian,Male,Adult,BDT070586,BSR013678,AVAQ57995,Hola,qfever,Irrigated,negative
1120,56780,102,25,50,0,0,Sheep,Black Head Persian,Female,Adult,BDT070580,BSR013675,AVAQ56780,Hola,rvf,Irrigated,positive
1120,56798,102,25,50,0,0,Sheep,Black Head Persian,Female,Weaner,BDT070585,BSR013677,AVAQ56798,Hola,brucella,Irrigated,negative
1120,57915,102,25,50,0,0,Sheep,Black Head Persian,Female,Adult,BDT070411,BSR013682,AVAQ57915,Hola,qfever,Irrigated,negative
1120,56869,102,25,50,0,0,Sheep,Black Head Persian,Female,Adult,BDT070583,BSR013694,AVAQ56869,Hola,brucella,Irrigated,negative
1120,57901,102,25,50,0,0,Goat,"Galla Goat, Cross",Female,Adult,BDT070596,BSR013718,AVAQ57901,Hola,rvf,Irrigated,negative
1120,58074,102,25,50,0,0,Sheep,Black Head Persian,Female,Adult,BDT070575,BSR013687,AVAQ58074,Hola,qfever,Irrigated,negative
1120,57923,102,25,50,0,0,Goat,"Galla Goat, Cross",Female,Adult,BDT070590,BSR013715,AVAQ57923,Hola,qfever,Irrigated,negative
1120,56881,102,25,50,0,0,Sheep,Black Head Persian,Male,Weaner,BDT070569,BSR013698,AVAQ56881,Hola,qfever,Irrigated,negative
1120,56858,102,25,50,0,0,Sheep,Black Head Persian,Female,Adult,BDT070579,BSR013676,AVAQ56858,Hola,qfever,Irrigated,negative
1120,57915,102,25,50,0,0,Sheep,Black Head Persian,Female,Adult,BDT070411,BSR013682,AVAQ57915,Hola,brucella,Irrigated,negative
1120,56870,102,25,50,0,0,Goat,"Galla Goat, Cross",Female,Adult,BDT070589,BSR013716,AVAQ56870,Hola,brucella,Irrigated,negative
1120,57133,102,25,50,0,0,Sheep,Black Head Persian,Female,Adult,BDT070581,BSR013684,AVAQ57133,Hola,brucella,Irrigated,negative
1120,58094,102,25,50,0,0,Sheep,Black Head Persian,Female,Adult,BDT070597,BSR013720,AVAQ58094,Hola,rvf,Irrigated,negative
1120,57133,102,25,50,0,0,Sheep,Black Head Persian,Female,Adult,BDT070581,BSR013684,AVAQ57133,Hola,rvf,Irrigated,negative
1120,57047,102,25,50,0,0,Goat,"Galla Goat, Cross",Female,Adult,BDT070418,BSR013578,AVAQ57047,Hola,brucella,Irrigated,negative
1120,57235,102,25,50,0,0,Goat,"Galla Goat, Cross",Female,Adult,BDT070570,BSR013589,AVAQ57235,Hola,brucella,Irrigated,negative
1120,57047,102,25,50,0,0,Goat,"Galla Goat, Cross",Female,Adult,BDT070418,BSR013578,AVAQ57047,Hola,rvf,Irrigated,negative
1120,57024,102,25,50,0,0,Sheep,Black Head Persian,Female,Weaner,BDT070592,BSR013680,AVAQ57024,Hola,rvf,Irrigated,positive
1120,56798,102,25,50,0,0,Sheep,Black Head Persian,Female,Weaner,BDT070585,BSR013677,AVAQ56798,Hola,rvf,Irrigated,negative
1120,56780,102,25,50,0,0,Sheep,Black Head Persian,Female,Adult,BDT070580,BSR013675,AVAQ56780,Hola,qfever,Irrigated,negative
1120,57024,102,25,50,0,0,Sheep,Black Head Persian,Female,Weaner,BDT070592,BSR013680,AVAQ57024,Hola,qfever,Irrigated,negative
1120,56870,102,25,50,0,0,Goat,"Galla Goat, Cross",Female,Adult,BDT070589,BSR013716,AVAQ56870,Hola,qfever,Irrigated,positive
1120,56869,102,25,50,0,0,Sheep,Black Head Persian,Female,Adult,BDT070583,BSR013694,AVAQ56869,Hola,rvf,Irrigated,negative
1120,57133,102,25,50,0,0,Sheep,Black Head Persian,Female,Adult,BDT070581,BSR013684,AVAQ57133,Hola,qfever,Irrigated,negative
1120,57047,102,25,50,0,0,Goat,"Galla Goat, Cross",Female,Adult,BDT070418,BSR013578,AVAQ57047,Hola,qfever,Irrigated,positive
1120,58112,102,25,50,0,0,Goat,"Galla Goat, Cross",Female,Adult,BDT070593,BSR013719,AVAQ58112,Hola,rvf,Irrigated,positive
1120,56950,102,25,50,0,0,Goat,"Galla Goat, Cross",Female,Adult,BDT070591,BSR013723,AVAQ56950,Hola,qfever,Irrigated,negative
1120,57008,102,25,50,0,0,Goat,"Galla Goat, Cross",Female,Adult,BDT070594,BSR013713,AVAQ57008,Hola,brucella,Irrigated,negative
1120,57934,102,25,50,0,0,Goat,"Galla Goat, Cross",Female,Adult,BDT070582,BSR013685,AVAQ57934,Hola,rvf,Irrigated,negative
1120,57901,102,25,50,0,0,Goat,"Galla Goat, Cross",Female,Adult,BDT070596,BSR013718,AVAQ57901,Hola,brucella,Irrigated,negative
1120,57013,102,25,50,0,0,Sheep,Black Head Persian,Female,Adult,BDT070564,BSR013683,AVAQ57013,Hola,rvf,Irrigated,negative
1120,58112,102,25,50,0,0,Goat,"Galla Goat, Cross",Female,Adult,BDT070593,BSR013719,AVAQ58112,Hola,qfever,Irrigated,negative
1120,57915,102,25,50,0,0,Sheep,Black Head Persian,Female,Adult,BDT070411,BSR013682,AVAQ57915,Hola,rvf,Irrigated,negative
1120,58094,102,25,50,0,0,Sheep,Black Head Persian,Female,Adult,BDT070597,BSR013720,AVAQ58094,Hola,brucella,Irrigated,negative
1120,56950,102,25,50,0,0,Goat,"Galla Goat, Cross",Female,Adult,BDT070591,BSR013723,AVAQ56950,Hola,brucella,Irrigated,negative
1120,56900,102,25,50,0,0,Sheep,Black Head Persian,Female,Adult,BDT070598,BSR013721,AVAQ56900,Hola,rvf,Irrigated,negative
1120,56780,102,25,50,0,0,Sheep,Black Head Persian,Female,Adult,BDT070580,BSR013675,AVAQ56780,Hola,brucella,Irrigated,negative
1120,56798,102,25,50,0,0,Sheep,Black Head Persian,Female,Weaner,BDT070585,BSR013677,AVAQ56798,Hola,qfever,Irrigated,negative
1120,56900,102,25,50,0,0,Sheep,Black Head Persian,Female,Adult,BDT070598,BSR013721,AVAQ56900,Hola,qfever,Irrigated,negative
1120,58112,102,25,50,0,0,Goat,"Galla Goat, Cross",Female,Adult,BDT070593,BSR013719,AVAQ58112,Hola,brucella,Irrigated,negative
1120,56858,102,25,50,0,0,Sheep,Black Head Persian,Female,Adult,BDT070579,BSR013676,AVAQ56858,Hola,brucella,Irrigated,negative
1120,57995,102,25,50,0,0,Sheep,Black Head Persian,Male,Adult,BDT070586,BSR013678,AVAQ57995,Hola,rvf,Irrigated,negative
1120,57199,102,25,50,0,0,Sheep,Black Head Persian,Female,Adult,BDT070587,BSR013724,AVAQ57199,Hola,rvf,Irrigated,positive
1120,57923,102,25,50,0,0,Goat,"Galla Goat, Cross",Female,Adult,BDT070590,BSR013715,AVAQ57923,Hola,rvf,Irrigated,positive
1120,58074,102,25,50,0,0,Sheep,Black Head Persian,Female,Adult,BDT070575,BSR013687,AVAQ58074,Hola,rvf,Irrigated,negative
1120,57934,102,25,50,0,0,Goat,"Galla Goat, Cross",Female,Adult,BDT070582,BSR013685,AVAQ57934,Hola,qfever,Irrigated,positive
1120,57901,102,25,50,0,0,Goat,"Galla Goat, Cross",Female,Adult,BDT070596,BSR013718,AVAQ57901,Hola,qfever,Irrigated,negative
1120,57008,102,25,50,0,0,Goat,"Galla Goat, Cross",Female,Adult,BDT070594,BSR013713,AVAQ57008,Hola,rvf,Irrigated,negative
1120,57013,102,25,50,0,0,Sheep,Black Head Persian,Female,Adult,BDT070564,BSR013683,AVAQ57013,Hola,brucella,Irrigated,negative
1120,58094,102,25,50,0,0,Sheep,Black Head Persian,Female,Adult,BDT070597,BSR013720,AVAQ58094,Hola,qfever,Irrigated,negative
1120,58074,102,25,50,0,0,Sheep,Black Head Persian,Female,Adult,BDT070575,BSR013687,AVAQ58074,Hola,brucella,Irrigated,negative
1120,57013,102,25,50,0,0,Sheep,Black Head Persian,Female,Adult,BDT070564,BSR013683,AVAQ57013,Hola,qfever,Irrigated,positive
1120,57898,102,25,50,0,0,Goat,"Galla Goat, Cross",Female,Weaner,BDT070574,BSR013681,AVAQ57898,Hola,qfever,Irrigated,negative
1120,57024,102,25,50,0,0,Sheep,Black Head Persian,Female,Weaner,BDT070592,BSR013680,AVAQ57024,Hola,brucella,Irrigated,negative
1120,56881,102,25,50,0,0,Sheep,Black Head Persian,Male,Weaner,BDT070569,BSR013698,AVAQ56881,Hola,rvf,Irrigated,negative
1120,57923,102,25,50,0,0,Goat,"Galla Goat, Cross",Female,Adult,BDT070590,BSR013715,AVAQ57923,Hola,brucella,Irrigated,negative
1120,57008,102,25,50,0,0,Goat,"Galla Goat, Cross",Female,Adult,BDT070594,BSR013713,AVAQ57008,Hola,qfever,Irrigated,negative
1120,57199,102,25,50,0,0,Sheep,Black Head Persian,Female,Adult,BDT070587,BSR013724,AVAQ57199,Hola,qfever,Irrigated,positive
1120,57995,102,25,50,0,0,Sheep,Black Head Persian,Male,Adult,BDT070586,BSR013678,AVAQ57995,Hola,brucella,Irrigated,negative
1120,57934,102,25,50,0,0,Goat,"Galla Goat, Cross",Female,Adult,BDT070582,BSR013685,AVAQ57934,Hola,brucella,Irrigated,negative
1120,57235,102,25,50,0,0,Goat,"Galla Goat, Cross",Female,Adult,BDT070570,BSR013589,AVAQ57235,Hola,rvf,Irrigated,negative
1127,56939,103.1,12,10,0,0,Goat,"Galla Goat, Cross",Male,Adult,BDT070853,BSR013707,AVAQ56939,Hola,rvf,Irrigated,negative
1127,57916,103.1,12,10,0,0,Sheep,Black Head Persian,Female,Adult,BDT070773,BSR013647,AVAQ57916,Hola,qfever,Irrigated,positive
1127,56896,103.1,12,10,0,0,Goat,"Galla Goat, Cross",Male,Weaner,BDT070772,BSR013618,AVAQ56896,Hola,brucella,Irrigated,negative
1127,56939,103.1,12,10,0,0,Goat,"Galla Goat, Cross",Male,Adult,BDT070853,BSR013707,AVAQ56939,Hola,brucella,Irrigated,negative
1127,58078,103.1,12,10,0,0,Goat,"Galla Goat, Cross",Female,Adult,BDT070784,BSR013605,AVAQ58078,Hola,rvf,Irrigated,negative
1127,57916,103.1,12,10,0,0,Sheep,Black Head Persian,Female,Adult,BDT070773,BSR013647,AVAQ57916,Hola,rvf,Irrigated,negative
1127,58078,103.1,12,10,0,0,Goat,"Galla Goat, Cross",Female,Adult,BDT070784,BSR013605,AVAQ58078,Hola,brucella,Irrigated,negative
1127,56896,103.1,12,10,0,0,Goat,"Galla Goat, Cross",Male,Weaner,BDT070772,BSR013618,AVAQ56896,Hola,qfever,Irrigated,positive
1127,57916,103.1,12,10,0,0,Sheep,Black Head Persian,Female,Adult,BDT070773,BSR013647,AVAQ57916,Hola,brucella,Irrigated,negative
1127,56896,103.1,12,10,0,0,Goat,"Galla Goat, Cross",Male,Weaner,BDT070772,BSR013618,AVAQ56896,Hola,rvf,Irrigated,negative
1127,58078,103.1,12,10,0,0,Goat,"Galla Goat, Cross",Female,Adult,BDT070784,BSR013605,AVAQ58078,Hola,qfever,Irrigated,positive
1127,56939,103.1,12,10,0,0,Goat,"Galla Goat, Cross",Male,Adult,BDT070853,BSR013707,AVAQ56939,Hola,qfever,Irrigated,positive
1150,57231,98.7,,,,,Sheep,Black Head Persian,Female,Weaner,BDT070584,BSR013703,AVAQ57231,Hola,brucella,Irrigated,negative
1150,57231,98.7,,,,,Sheep,Black Head Persian,Female,Weaner,BDT070584,BSR013703,AVAQ57231,Hola,rvf,Irrigated,negative
1150,57231,98.7,,,,,Sheep,Black Head Persian,Female,Weaner,BDT070584,BSR013703,AVAQ57231,Hola,qfever,Irrigated,negative
1176,57010,101.3,30,50,0,0,Goat,"Galla Goat, Cross",Female,Adult,BDT071112,BSR013706,AVAQ57010,Hola,rvf,Irrigated,negative
1176,57880,101.3,30,50,0,0,Goat,"Galla Goat, Cross",Female,Adult,BDT071149,BSR013620,AVAQ57880,Hola,brucella,Irrigated,negative
1176,57879,101.3,30,50,0,0,Sheep,Black Head Persian,Female,Weaner,BDT071124,BSR013717,AVAQ57879,Hola,brucella,Irrigated,negative
1176,58089,101.3,30,50,0,0,Sheep,Black Head Persian,Female,Adult,BDT071127,BSR013711,AVAQ58089,Hola,brucella,Irrigated,negative
1176,56875,101.3,30,50,0,0,Goat,"Galla Goat, Cross",Female,Adult,BDT071143,BSR013679,AVAQ56875,Hola,qfever,Irrigated,positive
1176,57273,101.3,30,50,0,0,Sheep,Black Head Persian,Female,Adult,BDT071113,BSR013690,AVAQ57273,Hola,qfever,Irrigated,positive
1176,56840,101.3,30,50,0,0,Sheep,Black Head Persian,Female,Adult,BDT071128,BSR013710,AVAQ56840,Hola,qfever,Irrigated,negative
1176,57993,101.3,30,50,0,0,Sheep,Black Head Persian,Female,Adult,BDT071132,BSR013709,AVAQ57993,Hola,brucella,Irrigated,negative
1176,56923,101.3,30,50,0,0,Sheep,Black Head Persian,Female,Adult,BDT071119,BSR013699,AVAQ56923,Hola,brucella,Irrigated,negative
1176,56923,101.3,30,50,0,0,Sheep,Black Head Persian,Female,Adult,BDT071119,BSR013699,AVAQ56923,Hola,rvf,Irrigated,negative
1176,56845,101.3,30,50,0,0,Goat,"Galla Goat, Cross",Female,Adult,BDT070595,BSR013691,AVAQ56845,Hola,brucella,Irrigated,negative
1176,56851,101.3,30,50,0,0,Sheep,Black Head Persian,Male,Weaner,BDT071150,BSR013603,AVAQ56851,Hola,qfever,Irrigated,negative
1176,56875,101.3,30,50,0,0,Goat,"Galla Goat, Cross",Female,Adult,BDT071143,BSR013679,AVAQ56875,Hola,brucella,Irrigated,negative
1176,57243,101.3,30,50,0,0,Sheep,Black Head Persian,Female,Adult,BDT071154,BSR013590,AVAQ57243,Hola,rvf,Irrigated,negative
1176,57949,101.3,30,50,0,0,Goat,"Galla Goat, Cross",Female,Adult,BDT071140,BSR013586,AVAQ57949,Hola,rvf,Irrigated,positive
1176,57904,101.3,30,50,0,0,Goat,"Galla Goat, Cross",Female,Adult,BDT070563,BSR013700,AVAQ57904,Hola,rvf,Irrigated,positive
1176,57993,101.3,30,50,0,0,Sheep,Black Head Persian,Female,Adult,BDT071132,BSR013709,AVAQ57993,Hola,qfever,Irrigated,negative
1176,57908,101.3,30,50,0,0,Sheep,Black Head Persian,Female,Adult,BDT071145,BSR013613,AVAQ57908,Hola,qfever,Irrigated,negative
1176,56923,101.3,30,50,0,0,Sheep,Black Head Persian,Female,Adult,BDT071119,BSR013699,AVAQ56923,Hola,qfever,Irrigated,negative
1176,57949,101.3,30,50,0,0,Goat,"Galla Goat, Cross",Female,Adult,BDT071140,BSR013586,AVAQ57949,Hola,qfever,Irrigated,negative
1176,56863,101.3,30,50,0,0,Sheep,Black Head Persian,Female,Adult,BDT071153,BSR013592,AVAQ56863,Hola,qfever,Irrigated,negative
1176,58104,101.3,30,50,0,0,Goat,"Galla Goat, Cross",Male,Adult,BDT071142,BSR013615,AVAQ58104,Hola,rvf,Irrigated,negative
1176,58000,101.3,30,50,0,0,Sheep,Black Head Persian,Male,Weaner,BDT071158,BSR013617,AVAQ58000,Hola,rvf,Irrigated,negative
1176,57273,101.3,30,50,0,0,Sheep,Black Head Persian,Female,Adult,BDT071113,BSR013690,AVAQ57273,Hola,brucella,Irrigated,negative
1176,57992,101.3,30,50,0,0,Sheep,Black Head Persian,Female,Adult,BDT071121,BSR013583,AVAQ57992,Hola,brucella,Irrigated,negative
1176,57163,101.3,30,50,0,0,Sheep,Black Head Persian,Female,Adult,BDT071123,BSR013714,AVAQ57163,Hola,brucella,Irrigated,negative
1176,58000,101.3,30,50,0,0,Sheep,Black Head Persian,Male,Weaner,BDT071158,BSR013617,AVAQ58000,Hola,brucella,Irrigated,negative
1176,56951,101.3,30,50,0,0,Sheep,Black Head Persian,Female,Adult,BDT070603,BSR013701,AVAQ56951,Hola,qfever,Irrigated,negative
1176,57243,101.3,30,50,0,0,Sheep,Black Head Persian,Female,Adult,BDT071154,BSR013590,AVAQ57243,Hola,brucella,Irrigated,negative
1176,57905,101.3,30,50,0,0,Sheep,Black Head Persian,Male,Adult,BDT071157,BSR013606,AVAQ57905,Hola,qfever,Irrigated,negative
1176,57905,101.3,30,50,0,0,Sheep,Black Head Persian,Male,Adult,BDT071157,BSR013606,AVAQ57905,Hola,brucella,Irrigated,negative
1176,56911,101.3,30,50,0,0,Goat,"Galla Goat, Cross",Female,Weaner,BDT070726,BSR013661,AVAQ56911,Hola,qfever,Irrigated,negative
1176,56837,101.3,30,50,0,0,Goat,"Galla Goat, Cross",Female,Adult,BDT071138,BSR013697,AVAQ56837,Hola,brucella,Irrigated,negative
1176,56863,101.3,30,50,0,0,Sheep,Black Head Persian,Female,Adult,BDT071153,BSR013592,AVAQ56863,Hola,brucella,Irrigated,negative
1176,56844,101.3,30,50,0,0,Goat,"Galla Goat, Cross",Female,Adult,BDT070602,BSR013704,AVAQ56844,Hola,qfever,Irrigated,negative
1176,56955,101.3,30,50,0,0,Sheep,Black Head Persian,Male,Adult,BDT071129,BSR013693,AVAQ56955,Hola,brucella,Irrigated,negative
1176,57992,101.3,30,50,0,0,Sheep,Black Head Persian,Female,Adult,BDT071121,BSR013583,AVAQ57992,Hola,qfever,Irrigated,negative
1176,56873,101.3,30,50,0,0,Goat,"Galla Goat, Cross",Male,Adult,BDT071152,BSR013601,AVAQ56873,Hola,brucella,Irrigated,negative
1176,58092,101.3,30,50,0,0,Goat,"Galla Goat, Cross",Female,Weaner,BDT071137,BSR013622,AVAQ58092,Hola,brucella,Irrigated,negative
1176,56951,101.3,30,50,0,0,Sheep,Black Head Persian,Female,Adult,BDT070603,BSR013701,AVAQ56951,Hola,rvf,Irrigated,positive
1176,57936,101.3,30,50,0,0,Goat,"Galla Goat, Cross",Female,Adult,BDT071147,BSR013598,AVAQ57936,Hola,brucella,Irrigated,negative
1176,56868,101.3,30,50,0,0,Goat,"Galla Goat, Cross",Male,Adult,BDT071146,BSR013673,AVAQ56868,Hola,rvf,Irrigated,positive
1176,56840,101.3,30,50,0,0,Sheep,Black Head Persian,Female,Adult,BDT071128,BSR013710,AVAQ56840,Hola,brucella,Irrigated,negative
1176,57010,101.3,30,50,0,0,Goat,"Galla Goat, Cross",Female,Adult,BDT071112,BSR013706,AVAQ57010,Hola,qfever,Irrigated,negative
1176,57908,101.3,30,50,0,0,Sheep,Black Head Persian,Female,Adult,BDT071145,BSR013613,AVAQ57908,Hola,rvf,Irrigated,positive
1176,57879,101.3,30,50,0,0,Sheep,Black Head Persian,Female,Weaner,BDT071124,BSR013717,AVAQ57879,Hola,qfever,Irrigated,negative
1176,57243,101.3,30,50,0,0,Sheep,Black Head Persian,Female,Adult,BDT071154,BSR013590,AVAQ57243,Hola,qfever,Irrigated,negative
1176,56911,101.3,30,50,0,0,Goat,"Galla Goat, Cross",Female,Weaner,BDT070726,BSR013661,AVAQ56911,Hola,rvf,Irrigated,negative
1176,56844,101.3,30,50,0,0,Goat,"Galla Goat, Cross",Female,Adult,BDT070602,BSR013704,AVAQ56844,Hola,rvf,Irrigated,positive
1176,58092,101.3,30,50,0,0,Goat,"Galla Goat, Cross",Female,Weaner,BDT071137,BSR013622,AVAQ58092,Hola,rvf,Irrigated,positive
1176,56873,101.3,30,50,0,0,Goat,"Galla Goat, Cross",Male,Adult,BDT071152,BSR013601,AVAQ56873,Hola,qfever,Irrigated,negative
1176,57273,101.3,30,50,0,0,Sheep,Black Head Persian,Female,Adult,BDT071113,BSR013690,AVAQ57273,Hola,rvf,Irrigated,positive
1176,56851,101.3,30,50,0,0,Sheep,Black Head Persian,Male,Weaner,BDT071150,BSR013603,AVAQ56851,Hola,brucella,Irrigated,negative
1176,56837,101.3,30,50,0,0,Goat,"Galla Goat, Cross",Female,Adult,BDT071138,BSR013697,AVAQ56837,Hola,rvf,Irrigated,positive
1176,56951,101.3,30,50,0,0,Sheep,Black Head Persian,Female,Adult,BDT070603,BSR013701,AVAQ56951,Hola,brucella,Irrigated,negative
1176,57880,101.3,30,50,0,0,Goat,"Galla Goat, Cross",Female,Adult,BDT071149,BSR013620,AVAQ57880,Hola,rvf,Irrigated,negative
1176,56895,101.3,30,50,0,0,Sheep,Black Head Persian,Female,Adult,BDT071111,BSR013695,AVAQ56895,Hola,rvf,Irrigated,positive
1176,57910,101.3,30,50,0,0,Sheep,Black Head Persian,Female,Weaner,BDT070562,BSR013686,AVAQ57910,Hola,qfever,Irrigated,negative
1176,57021,101.3,30,50,0,0,Sheep,Black Head Persian,Female,Adult,BDT071126,BSR013712,AVAQ57021,Hola,rvf,Irrigated,positive
1176,56844,101.3,30,50,0,0,Goat,"Galla Goat, Cross",Female,Adult,BDT070602,BSR013704,AVAQ56844,Hola,brucella,Irrigated,negative
1176,56836,101.3,30,50,0,0,Sheep,Black Head Persian,Female,Adult,BDT071120,BSR013692,AVAQ56836,Hola,qfever,Irrigated,negative
1176,56868,101.3,30,50,0,0,Goat,"Galla Goat, Cross",Male,Adult,BDT071146,BSR013673,AVAQ56868,Hola,brucella,Irrigated,negative
1176,57017,101.3,30,50,0,0,Sheep,Black Head Persian,Female,Adult,BDT071151,BSR013607,AVAQ57017,Hola,rvf,Irrigated,negative
1176,58092,101.3,30,50,0,0,Goat,"Galla Goat, Cross",Female,Weaner,BDT071137,BSR013622,AVAQ58092,Hola,qfever,Irrigated,negative
1176,56836,101.3,30,50,0,0,Sheep,Black Head Persian,Female,Adult,BDT071120,BSR013692,AVAQ56836,Hola,brucella,Irrigated,negative
1176,57910,101.3,30,50,0,0,Sheep,Black Head Persian,Female,Weaner,BDT070562,BSR013686,AVAQ57910,Hola,rvf,Irrigated,negative
1176,58104,101.3,30,50,0,0,Goat,"Galla Goat, Cross",Male,Adult,BDT071142,BSR013615,AVAQ58104,Hola,brucella,Irrigated,negative
1176,57936,101.3,30,50,0,0,Goat,"Galla Goat, Cross",Female,Adult,BDT071147,BSR013598,AVAQ57936,Hola,rvf,Irrigated,negative
1176,58089,101.3,30,50,0,0,Sheep,Black Head Persian,Female,Adult,BDT071127,BSR013711,AVAQ58089,Hola,rvf,Irrigated,negative
1176,56859,101.3,30,50,0,0,Sheep,Black Head Persian,Female,Adult,BDT071130,BSR013708,AVAQ56859,Hola,qfever,Irrigated,positive
1176,57092,101.3,30,50,0,0,Sheep,Black Head Persian,Female,Adult,BDT071134,BSR013593,AVAQ57092,Hola,brucella,Irrigated,negative
1176,57904,101.3,30,50,0,0,Goat,"Galla Goat, Cross",Female,Adult,BDT070563,BSR013700,AVAQ57904,Hola,qfever,Irrigated,positive
1176,57092,101.3,30,50,0,0,Sheep,Black Head Persian,Female,Adult,BDT071134,BSR013593,AVAQ57092,Hola,qfever,Irrigated,positive
1176,56840,101.3,30,50,0,0,Sheep,Black Head Persian,Female,Adult,BDT071128,BSR013710,AVAQ56840,Hola,rvf,Irrigated,negative
1176,58089,101.3,30,50,0,0,Sheep,Black Head Persian,Female,Adult,BDT071127,BSR013711,AVAQ58089,Hola,qfever,Irrigated,negative
1176,57992,101.3,30,50,0,0,Sheep,Black Head Persian,Female,Adult,BDT071121,BSR013583,AVAQ57992,Hola,rvf,Irrigated,negative
1176,56859,101.3,30,50,0,0,Sheep,Black Head Persian,Female,Adult,BDT071130,BSR013708,AVAQ56859,Hola,brucella,Irrigated,negative
1176,57949,101.3,30,50,0,0,Goat,"Galla Goat, Cross",Female,Adult,BDT071140,BSR013586,AVAQ57949,Hola,brucella,Irrigated,negative
1176,57879,101.3,30,50,0,0,Sheep,Black Head Persian,Female,Weaner,BDT071124,BSR013717,AVAQ57879,Hola,rvf,Irrigated,negative
1176,57010,101.3,30,50,0,0,Goat,"Galla Goat, Cross",Female,Adult,BDT071112,BSR013706,AVAQ57010,Hola,brucella,Irrigated,negative
1176,56845,101.3,30,50,0,0,Goat,"Galla Goat, Cross",Female,Adult,BDT070595,BSR013691,AVAQ56845,Hola,qfever,Irrigated,negative
1176,57911,101.3,30,50,0,0,Sheep,Black Head Persian,Female,Adult,BDT071131,BSR013696,AVAQ57911,Hola,rvf,Irrigated,negative
1176,58104,101.3,30,50,0,0,Goat,"Galla Goat, Cross",Male,Adult,BDT071142,BSR013615,AVAQ58104,Hola,qfever,Irrigated,negative
1176,56863,101.3,30,50,0,0,Sheep,Black Head Persian,Female,Adult,BDT071153,BSR013592,AVAQ56863,Hola,rvf,Irrigated,positive
1176,56845,101.3,30,50,0,0,Goat,"Galla Goat, Cross",Female,Adult,BDT070595,BSR013691,AVAQ56845,Hola,rvf,Irrigated,positive
1176,57230,101.3,30,50,0,0,Sheep,Black Head Persian,Female,Adult,BDT071156,BSR013595,AVAQ57230,Hola,brucella,Irrigated,negative
1176,56859,101.3,30,50,0,0,Sheep,Black Head Persian,Female,Adult,BDT071130,BSR013708,AVAQ56859,Hola,rvf,Irrigated,negative
1176,56868,101.3,30,50,0,0,Goat,"Galla Goat, Cross",Male,Adult,BDT071146,BSR013673,AVAQ56868,Hola,qfever,Irrigated,negative
1176,56895,101.3,30,50,0,0,Sheep,Black Head Persian,Female,Adult,BDT071111,BSR013695,AVAQ56895,Hola,brucella,Irrigated,negative
1176,57911,101.3,30,50,0,0,Sheep,Black Head Persian,Female,Adult,BDT071131,BSR013696,AVAQ57911,Hola,qfever,Irrigated,negative
1176,57993,101.3,30,50,0,0,Sheep,Black Head Persian,Female,Adult,BDT071132,BSR013709,AVAQ57993,Hola,rvf,Irrigated,positive
1176,57911,101.3,30,50,0,0,Sheep,Black Head Persian,Female,Adult,BDT071131,BSR013696,AVAQ57911,Hola,brucella,Irrigated,negative
1176,57230,101.3,30,50,0,0,Sheep,Black Head Persian,Female,Adult,BDT071156,BSR013595,AVAQ57230,Hola,rvf,Irrigated,positive
1176,57021,101.3,30,50,0,0,Sheep,Black Head Persian,Female,Adult,BDT071126,BSR013712,AVAQ57021,Hola,qfever,Irrigated,negative
1176,57880,101.3,30,50,0,0,Goat,"Galla Goat, Cross",Female,Adult,BDT071149,BSR013620,AVAQ57880,Hola,qfever,Irrigated,negative
1176,57936,101.3,30,50,0,0,Goat,"Galla Goat, Cross",Female,Adult,BDT071147,BSR013598,AVAQ57936,Hola,qfever,Irrigated,negative
1176,57904,101.3,30,50,0,0,Goat,"Galla Goat, Cross",Female,Adult,BDT070563,BSR013700,AVAQ57904,Hola,brucella,Irrigated,negative
1176,56873,101.3,30,50,0,0,Goat,"Galla Goat, Cross",Male,Adult,BDT071152,BSR013601,AVAQ56873,Hola,rvf,Irrigated,negative
1176,56837,101.3,30,50,0,0,Goat,"Galla Goat, Cross",Female,Adult,BDT071138,BSR013697,AVAQ56837,Hola,qfever,Irrigated,positive
1176,57230,101.3,30,50,0,0,Sheep,Black Head Persian,Female,Adult,BDT071156,BSR013595,AVAQ57230,Hola,qfever,Irrigated,negative
1176,56836,101.3,30,50,0,0,Sheep,Black Head Persian,Female,Adult,BDT071120,BSR013692,AVAQ56836,Hola,rvf,Irrigated,negative
1176,57163,101.3,30,50,0,0,Sheep,Black Head Persian,Female,Adult,BDT071123,BSR013714,AVAQ57163,Hola,rvf,Irrigated,negative
1176,58000,101.3,30,50,0,0,Sheep,Black Head Persian,Male,Weaner,BDT071158,BSR013617,AVAQ58000,Hola,qfever,Irrigated,negative
1176,57017,101.3,30,50,0,0,Sheep,Black Head Persian,Female,Adult,BDT071151,BSR013607,AVAQ57017,Hola,qfever,Irrigated,negative
1176,57905,101.3,30,50,0,0,Sheep,Black Head Persian,Male,Adult,BDT071157,BSR013606,AVAQ57905,Hola,rvf,Irrigated,positive
1176,57910,101.3,30,50,0,0,Sheep,Black Head Persian,Female,Weaner,BDT070562,BSR013686,AVAQ57910,Hola,brucella,Irrigated,negative
1176,56895,101.3,30,50,0,0,Sheep,Black Head Persian,Female,Adult,BDT071111,BSR013695,AVAQ56895,Hola,qfever,Irrigated,positive
1176,57092,101.3,30,50,0,0,Sheep,Black Head Persian,Female,Adult,BDT071134,BSR013593,AVAQ57092,Hola,rvf,Irrigated,negative
1176,57163,101.3,30,50,0,0,Sheep,Black Head Persian,Female,Adult,BDT071123,BSR013714,AVAQ57163,Hola,qfever,Irrigated,positive
1176,57017,101.3,30,50,0,0,Sheep,Black Head Persian,Female,Adult,BDT071151,BSR013607,AVAQ57017,Hola,brucella,Irrigated,negative
1176,56955,101.3,30,50,0,0,Sheep,Black Head Persian,Male,Adult,BDT071129,BSR013693,AVAQ56955,Hola,rvf,Irrigated,negative
1176,56875,101.3,30,50,0,0,Goat,"Galla Goat, Cross",Female,Adult,BDT071143,BSR013679,AVAQ56875,Hola,rvf,Irrigated,negative
1176,57021,101.3,30,50,0,0,Sheep,Black Head Persian,Female,Adult,BDT071126,BSR013712,AVAQ57021,Hola,brucella,Irrigated,negative
1176,56851,101.3,30,50,0,0,Sheep,Black Head Persian,Male,Weaner,BDT071150,BSR013603,AVAQ56851,Hola,rvf,Irrigated,negative
1176,56955,101.3,30,50,0,0,Sheep,Black Head Persian,Male,Adult,BDT071129,BSR013693,AVAQ56955,Hola,qfever,Irrigated,negative
1176,56911,101.3,30,50,0,0,Goat,"Galla Goat, Cross",Female,Weaner,BDT070726,BSR013661,AVAQ56911,Hola,brucella,Irrigated,negative
1176,57908,101.3,30,50,0,0,Sheep,Black Head Persian,Female,Adult,BDT071145,BSR013613,AVAQ57908,Hola,brucella,Irrigated,negative
1284,56894,102.4,25,50,0,0,Sheep,Black Head Persian,Female,Adult,BDT070663,BSR013702,AVAQ56894,Hola,qfever,Irrigated,negative
1284,56980,102.4,25,50,0,0,Sheep,Black Head Persian,Female,Adult,BDT070578,BSR013670,AVAQ56980,Hola,rvf,Irrigated,negative
1284,57972,102.4,25,50,0,0,Sheep,Black Head Persian,Female,Adult,BDT070795,BSR013651,AVAQ57972,Hola,brucella,Irrigated,negative
1284,56927,102.4,25,50,0,0,Goat,"Galla Goat, Cross",Female,Adult,BDT070789,BSR013632,AVAQ56927,Hola,brucella,Irrigated,negative
1284,56894,102.4,25,50,0,0,Sheep,Black Head Persian,Female,Adult,BDT070663,BSR013702,AVAQ56894,Hola,brucella,Irrigated,negative
1284,56927,102.4,25,50,0,0,Goat,"Galla Goat, Cross",Female,Adult,BDT070789,BSR013632,AVAQ56927,Hola,rvf,Irrigated,negative
1284,56831,102.4,25,50,0,0,Sheep,Black Head Persian,Female,Adult,BDT070577,BSR013671,AVAQ56831,Hola,rvf,Irrigated,positive
1284,56894,102.4,25,50,0,0,Sheep,Black Head Persian,Female,Adult,BDT070663,BSR013702,AVAQ56894,Hola,rvf,Irrigated,positive
1284,57023,102.4,25,50,0,0,Sheep,Black Head Persian,Female,Adult,BDT071155,BSR013642,AVAQ57023,Hola,qfever,Irrigated,negative
1284,56898,102.4,25,50,0,0,Sheep,Black Head Persian,Female,Adult,BDT070846,BSR013639,AVAQ56898,Hola,rvf,Irrigated,negative
1284,57023,102.4,25,50,0,0,Sheep,Black Head Persian,Female,Adult,BDT071155,BSR013642,AVAQ57023,Hola,rvf,Irrigated,positive
1284,56946,102.4,25,50,0,0,Sheep,Black Head Persian,Female,Adult,BDT070560,BSR013665,AVAQ56946,Hola,brucella,Irrigated,negative
1284,57865,102.4,25,50,0,0,Sheep,Black Head Persian,Female,Adult,BDT070607,BSR013640,AVAQ57865,Hola,rvf,Irrigated,positive
1284,56783,102.4,25,50,0,0,Sheep,Black Head Persian,Male,Adult,BDT070571,BSR013667,AVAQ56783,Hola,qfever,Irrigated,negative
1284,57921,102.4,25,50,0,0,Sheep,Black Head Persian,Female,Adult,BDT070566,BSR013637,AVAQ57921,Hola,qfever,Irrigated,negative
1284,57965,102.4,25,50,0,0,Sheep,Black Head Persian,Female,Adult,BDT070573,BSR013636,AVAQ57965,Hola,rvf,Irrigated,positive
1284,57131,102.4,25,50,0,0,Sheep,Black Head Persian,Male,Weaner,BDT070788,BSR013658,AVAQ57131,Hola,qfever,Irrigated,negative
1284,56831,102.4,25,50,0,0,Sheep,Black Head Persian,Female,Adult,BDT070577,BSR013671,AVAQ56831,Hola,brucella,Irrigated,negative
1284,57963,102.4,25,50,0,0,Sheep,Black Head Persian,Female,Adult,BDT070809,BSR013643,AVAQ57963,Hola,rvf,Irrigated,positive
1284,58114,102.4,25,50,0,0,Goat,"Galla Goat, Cross",Female,Adult,BDT070785,BSR013628,AVAQ58114,Hola,rvf,Irrigated,negative
1284,57921,102.4,25,50,0,0,Sheep,Black Head Persian,Female,Adult,BDT070566,BSR013637,AVAQ57921,Hola,brucella,Irrigated,negative
1284,56898,102.4,25,50,0,0,Sheep,Black Head Persian,Female,Adult,BDT070846,BSR013639,AVAQ56898,Hola,qfever,Irrigated,negative
1284,56850,102.4,25,50,0,0,Goat,"Galla Goat, Cross",Female,Adult,BDT071139,BSR013633,AVAQ56850,Hola,rvf,Irrigated,negative
1284,56994,102.4,25,50,0,0,Sheep,Black Head Persian,Female,Adult,BDT070416,BSR013653,AVAQ56994,Hola,qfever,Irrigated,negative
1284,57254,102.4,25,50,0,0,Sheep,Black Head Persian,Female,Adult,BDT070600,BSR013652,AVAQ57254,Hola,rvf,Irrigated,negative
1284,56835,102.4,25,50,0,0,Goat,"Galla Goat, Cross",Female,Adult,BDT070807,BSR013627,AVAQ56835,Hola,qfever,Irrigated,negative
1284,56945,102.4,25,50,0,0,Goat,"Galla Goat, Cross",Female,Adult,BDT070775,BSR013638,AVAQ56945,Hola,rvf,Irrigated,positive
1284,57023,102.4,25,50,0,0,Sheep,Black Head Persian,Female,Adult,BDT071155,BSR013642,AVAQ57023,Hola,brucella,Irrigated,negative
1284,56928,102.4,25,50,0,0,Goat,"Galla Goat, Cross",Female,Adult,BDT070801,BSR013650,AVAQ56928,Hola,rvf,Irrigated,positive
1284,56928,102.4,25,50,0,0,Goat,"Galla Goat, Cross",Female,Adult,BDT070801,BSR013650,AVAQ56928,Hola,qfever,Irrigated,negative
1284,56994,102.4,25,50,0,0,Sheep,Black Head Persian,Female,Adult,BDT070416,BSR013653,AVAQ56994,Hola,brucella,Irrigated,negative
1284,57921,102.4,25,50,0,0,Sheep,Black Head Persian,Female,Adult,BDT070566,BSR013637,AVAQ57921,Hola,rvf,Irrigated,positive
1284,57846,102.4,25,50,0,0,Sheep,Black Head Persian,Male,Weaner,BDT070791,BSR013644,AVAQ57846,Hola,rvf,Irrigated,negative
1284,56994,102.4,25,50,0,0,Sheep,Black Head Persian,Female,Adult,BDT070416,BSR013653,AVAQ56994,Hola,rvf,Irrigated,positive
1284,57254,102.4,25,50,0,0,Sheep,Black Head Persian,Female,Adult,BDT070600,BSR013652,AVAQ57254,Hola,qfever,Irrigated,negative
1284,56813,102.4,25,50,0,0,Goat,"Galla Goat, Cross",Female,Adult,BDT070802,BSR013649,AVAQ56813,Hola,brucella,Irrigated,negative
1284,57973,102.4,25,50,0,0,Sheep,Black Head Persian,Male,Adult,BDT070559,BSR013625,AVAQ57973,Hola,rvf,Irrigated,negative
1284,56813,102.4,25,50,0,0,Goat,"Galla Goat, Cross",Female,Adult,BDT070802,BSR013649,AVAQ56813,Hola,qfever,Irrigated,negative
1284,57965,102.4,25,50,0,0,Sheep,Black Head Persian,Female,Adult,BDT070573,BSR013636,AVAQ57965,Hola,brucella,Irrigated,negative
1284,57206,102.4,25,50,0,0,Goat,"Galla Goat, Cross",Female,Weaner,BDT071148,BSR013664,AVAQ57206,Hola,qfever,Irrigated,negative
1284,56850,102.4,25,50,0,0,Goat,"Galla Goat, Cross",Female,Adult,BDT071139,BSR013633,AVAQ56850,Hola,brucella,Irrigated,negative
1284,57846,102.4,25,50,0,0,Sheep,Black Head Persian,Male,Weaner,BDT070791,BSR013644,AVAQ57846,Hola,brucella,Irrigated,negative
1284,56813,102.4,25,50,0,0,Goat,"Galla Goat, Cross",Female,Adult,BDT070802,BSR013649,AVAQ56813,Hola,rvf,Irrigated,positive
1284,56783,102.4,25,50,0,0,Sheep,Black Head Persian,Male,Adult,BDT070571,BSR013667,AVAQ56783,Hola,brucella,Irrigated,negative
1284,58039,102.4,25,50,0,0,Goat,"Galla Goat, Cross",Female,Adult,BDT070768,BSR013656,AVAQ58039,Hola,qfever,Irrigated,positive
1284,56927,102.4,25,50,0,0,Goat,"Galla Goat, Cross",Female,Adult,BDT070789,BSR013632,AVAQ56927,Hola,qfever,Irrigated,negative
1284,57960,102.4,25,50,0,0,Sheep,Black Head Persian,Female,Adult,BDT070561,BSR013646,AVAQ57960,Hola,qfever,Irrigated,negative
1284,57960,102.4,25,50,0,0,Sheep,Black Head Persian,Female,Adult,BDT070561,BSR013646,AVAQ57960,Hola,rvf,Irrigated,negative
1284,56835,102.4,25,50,0,0,Goat,"Galla Goat, Cross",Female,Adult,BDT070807,BSR013627,AVAQ56835,Hola,rvf,Irrigated,positive
1284,57973,102.4,25,50,0,0,Sheep,Black Head Persian,Male,Adult,BDT070559,BSR013625,AVAQ57973,Hola,brucella,Irrigated,negative
1284,56898,102.4,25,50,0,0,Sheep,Black Head Persian,Female,Adult,BDT070846,BSR013639,AVAQ56898,Hola,brucella,Irrigated,negative
1284,56783,102.4,25,50,0,0,Sheep,Black Head Persian,Male,Adult,BDT070571,BSR013667,AVAQ56783,Hola,rvf,Irrigated,negative
1284,57973,102.4,25,50,0,0,Sheep,Black Head Persian,Male,Adult,BDT070559,BSR013625,AVAQ57973,Hola,qfever,Irrigated,positive
1284,57965,102.4,25,50,0,0,Sheep,Black Head Persian,Female,Adult,BDT070573,BSR013636,AVAQ57965,Hola,qfever,Irrigated,negative
1284,56831,102.4,25,50,0,0,Sheep,Black Head Persian,Female,Adult,BDT070577,BSR013671,AVAQ56831,Hola,qfever,Irrigated,negative
1284,57865,102.4,25,50,0,0,Sheep,Black Head Persian,Female,Adult,BDT070607,BSR013640,AVAQ57865,Hola,brucella,Irrigated,negative
1284,56946,102.4,25,50,0,0,Sheep,Black Head Persian,Female,Adult,BDT070560,BSR013665,AVAQ56946,Hola,rvf,Irrigated,positive
1284,56865,102.4,25,50,0,0,Goat,"Galla Goat, Cross",Female,Adult,BDT071136,BSR013645,AVAQ56865,Hola,rvf,Irrigated,positive
1284,58055,102.4,25,50,0,0,Sheep,Black Head Persian,Female,Adult,BDT070572,BSR013659,AVAQ58055,Hola,rvf,Irrigated,positive
1284,57206,102.4,25,50,0,0,Goat,"Galla Goat, Cross",Female,Weaner,BDT071148,BSR013664,AVAQ57206,Hola,rvf,Irrigated,negative
1284,58039,102.4,25,50,0,0,Goat,"Galla Goat, Cross",Female,Adult,BDT070768,BSR013656,AVAQ58039,Hola,brucella,Irrigated,negative
1284,57254,102.4,25,50,0,0,Sheep,Black Head Persian,Female,Adult,BDT070600,BSR013652,AVAQ57254,Hola,brucella,Irrigated,negative
1284,56980,102.4,25,50,0,0,Sheep,Black Head Persian,Female,Adult,BDT070578,BSR013670,AVAQ56980,Hola,brucella,Irrigated,negative
1284,56928,102.4,25,50,0,0,Goat,"Galla Goat, Cross",Female,Adult,BDT070801,BSR013650,AVAQ56928,Hola,brucella,Irrigated,negative
1284,57865,102.4,25,50,0,0,Sheep,Black Head Persian,Female,Adult,BDT070607,BSR013640,AVAQ57865,Hola,qfever,Irrigated,negative
1284,57206,102.4,25,50,0,0,Goat,"Galla Goat, Cross",Female,Weaner,BDT071148,BSR013664,AVAQ57206,Hola,brucella,Irrigated,negative
1284,58039,102.4,25,50,0,0,Goat,"Galla Goat, Cross",Female,Adult,BDT070768,BSR013656,AVAQ58039,Hola,rvf,Irrigated,positive
1284,56946,102.4,25,50,0,0,Sheep,Black Head Persian,Female,Adult,BDT070560,BSR013665,AVAQ56946,Hola,qfever,Irrigated,negative
1284,56865,102.4,25,50,0,0,Goat,"Galla Goat, Cross",Female,Adult,BDT071136,BSR013645,AVAQ56865,Hola,qfever,Irrigated,negative
1284,57846,102.4,25,50,0,0,Sheep,Black Head Persian,Male,Weaner,BDT070791,BSR013644,AVAQ57846,Hola,qfever,Irrigated,negative
1284,56945,102.4,25,50,0,0,Goat,"Galla Goat, Cross",Female,Adult,BDT070775,BSR013638,AVAQ56945,Hola,qfever,Irrigated,negative
1284,57131,102.4,25,50,0,0,Sheep,Black Head Persian,Male,Weaner,BDT070788,BSR013658,AVAQ57131,Hola,rvf,Irrigated,negative
1284,57972,102.4,25,50,0,0,Sheep,Black Head Persian,Female,Adult,BDT070795,BSR013651,AVAQ57972,Hola,rvf,Irrigated,positive
1284,57852,102.4,25,50,0,0,Sheep,Black Head Persian,Female,Adult,BDT071141,BSR013657,AVAQ57852,Hola,brucella,Irrigated,negative
1284,56850,102.4,25,50,0,0,Goat,"Galla Goat, Cross",Female,Adult,BDT071139,BSR013633,AVAQ56850,Hola,qfever,Irrigated,negative
1284,56865,102.4,25,50,0,0,Goat,"Galla Goat, Cross",Female,Adult,BDT071136,BSR013645,AVAQ56865,Hola,brucella,Irrigated,negative
1284,56835,102.4,25,50,0,0,Goat,"Galla Goat, Cross",Female,Adult,BDT070807,BSR013627,AVAQ56835,Hola,brucella,Irrigated,negative
1284,57972,102.4,25,50,0,0,Sheep,Black Head Persian,Female,Adult,BDT070795,BSR013651,AVAQ57972,Hola,qfever,Irrigated,negative
1284,57131,102.4,25,50,0,0,Sheep,Black Head Persian,Male,Weaner,BDT070788,BSR013658,AVAQ57131,Hola,brucella,Irrigated,negative
1284,58055,102.4,25,50,0,0,Sheep,Black Head Persian,Female,Adult,BDT070572,BSR013659,AVAQ58055,Hola,brucella,Irrigated,negative
1284,58114,102.4,25,50,0,0,Goat,"Galla Goat, Cross",Female,Adult,BDT070785,BSR013628,AVAQ58114,Hola,brucella,Irrigated,negative
1284,57963,102.4,25,50,0,0,Sheep,Black Head Persian,Female,Adult,BDT070809,BSR013643,AVAQ57963,Hola,qfever,Irrigated,negative
1284,56945,102.4,25,50,0,0,Goat,"Galla Goat, Cross",Female,Adult,BDT070775,BSR013638,AVAQ56945,Hola,brucella,Irrigated,negative
1284,57963,102.4,25,50,0,0,Sheep,Black Head Persian,Female,Adult,BDT070809,BSR013643,AVAQ57963,Hola,brucella,Irrigated,negative
1284,57852,102.4,25,50,0,0,Sheep,Black Head Persian,Female,Adult,BDT071141,BSR013657,AVAQ57852,Hola,rvf,Irrigated,negative
1284,58114,102.4,25,50,0,0,Goat,"Galla Goat, Cross",Female,Adult,BDT070785,BSR013628,AVAQ58114,Hola,qfever,Irrigated,negative
1284,57852,102.4,25,50,0,0,Sheep,Black Head Persian,Female,Adult,BDT071141,BSR013657,AVAQ57852,Hola,qfever,Irrigated,negative
1284,57960,102.4,25,50,0,0,Sheep,Black Head Persian,Female,Adult,BDT070561,BSR013646,AVAQ57960,Hola,brucella,Irrigated,negative
1297,54104,107.1,13,0,0,0,Goat,"Galla Goat, Cross",Female,Adult,BDT070679,BSR013975,AVAQ54104,Hola,brucella,Irrigated,negative
1297,54942,107.1,13,0,0,0,Goat,"Galla Goat, Cross",Female,Adult,BDT071176,BSR014133,AVAQ54942,Hola,qfever,Irrigated,negative
1297,54943,107.1,13,0,0,0,Goat,"Galla Goat, Cross",Male,Adult,BDT071174,BSR014165,AVAQ54943,Hola,rvf,Irrigated,negative
1297,54097,107.1,13,0,0,0,Goat,"Galla Goat, Cross",Female,Adult,BDT070700,BSR013919,AVAQ54097,Hola,qfever,Irrigated,negative
1297,54943,107.1,13,0,0,0,Goat,"Galla Goat, Cross",Male,Adult,BDT071174,BSR014165,AVAQ54943,Hola,brucella,Irrigated,negative
1297,55065,107.1,13,0,0,0,Goat,"Galla Goat, Cross",Female,Adult,BDT070698,BSR014006,AVAQ55065,Hola,rvf,Irrigated,negative
1297,54104,107.1,13,0,0,0,Goat,"Galla Goat, Cross",Female,Adult,BDT070679,BSR013975,AVAQ54104,Hola,qfever,Irrigated,negative
1297,54104,107.1,13,0,0,0,Goat,"Galla Goat, Cross",Female,Adult,BDT070679,BSR013975,AVAQ54104,Hola,rvf,Irrigated,negative
1297,55065,107.1,13,0,0,0,Goat,"Galla Goat, Cross",Female,Adult,BDT070698,BSR014006,AVAQ55065,Hola,qfever,Irrigated,negative
1297,54073,107.1,13,0,0,0,Goat,"Galla Goat, Cross",Female,Adult,BDT071186,BSR014139,AVAQ54073,Hola,brucella,Irrigated,negative
1297,54943,107.1,13,0,0,0,Goat,"Galla Goat, Cross",Male,Adult,BDT071174,BSR014165,AVAQ54943,Hola,qfever,Irrigated,negative
1297,54097,107.1,13,0,0,0,Goat,"Galla Goat, Cross",Female,Adult,BDT070700,BSR013919,AVAQ54097,Hola,brucella,Irrigated,negative
1297,54942,107.1,13,0,0,0,Goat,"Galla Goat, Cross",Female,Adult,BDT071176,BSR014133,AVAQ54942,Hola,brucella,Irrigated,negative
1297,54942,107.1,13,0,0,0,Goat,"Galla Goat, Cross",Female,Adult,BDT071176,BSR014133,AVAQ54942,Hola,rvf,Irrigated,negative
1297,54097,107.1,13,0,0,0,Goat,"Galla Goat, Cross",Female,Adult,BDT070700,BSR013919,AVAQ54097,Hola,rvf,Irrigated,negative
1297,54073,107.1,13,0,0,0,Goat,"Galla Goat, Cross",Female,Adult,BDT071186,BSR014139,AVAQ54073,Hola,qfever,Irrigated,negative
1297,54073,107.1,13,0,0,0,Goat,"Galla Goat, Cross",Female,Adult,BDT071186,BSR014139,AVAQ54073,Hola,rvf,Irrigated,negative
1297,55065,107.1,13,0,0,0,Goat,"Galla Goat, Cross",Female,Adult,BDT070698,BSR014006,AVAQ55065,Hola,brucella,Irrigated,negative
1298,55549,108.7,,,,,Goat,"Galla Goat, Cross",Female,Adult,BDT070397,BSR013984,AVAQ55549,Hola,qfever,Irrigated,negative
1298,55468,108.6,,,,,Goat,"Galla Goat, Cross",Female,Adult,BDT070682,BSR013920,AVAQ55468,Hola,qfever,Irrigated,negative
1298,55468,108.6,,,,,Goat,"Galla Goat, Cross",Female,Adult,BDT070682,BSR013920,AVAQ55468,Hola,brucella,Irrigated,negative
1298,55468,108.6,,,,,Goat,"Galla Goat, Cross",Female,Adult,BDT070682,BSR013920,AVAQ55468,Hola,rvf,Irrigated,positive
1298,55549,108.7,,,,,Goat,"Galla Goat, Cross",Female,Adult,BDT070397,BSR013984,AVAQ55549,Hola,brucella,Irrigated,negative
1298,55549,108.7,,,,,Goat,"Galla Goat, Cross",Female,Adult,BDT070397,BSR013984,AVAQ55549,Hola,rvf,Irrigated,negative
1328,54944,107.7,13,0,0,0,Goat,"Galla Goat, Cross",Female,Adult,BDT070690,BSR014372,AVAQ54944,Hola,qfever,Irrigated,negative
1328,55483,107.7,13,0,0,0,Goat,"Galla Goat, Cross",Female,Adult,BDT070384,BSR014154,AVAQ55483,Hola,qfever,Irrigated,positive
1328,55187,107.7,13,0,0,0,Goat,"Galla Goat, Cross",Male,Adult,BDT070403,BSR014373,AVAQ55187,Hola,rvf,Irrigated,negative
1328,54933,107.7,13,0,0,0,Goat,"Galla Goat, Cross",Female,Adult,BDT070364,BSR014367,AVAQ54933,Hola,rvf,Irrigated,negative
1328,54944,107.7,13,0,0,0,Goat,"Galla Goat, Cross",Female,Adult,BDT070690,BSR014372,AVAQ54944,Hola,rvf,Irrigated,negative
1328,54103,107.7,13,0,0,0,Goat,"Galla Goat, Cross",Female,Adult,BDT070373,BSR014365,AVAQ54103,Hola,brucella,Irrigated,negative
1328,55203,107.7,13,0,0,0,Goat,"Galla Goat, Cross",Female,Adult,BDT070372,BSR014335,AVAQ55203,Hola,rvf,Irrigated,negative
1328,55483,107.7,13,0,0,0,Goat,"Galla Goat, Cross",Female,Adult,BDT070384,BSR014154,AVAQ55483,Hola,rvf,Irrigated,negative
1328,55189,107.7,13,0,0,0,Goat,"Galla Goat, Cross",Female,Adult,BDT070391,BSR014366,AVAQ55189,Hola,brucella,Irrigated,negative
1328,55203,107.7,13,0,0,0,Goat,"Galla Goat, Cross",Female,Adult,BDT070372,BSR014335,AVAQ55203,Hola,qfever,Irrigated,negative
1328,55483,107.7,13,0,0,0,Goat,"Galla Goat, Cross",Female,Adult,BDT070384,BSR014154,AVAQ55483,Hola,brucella,Irrigated,positive
1328,55187,107.7,13,0,0,0,Goat,"Galla Goat, Cross",Male,Adult,BDT070403,BSR014373,AVAQ55187,Hola,qfever,Irrigated,negative
1328,54933,107.7,13,0,0,0,Goat,"Galla Goat, Cross",Female,Adult,BDT070364,BSR014367,AVAQ54933,Hola,qfever,Irrigated,positive
1328,54103,107.7,13,0,0,0,Goat,"Galla Goat, Cross",Female,Adult,BDT070373,BSR014365,AVAQ54103,Hola,rvf,Irrigated,negative
1328,55043,107.7,13,0,0,0,Goat,"Galla Goat, Cross",Female,Weaner,BDT070385,BSR013999,AVAQ55043,Hola,brucella,Irrigated,negative
1328,54103,107.7,13,0,0,0,Goat,"Galla Goat, Cross",Female,Adult,BDT070373,BSR014365,AVAQ54103,Hola,qfever,Irrigated,negative
1328,55187,107.7,13,0,0,0,Goat,"Galla Goat, Cross",Male,Adult,BDT070403,BSR014373,AVAQ55187,Hola,brucella,Irrigated,negative
1328,54933,107.7,13,0,0,0,Goat,"Galla Goat, Cross",Female,Adult,BDT070364,BSR014367,AVAQ54933,Hola,brucella,Irrigated,negative
1328,55043,107.7,13,0,0,0,Goat,"Galla Goat, Cross",Female,Weaner,BDT070385,BSR013999,AVAQ55043,Hola,qfever,Irrigated,negative
1328,55203,107.7,13,0,0,0,Goat,"Galla Goat, Cross",Female,Adult,BDT070372,BSR014335,AVAQ55203,Hola,brucella,Irrigated,negative
1328,54944,107.7,13,0,0,0,Goat,"Galla Goat, Cross",Female,Adult,BDT070690,BSR014372,AVAQ54944,Hola,brucella,Irrigated,negative
1328,55189,107.7,13,0,0,0,Goat,"Galla Goat, Cross",Female,Adult,BDT070391,BSR014366,AVAQ55189,Hola,qfever,Irrigated,negative
1328,55043,107.7,13,0,0,0,Goat,"Galla Goat, Cross",Female,Weaner,BDT070385,BSR013999,AVAQ55043,Hola,rvf,Irrigated,negative
1328,55189,107.7,13,0,0,0,Goat,"Galla Goat, Cross",Female,Adult,BDT070391,BSR014366,AVAQ55189,Hola,rvf,Irrigated,negative
1341,55056,107.2,14,6,0,0,Sheep,Black Head Persian,Female,Adult,BDT070378,BSR014330,AVAQ55056,Hola,rvf,Irrigated,negative
1341,54919,107.2,14,6,0,0,Sheep,Black Head Persian,Female,Adult,BDT070359,BSR014362,AVAQ54919,Hola,brucella,Irrigated,negative
1341,54919,107.2,14,6,0,0,Sheep,Black Head Persian,Female,Adult,BDT070359,BSR014362,AVAQ54919,Hola,qfever,Irrigated,negative
1341,54227,107.2,14,6,0,0,Goat,"Galla Goat, Cross",Female,Adult,BDT070368,BSR014125,AVAQ54227,Hola,qfever,Irrigated,negative
1341,55485,107.2,14,6,0,0,Goat,"Galla Goat, Cross",Female,Adult,BDT071173,BSR014352,AVAQ55485,Hola,brucella,Irrigated,negative
1341,55059,107.2,14,6,0,0,Sheep,Black Head Persian,Female,Adult,BDT070390,BSR014137,AVAQ55059,Hola,brucella,Irrigated,negative
1341,55077,107.2,14,6,0,0,Goat,"Galla Goat, Cross",Female,Adult,BDT071237,BSR014334,AVAQ55077,Hola,rvf,Irrigated,negative
1341,55077,107.2,14,6,0,0,Goat,"Galla Goat, Cross",Female,Adult,BDT071237,BSR014334,AVAQ55077,Hola,brucella,Irrigated,negative
1341,55059,107.2,14,6,0,0,Sheep,Black Head Persian,Female,Adult,BDT070390,BSR014137,AVAQ55059,Hola,qfever,Irrigated,positive
1341,55198,107.2,14,6,0,0,Sheep,Black Head Persian,Male,Weaner,BDT070379,BSR014369,AVAQ55198,Hola,rvf,Irrigated,negative
1341,55547,107.2,14,6,0,0,Goat,"Galla Goat, Cross",Female,Adult,BDT070405,BSR014331,AVAQ55547,Hola,brucella,Irrigated,negative
1341,55198,107.2,14,6,0,0,Sheep,Black Head Persian,Male,Weaner,BDT070379,BSR014369,AVAQ55198,Hola,qfever,Irrigated,negative
1341,55472,107.2,14,6,0,0,Sheep,Black Head Persian,Female,Adult,BDT070402,BSR014160,AVAQ55472,Hola,rvf,Irrigated,negative
1341,55547,107.2,14,6,0,0,Goat,"Galla Goat, Cross",Female,Adult,BDT070405,BSR014331,AVAQ55547,Hola,rvf,Irrigated,negative
1341,55082,107.2,14,6,0,0,Goat,"Galla Goat, Cross",Female,Adult,BDT070394,BSR014332,AVAQ55082,Hola,brucella,Irrigated,negative
1341,55059,107.2,14,6,0,0,Sheep,Black Head Persian,Female,Adult,BDT070390,BSR014137,AVAQ55059,Hola,rvf,Irrigated,negative
1341,54227,107.2,14,6,0,0,Goat,"Galla Goat, Cross",Female,Adult,BDT070368,BSR014125,AVAQ54227,Hola,brucella,Irrigated,negative
1341,55198,107.2,14,6,0,0,Sheep,Black Head Persian,Male,Weaner,BDT070379,BSR014369,AVAQ55198,Hola,brucella,Irrigated,negative
1341,55056,107.2,14,6,0,0,Sheep,Black Head Persian,Female,Adult,BDT070378,BSR014330,AVAQ55056,Hola,brucella,Irrigated,negative
1341,55572,107.2,14,6,0,0,Goat,"Galla Goat, Cross",Female,Adult,BDT070376,BSR014358,AVAQ55572,Hola,qfever,Irrigated,negative
1341,55023,107.2,14,6,0,0,Goat,"Galla Goat, Cross",Female,Adult,BDT071180,BSR014361,AVAQ55023,Hola,rvf,Irrigated,negative
1341,55277,107.2,14,6,0,0,Goat,"Galla Goat, Cross",Female,Adult,BDT071162,BSR014337,AVAQ55277,Hola,qfever,Irrigated,negative
1341,54227,107.2,14,6,0,0,Goat,"Galla Goat, Cross",Female,Adult,BDT070368,BSR014125,AVAQ54227,Hola,rvf,Irrigated,negative
1341,55277,107.2,14,6,0,0,Goat,"Galla Goat, Cross",Female,Adult,BDT071162,BSR014337,AVAQ55277,Hola,brucella,Irrigated,negative
1341,55052,107.2,14,6,0,0,Sheep,Black Head Persian,Female,Adult,BDT070702,BSR013997,AVAQ55052,Hola,rvf,Irrigated,negative
1341,55472,107.2,14,6,0,0,Sheep,Black Head Persian,Female,Adult,BDT070402,BSR014160,AVAQ55472,Hola,qfever,Irrigated,negative
1341,55056,107.2,14,6,0,0,Sheep,Black Head Persian,Female,Adult,BDT070378,BSR014330,AVAQ55056,Hola,qfever,Irrigated,negative
1341,55023,107.2,14,6,0,0,Goat,"Galla Goat, Cross",Female,Adult,BDT071180,BSR014361,AVAQ55023,Hola,qfever,Irrigated,negative
1341,55052,107.2,14,6,0,0,Sheep,Black Head Persian,Female,Adult,BDT070702,BSR013997,AVAQ55052,Hola,qfever,Irrigated,negative
1341,55277,107.2,14,6,0,0,Goat,"Galla Goat, Cross",Female,Adult,BDT071162,BSR014337,AVAQ55277,Hola,rvf,Irrigated,negative
1341,55547,107.2,14,6,0,0,Goat,"Galla Goat, Cross",Female,Adult,BDT070405,BSR014331,AVAQ55547,Hola,qfever,Irrigated,negative
1341,55485,107.2,14,6,0,0,Goat,"Galla Goat, Cross",Female,Adult,BDT071173,BSR014352,AVAQ55485,Hola,rvf,Irrigated,negative
1341,55077,107.2,14,6,0,0,Goat,"Galla Goat, Cross",Female,Adult,BDT071237,BSR014334,AVAQ55077,Hola,qfever,Irrigated,negative
1341,55023,107.2,14,6,0,0,Goat,"Galla Goat, Cross",Female,Adult,BDT071180,BSR014361,AVAQ55023,Hola,brucella,Irrigated,negative
1341,54919,107.2,14,6,0,0,Sheep,Black Head Persian,Female,Adult,BDT070359,BSR014362,AVAQ54919,Hola,rvf,Irrigated,positive
1341,55572,107.2,14,6,0,0,Goat,"Galla Goat, Cross",Female,Adult,BDT070376,BSR014358,AVAQ55572,Hola,rvf,Irrigated,negative
1341,55082,107.2,14,6,0,0,Goat,"Galla Goat, Cross",Female,Adult,BDT070394,BSR014332,AVAQ55082,Hola,rvf,Irrigated,negative
1341,55472,107.2,14,6,0,0,Sheep,Black Head Persian,Female,Adult,BDT070402,BSR014160,AVAQ55472,Hola,brucella,Irrigated,negative
1341,55485,107.2,14,6,0,0,Goat,"Galla Goat, Cross",Female,Adult,BDT071173,BSR014352,AVAQ55485,Hola,qfever,Irrigated,negative
1341,55052,107.2,14,6,0,0,Sheep,Black Head Persian,Female,Adult,BDT070702,BSR013997,AVAQ55052,Hola,brucella,Irrigated,negative
1341,55572,107.2,14,6,0,0,Goat,"Galla Goat, Cross",Female,Adult,BDT070376,BSR014358,AVAQ55572,Hola,brucella,Irrigated,negative
1341,55082,107.2,14,6,0,0,Goat,"Galla Goat, Cross",Female,Adult,BDT070394,BSR014332,AVAQ55082,Hola,qfever,Irrigated,positive
1348,55466,107,3,0,0,0,Goat,"Galla Goat, Cross",Female,Adult,BDT071170,BSR014351,AVAQ55466,Hola,brucella,Irrigated,negative
1348,55466,107,3,0,0,0,Goat,"Galla Goat, Cross",Female,Adult,BDT071170,BSR014351,AVAQ55466,Hola,rvf,Irrigated,positive
1348,55466,107,3,0,0,0,Goat,"Galla Goat, Cross",Female,Adult,BDT071170,BSR014351,AVAQ55466,Hola,qfever,Irrigated,negative
1348,55083,107,3,0,0,0,Goat,"Galla Goat, Cross",Female,Adult,BDT070680,BSR014329,AVAQ55083,Hola,rvf,Irrigated,negative
1348,55083,107,3,0,0,0,Goat,"Galla Goat, Cross",Female,Adult,BDT070680,BSR014329,AVAQ55083,Hola,brucella,Irrigated,negative
1348,55004,107,3,0,0,0,Goat,"Galla Goat, Cross",Male,Weaner,BDT071187,BSR014343,AVAQ55004,Hola,brucella,Irrigated,negative
1348,55004,107,3,0,0,0,Goat,"Galla Goat, Cross",Male,Weaner,BDT071187,BSR014343,AVAQ55004,Hola,qfever,Irrigated,negative
1348,55004,107,3,0,0,0,Goat,"Galla Goat, Cross",Male,Weaner,BDT071187,BSR014343,AVAQ55004,Hola,rvf,Irrigated,negative
1348,55083,107,3,0,0,0,Goat,"Galla Goat, Cross",Female,Adult,BDT070680,BSR014329,AVAQ55083,Hola,qfever,Irrigated,negative
1353,55316,107.2,7,0,0,0,Goat,"Galla Goat, Cross",Female,Adult,BDT070660,BSR013541,AVAQ55316,Hola,brucella,Irrigated,negative
1353,55316,107.2,7,0,0,0,Goat,"Galla Goat, Cross",Female,Adult,BDT070660,BSR013541,AVAQ55316,Hola,rvf,Irrigated,negative
1353,54216,107.2,7,0,0,0,Goat,"Galla Goat, Cross",Female,Adult,BDT070470,BSR014026,AVAQ54216,Hola,rvf,Irrigated,negative
1353,55482,107.2,7,0,0,0,Goat,"Galla Goat, Cross",Female,Adult,BDT071179,BSR014134,AVAQ55482,Hola,brucella,Irrigated,negative
1353,55482,107.2,7,0,0,0,Goat,"Galla Goat, Cross",Female,Adult,BDT071179,BSR014134,AVAQ55482,Hola,qfever,Irrigated,negative
1353,55797,107.2,7,0,0,0,Goat,"Galla Goat, Cross",Male,Adult,BDT071191,BSR014144,AVAQ55797,Hola,brucella,Irrigated,negative
1353,55316,107.2,7,0,0,0,Goat,"Galla Goat, Cross",Female,Adult,BDT070660,BSR013541,AVAQ55316,Hola,qfever,Irrigated,negative
1353,55482,107.2,7,0,0,0,Goat,"Galla Goat, Cross",Female,Adult,BDT071179,BSR014134,AVAQ55482,Hola,rvf,Irrigated,negative
1353,55467,107.2,7,0,0,0,Goat,"Galla Goat, Cross",Male,Adult,BDT071167,BSR014142,AVAQ55467,Hola,qfever,Irrigated,negative
1353,55467,107.2,7,0,0,0,Goat,"Galla Goat, Cross",Male,Adult,BDT071167,BSR014142,AVAQ55467,Hola,brucella,Irrigated,negative
1353,54216,107.2,7,0,0,0,Goat,"Galla Goat, Cross",Female,Adult,BDT070470,BSR014026,AVAQ54216,Hola,qfever,Irrigated,negative
1353,55797,107.2,7,0,0,0,Goat,"Galla Goat, Cross",Male,Adult,BDT071191,BSR014144,AVAQ55797,Hola,rvf,Irrigated,negative
1353,54216,107.2,7,0,0,0,Goat,"Galla Goat, Cross",Female,Adult,BDT070470,BSR014026,AVAQ54216,Hola,brucella,Irrigated,negative
1353,55467,107.2,7,0,0,0,Goat,"Galla Goat, Cross",Male,Adult,BDT071167,BSR014142,AVAQ55467,Hola,rvf,Irrigated,negative
1353,55797,107.2,7,0,0,0,Goat,"Galla Goat, Cross",Male,Adult,BDT071191,BSR014144,AVAQ55797,Hola,qfever,Irrigated,negative
1361,55010,107.1,4,0,0,0,Goat,"Galla Goat, Cross",Female,Adult,BDT070705,BSR013978,AVAQ55010,Hola,qfever,Irrigated,negative
1361,55084,107.1,4,0,0,0,Goat,"Galla Goat, Cross",Male,Weaner,BDT070676,BSR013998,AVAQ55084,Hola,brucella,Irrigated,negative
1361,55084,107.1,4,0,0,0,Goat,"Galla Goat, Cross",Male,Weaner,BDT070676,BSR013998,AVAQ55084,Hola,rvf,Irrigated,negative
1361,55477,107.1,4,0,0,0,Goat,"Galla Goat, Cross",Female,Adult,BDT071181,BSR014141,AVAQ55477,Hola,qfever,Irrigated,positive
1361,55074,107.1,4,0,0,0,Goat,"Galla Goat, Cross",Female,Adult,BDT071184,BSR014131,AVAQ55074,Hola,qfever,Irrigated,negative
1361,55010,107.1,4,0,0,0,Goat,"Galla Goat, Cross",Female,Adult,BDT070705,BSR013978,AVAQ55010,Hola,rvf,Irrigated,negative
1361,55477,107.1,4,0,0,0,Goat,"Galla Goat, Cross",Female,Adult,BDT071181,BSR014141,AVAQ55477,Hola,brucella,Irrigated,negative
1361,55074,107.1,4,0,0,0,Goat,"Galla Goat, Cross",Female,Adult,BDT071184,BSR014131,AVAQ55074,Hola,brucella,Irrigated,negative
1361,55084,107.1,4,0,0,0,Goat,"Galla Goat, Cross",Male,Weaner,BDT070676,BSR013998,AVAQ55084,Hola,qfever,Irrigated,negative
1361,55010,107.1,4,0,0,0,Goat,"Galla Goat, Cross",Female,Adult,BDT070705,BSR013978,AVAQ55010,Hola,brucella,Irrigated,negative
1361,55074,107.1,4,0,0,0,Goat,"Galla Goat, Cross",Female,Adult,BDT071184,BSR014131,AVAQ55074,Hola,rvf,Irrigated,negative
1361,55477,107.1,4,0,0,0,Goat,"Galla Goat, Cross",Female,Adult,BDT071181,BSR014141,AVAQ55477,Hola,rvf,Irrigated,negative
1379,55487,107.5,7,0,0,0,Goat,"Galla Goat, Cross",Female,Adult,BDT071248,BSR014325,AVAQ55487,Hola,brucella,Irrigated,negative
1379,55487,107.5,7,0,0,0,Goat,"Galla Goat, Cross",Female,Adult,BDT071248,BSR014325,AVAQ55487,Hola,qfever,Irrigated,negative
1379,55487,107.5,7,0,0,0,Goat,"Galla Goat, Cross",Female,Adult,BDT071248,BSR014325,AVAQ55487,Hola,rvf,Irrigated,negative
1379,55481,107.5,7,0,0,0,Goat,"Galla Goat, Cross",Female,Weaner,BDT071256,BSR014368,AVAQ55481,Hola,qfever,Irrigated,negative
1379,55058,107.5,7,0,0,0,Goat,"Galla Goat, Cross",Female,Adult,BDT071251,BSR014027,AVAQ55058,Hola,rvf,Irrigated,negative
1379,55481,107.5,7,0,0,0,Goat,"Galla Goat, Cross",Female,Weaner,BDT071256,BSR014368,AVAQ55481,Hola,rvf,Irrigated,negative
1379,55481,107.5,7,0,0,0,Goat,"Galla Goat, Cross",Female,Weaner,BDT071256,BSR014368,AVAQ55481,Hola,brucella,Irrigated,negative
1379,55058,107.5,7,0,0,0,Goat,"Galla Goat, Cross",Female,Adult,BDT071251,BSR014027,AVAQ55058,Hola,brucella,Irrigated,negative
1379,55058,107.5,7,0,0,0,Goat,"Galla Goat, Cross",Female,Adult,BDT071251,BSR014027,AVAQ55058,Hola,qfever,Irrigated,negative
1394,54930,108,3,0,0,0,Goat,"Galla Goat, Cross",Female,Adult,BDT071183,BSR014159,AVAQ54930,Hola,rvf,Irrigated,negative
1394,54930,108,3,0,0,0,Goat,"Galla Goat, Cross",Female,Adult,BDT071183,BSR014159,AVAQ54930,Hola,brucella,Irrigated,negative
1394,54930,108,3,0,0,0,Goat,"Galla Goat, Cross",Female,Adult,BDT071183,BSR014159,AVAQ54930,Hola,qfever,Irrigated,positive
1414,54970,107.8,6,0,0,0,Goat,"Galla Goat, Cross",Female,Adult,BDT071178,BSR014350,AVAQ54970,Hola,brucella,Irrigated,negative
1414,54975,107.8,6,0,0,0,Goat,"Galla Goat, Cross",Female,Adult,BDT071164,BSR014346,AVAQ54975,Hola,brucella,Irrigated,negative
1414,55088,107.8,6,0,0,0,Goat,"Galla Goat, Cross",Male,Adult,BDT071182,BSR014015,AVAQ55088,Hola,qfever,Irrigated,negative
1414,54970,107.8,6,0,0,0,Goat,"Galla Goat, Cross",Female,Adult,BDT071178,BSR014350,AVAQ54970,Hola,rvf,Irrigated,negative
1414,55053,107.8,6,0,0,0,Goat,"Galla Goat, Cross",Female,Adult,BDT071171,BSR014347,AVAQ55053,Hola,qfever,Irrigated,negative
1414,55009,107.8,6,0,0,0,Goat,"Galla Goat, Cross",Female,Adult,BDT071207,BSR014371,AVAQ55009,Hola,rvf,Irrigated,negative
1414,54975,107.8,6,0,0,0,Goat,"Galla Goat, Cross",Female,Adult,BDT071164,BSR014346,AVAQ54975,Hola,qfever,Irrigated,negative
1414,55088,107.8,6,0,0,0,Goat,"Galla Goat, Cross",Male,Adult,BDT071182,BSR014015,AVAQ55088,Hola,rvf,Irrigated,negative
1414,55009,107.8,6,0,0,0,Goat,"Galla Goat, Cross",Female,Adult,BDT071207,BSR014371,AVAQ55009,Hola,qfever,Irrigated,negative
1414,54970,107.8,6,0,0,0,Goat,"Galla Goat, Cross",Female,Adult,BDT071178,BSR014350,AVAQ54970,Hola,qfever,Irrigated,negative
1414,55009,107.8,6,0,0,0,Goat,"Galla Goat, Cross",Female,Adult,BDT071207,BSR014371,AVAQ55009,Hola,brucella,Irrigated,negative
1414,55088,107.8,6,0,0,0,Goat,"Galla Goat, Cross",Male,Adult,BDT071182,BSR014015,AVAQ55088,Hola,brucella,Irrigated,negative
1414,54963,107.8,6,0,0,0,Goat,"Galla Goat, Cross",Female,Adult,BDT070482,BSR014328,AVAQ54963,Hola,qfever,Irrigated,negative
1414,54975,107.8,6,0,0,0,Goat,"Galla Goat, Cross",Female,Adult,BDT071164,BSR014346,AVAQ54975,Hola,rvf,Irrigated,negative
1414,54963,107.8,6,0,0,0,Goat,"Galla Goat, Cross",Female,Adult,BDT070482,BSR014328,AVAQ54963,Hola,rvf,Irrigated,negative
1414,55053,107.8,6,0,0,0,Goat,"Galla Goat, Cross",Female,Adult,BDT071171,BSR014347,AVAQ55053,Hola,brucella,Irrigated,negative
1414,55053,107.8,6,0,0,0,Goat,"Galla Goat, Cross",Female,Adult,BDT071171,BSR014347,AVAQ55053,Hola,rvf,Irrigated,negative
1414,54963,107.8,6,0,0,0,Goat,"Galla Goat, Cross",Female,Adult,BDT070482,BSR014328,AVAQ54963,Hola,brucella,Irrigated,negative
1434,54074,110,2,0,0,0,Goat,"Galla Goat, Cross",Female,Adult,BDT070708,BSR013979,AVAQ54074,Hola,rvf,Irrigated,positive
1434,54074,110,2,0,0,0,Goat,"Galla Goat, Cross",Female,Adult,BDT070708,BSR013979,AVAQ54074,Hola,qfever,Irrigated,negative
1434,54074,110,2,0,0,0,Goat,"Galla Goat, Cross",Female,Adult,BDT070708,BSR013979,AVAQ54074,Hola,brucella,Irrigated,negative
1438,54111,110.2,10,0,0,0,Goat,"Galla Goat, Cross",Female,Adult,BDT070374,BSR013988,AVAQ54111,Hola,qfever,Irrigated,positive
1438,55049,110.2,10,0,0,0,Goat,"Galla Goat, Cross",Female,Adult,BDT070370,BSR014353,AVAQ55049,Hola,rvf,Irrigated,negative
1438,55208,110.2,10,0,0,0,Goat,"Galla Goat, Cross",Female,Adult,BDT070380,BSR014355,AVAQ55208,Hola,qfever,Irrigated,positive
1438,55208,110.2,10,0,0,0,Goat,"Galla Goat, Cross",Female,Adult,BDT070380,BSR014355,AVAQ55208,Hola,brucella,Irrigated,negative
1438,54206,110.2,10,0,0,0,Goat,"Galla Goat, Cross",Male,Weaner,BDT070381,BSR014364,AVAQ54206,Hola,rvf,Irrigated,negative
1438,55208,110.2,10,0,0,0,Goat,"Galla Goat, Cross",Female,Adult,BDT070380,BSR014355,AVAQ55208,Hola,rvf,Irrigated,negative
1438,54206,110.2,10,0,0,0,Goat,"Galla Goat, Cross",Male,Weaner,BDT070381,BSR014364,AVAQ54206,Hola,brucella,Irrigated,negative
1438,54969,110.2,10,0,0,0,Goat,"Galla Goat, Cross",Female,Weaner,BDT070400,BSR014143,AVAQ54969,Hola,rvf,Irrigated,positive
1438,55039,110.2,10,0,0,0,Goat,"Galla Goat, Cross",Female,Adult,BDT070389,BSR013993,AVAQ55039,Hola,qfever,Irrigated,negative
1438,54969,110.2,10,0,0,0,Goat,"Galla Goat, Cross",Female,Weaner,BDT070400,BSR014143,AVAQ54969,Hola,qfever,Irrigated,positive
1438,54111,110.2,10,0,0,0,Goat,"Galla Goat, Cross",Female,Adult,BDT070374,BSR013988,AVAQ54111,Hola,brucella,Irrigated,negative
1438,55564,110.2,10,0,0,0,Goat,"Galla Goat, Cross",Female,Adult,BDT070396,BSR014375,AVAQ55564,Hola,qfever,Irrigated,negative
1438,55564,110.2,10,0,0,0,Goat,"Galla Goat, Cross",Female,Adult,BDT070396,BSR014375,AVAQ55564,Hola,brucella,Irrigated,negative
1438,55039,110.2,10,0,0,0,Goat,"Galla Goat, Cross",Female,Adult,BDT070389,BSR013993,AVAQ55039,Hola,brucella,Irrigated,negative
1438,55039,110.2,10,0,0,0,Goat,"Galla Goat, Cross",Female,Adult,BDT070389,BSR013993,AVAQ55039,Hola,rvf,Irrigated,negative
1438,54969,110.2,10,0,0,0,Goat,"Galla Goat, Cross",Female,Weaner,BDT070400,BSR014143,AVAQ54969,Hola,brucella,Irrigated,negative
1438,54111,110.2,10,0,0,0,Goat,"Galla Goat, Cross",Female,Adult,BDT070374,BSR013988,AVAQ54111,Hola,rvf,Irrigated,negative
1438,55049,110.2,10,0,0,0,Goat,"Galla Goat, Cross",Female,Adult,BDT070370,BSR014353,AVAQ55049,Hola,qfever,Irrigated,negative
1438,54206,110.2,10,0,0,0,Goat,"Galla Goat, Cross",Male,Weaner,BDT070381,BSR014364,AVAQ54206,Hola,qfever,Irrigated,negative
1438,55049,110.2,10,0,0,0,Goat,"Galla Goat, Cross",Female,Adult,BDT070370,BSR014353,AVAQ55049,Hola,brucella,Irrigated,negative
1438,55564,110.2,10,0,0,0,Goat,"Galla Goat, Cross",Female,Adult,BDT070396,BSR014375,AVAQ55564,Hola,rvf,Irrigated,negative
1443,55567,109.1,25,7,0,0,Goat,"Galla Goat, Cross",Female,Adult,BDT070393,BSR014031,AVAQ55567,Hola,brucella,Irrigated,negative
1443,55200,109.1,25,7,0,0,Goat,"Galla Goat, Cross",Female,Adult,BDT070398,BSR014012,AVAQ55200,Hola,brucella,Irrigated,negative
1443,55465,109.1,25,7,0,0,Goat,"Galla Goat, Cross",Female,Adult,BDT070686,BSR014016,AVAQ55465,Hola,qfever,Irrigated,positive
1443,54948,109.1,25,7,0,0,Sheep,Black Head Persian,Female,Adult,BDT070703,BSR013992,AVAQ54948,Hola,rvf,Irrigated,positive
1443,54108,109.1,25,7,0,0,Sheep,Black Head Persian,Female,Adult,BDT070664,BSR014148,AVAQ54108,Hola,rvf,Irrigated,negative
1443,55488,109.1,25,7,0,0,Goat,"Galla Goat, Cross",Female,Weaner,BDT070392,BSR014032,AVAQ55488,Hola,rvf,Irrigated,negative
1443,54985,109.1,25,7,0,0,Sheep,Black Head Persian,Female,Adult,BDT070696,BSR014011,AVAQ54985,Hola,qfever,Irrigated,positive
1443,54932,109.1,25,7,0,0,Goat,"Galla Goat, Cross",Female,Adult,BDT070684,BSR013986,AVAQ54932,Hola,qfever,Irrigated,positive
1443,55080,109.1,25,7,0,0,Goat,"Galla Goat, Cross",Female,Adult,BDT070691,BSR014014,AVAQ55080,Hola,rvf,Irrigated,negative
1443,54948,109.1,25,7,0,0,Sheep,Black Head Persian,Female,Adult,BDT070703,BSR013992,AVAQ54948,Hola,qfever,Irrigated,positive
1443,55488,109.1,25,7,0,0,Goat,"Galla Goat, Cross",Female,Weaner,BDT070392,BSR014032,AVAQ55488,Hola,brucella,Irrigated,negative
1443,55798,109.1,25,7,0,0,Sheep,Black Head Persian,Female,Adult,BDT070399,BSR013537,AVAQ55798,Hola,qfever,Irrigated,negative
1443,54220,109.1,25,7,0,0,Goat,"Galla Goat, Cross",Female,Adult,BDT070694,BSR013983,AVAQ54220,Hola,qfever,Irrigated,negative
1443,54932,109.1,25,7,0,0,Goat,"Galla Goat, Cross",Female,Adult,BDT070684,BSR013986,AVAQ54932,Hola,brucella,Irrigated,negative
1443,55089,109.1,25,7,0,0,Goat,"Galla Goat, Cross",Female,Adult,BDT070654,BSR014000,AVAQ55089,Hola,qfever,Irrigated,positive
1443,55089,109.1,25,7,0,0,Goat,"Galla Goat, Cross",Female,Adult,BDT070654,BSR014000,AVAQ55089,Hola,brucella,Irrigated,negative
1443,54932,109.1,25,7,0,0,Goat,"Galla Goat, Cross",Female,Adult,BDT070684,BSR013986,AVAQ54932,Hola,rvf,Irrigated,negative
1443,55007,109.1,25,7,0,0,Goat,"Galla Goat, Cross",Male,Adult,BDT070638,BSR013909,AVAQ55007,Hola,brucella,Irrigated,negative
1443,55024,109.1,25,7,0,0,Goat,"Galla Goat, Cross",Female,Adult,BDT070459,BSR013915,AVAQ55024,Hola,rvf,Irrigated,negative
1443,55567,109.1,25,7,0,0,Goat,"Galla Goat, Cross",Female,Adult,BDT070393,BSR014031,AVAQ55567,Hola,qfever,Irrigated,positive
1443,55465,109.1,25,7,0,0,Goat,"Galla Goat, Cross",Female,Adult,BDT070686,BSR014016,AVAQ55465,Hola,rvf,Irrigated,negative
1443,55488,109.1,25,7,0,0,Goat,"Galla Goat, Cross",Female,Weaner,BDT070392,BSR014032,AVAQ55488,Hola,qfever,Irrigated,negative
1443,54108,109.1,25,7,0,0,Sheep,Black Head Persian,Female,Adult,BDT070664,BSR014148,AVAQ54108,Hola,brucella,Irrigated,negative
1443,54220,109.1,25,7,0,0,Goat,"Galla Goat, Cross",Female,Adult,BDT070694,BSR013983,AVAQ54220,Hola,brucella,Irrigated,negative
1443,55798,109.1,25,7,0,0,Sheep,Black Head Persian,Female,Adult,BDT070399,BSR013537,AVAQ55798,Hola,rvf,Irrigated,negative
1443,55200,109.1,25,7,0,0,Goat,"Galla Goat, Cross",Female,Adult,BDT070398,BSR014012,AVAQ55200,Hola,qfever,Irrigated,negative
1443,55080,109.1,25,7,0,0,Goat,"Galla Goat, Cross",Female,Adult,BDT070691,BSR014014,AVAQ55080,Hola,qfever,Irrigated,negative
1443,55024,109.1,25,7,0,0,Goat,"Galla Goat, Cross",Female,Adult,BDT070459,BSR013915,AVAQ55024,Hola,qfever,Irrigated,negative
1443,55089,109.1,25,7,0,0,Goat,"Galla Goat, Cross",Female,Adult,BDT070654,BSR014000,AVAQ55089,Hola,rvf,Irrigated,negative
1443,54985,109.1,25,7,0,0,Sheep,Black Head Persian,Female,Adult,BDT070696,BSR014011,AVAQ54985,Hola,rvf,Irrigated,negative
1443,55024,109.1,25,7,0,0,Goat,"Galla Goat, Cross",Female,Adult,BDT070459,BSR013915,AVAQ55024,Hola,brucella,Irrigated,negative
1443,55007,109.1,25,7,0,0,Goat,"Galla Goat, Cross",Male,Adult,BDT070638,BSR013909,AVAQ55007,Hola,rvf,Irrigated,negative
1443,55465,109.1,25,7,0,0,Goat,"Galla Goat, Cross",Female,Adult,BDT070686,BSR014016,AVAQ55465,Hola,brucella,Irrigated,negative
1443,55200,109.1,25,7,0,0,Goat,"Galla Goat, Cross",Female,Adult,BDT070398,BSR014012,AVAQ55200,Hola,rvf,Irrigated,negative
1443,54220,109.1,25,7,0,0,Goat,"Galla Goat, Cross",Female,Adult,BDT070694,BSR013983,AVAQ54220,Hola,rvf,Irrigated,negative
1443,55007,109.1,25,7,0,0,Goat,"Galla Goat, Cross",Male,Adult,BDT070638,BSR013909,AVAQ55007,Hola,qfever,Irrigated,negative
1443,54985,109.1,25,7,0,0,Sheep,Black Head Persian,Female,Adult,BDT070696,BSR014011,AVAQ54985,Hola,brucella,Irrigated,negative
1443,54108,109.1,25,7,0,0,Sheep,Black Head Persian,Female,Adult,BDT070664,BSR014148,AVAQ54108,Hola,qfever,Irrigated,positive
1443,54948,109.1,25,7,0,0,Sheep,Black Head Persian,Female,Adult,BDT070703,BSR013992,AVAQ54948,Hola,brucella,Irrigated,negative
1443,55798,109.1,25,7,0,0,Sheep,Black Head Persian,Female,Adult,BDT070399,BSR013537,AVAQ55798,Hola,brucella,Irrigated,negative
1443,55567,109.1,25,7,0,0,Goat,"Galla Goat, Cross",Female,Adult,BDT070393,BSR014031,AVAQ55567,Hola,rvf,Irrigated,negative
1443,55080,109.1,25,7,0,0,Goat,"Galla Goat, Cross",Female,Adult,BDT070691,BSR014014,AVAQ55080,Hola,brucella,Irrigated,negative
1448,55091,108,6,0,0,0,Goat,"Galla Goat, Cross",Female,Adult,BDT071175,BSR014338,AVAQ55091,Hola,rvf,Irrigated,negative
1448,54931,108,6,0,0,0,Goat,"Galla Goat, Cross",Female,Adult,BDT070672,BSR014342,AVAQ54931,Hola,rvf,Irrigated,negative
1448,55017,108,6,0,0,0,Goat,"Galla Goat, Cross",Female,Adult,BDT071168,BSR014359,AVAQ55017,Hola,rvf,Irrigated,negative
1448,54931,108,6,0,0,0,Goat,"Galla Goat, Cross",Female,Adult,BDT070672,BSR014342,AVAQ54931,Hola,qfever,Irrigated,negative
1448,55473,108,6,0,0,0,Goat,"Galla Goat, Cross",Male,Adult,BDT071217,BSR014028,AVAQ55473,Hola,rvf,Irrigated,negative
1448,55017,108,6,0,0,0,Goat,"Galla Goat, Cross",Female,Adult,BDT071168,BSR014359,AVAQ55017,Hola,qfever,Irrigated,negative
1448,54990,108,6,0,0,0,Goat,"Galla Goat, Cross",Female,Adult,BDT070371,BSR014357,AVAQ54990,Hola,rvf,Irrigated,negative
1448,54931,108,6,0,0,0,Goat,"Galla Goat, Cross",Female,Adult,BDT070672,BSR014342,AVAQ54931,Hola,brucella,Irrigated,negative
1448,54990,108,6,0,0,0,Goat,"Galla Goat, Cross",Female,Adult,BDT070371,BSR014357,AVAQ54990,Hola,qfever,Irrigated,negative
1448,54990,108,6,0,0,0,Goat,"Galla Goat, Cross",Female,Adult,BDT070371,BSR014357,AVAQ54990,Hola,brucella,Irrigated,negative
1448,55473,108,6,0,0,0,Goat,"Galla Goat, Cross",Male,Adult,BDT071217,BSR014028,AVAQ55473,Hola,brucella,Irrigated,negative
1448,55091,108,6,0,0,0,Goat,"Galla Goat, Cross",Female,Adult,BDT071175,BSR014338,AVAQ55091,Hola,qfever,Irrigated,negative
1448,55017,108,6,0,0,0,Goat,"Galla Goat, Cross",Female,Adult,BDT071168,BSR014359,AVAQ55017,Hola,brucella,Irrigated,negative
1448,55091,108,6,0,0,0,Goat,"Galla Goat, Cross",Female,Adult,BDT071175,BSR014338,AVAQ55091,Hola,brucella,Irrigated,negative
1448,55473,108,6,0,0,0,Goat,"Galla Goat, Cross",Male,Adult,BDT071217,BSR014028,AVAQ55473,Hola,qfever,Irrigated,negative
1505,55763,99.5,12,2,0,0,Goat,"Galla Goat, Cross",Female,Weaner,BDT071203,BSR014147,AVAQ55763,Hola,qfever,Irrigated,negative
1505,55402,99.5,12,2,0,0,Goat,"Galla Goat, Cross",Female,Adult,BDT071201,BSR014150,AVAQ55402,Hola,qfever,Irrigated,negative
1505,54229,99.5,12,2,0,0,Goat,"Galla Goat, Cross",Female,Adult,BDT070640,BSR013904,AVAQ54229,Hola,qfever,Irrigated,positive
1505,54795,99.5,12,2,0,0,Goat,"Galla Goat, Cross",Female,Adult,BDT071193,BSR014152,AVAQ54795,Hola,brucella,Irrigated,negative
1505,54867,99.5,12,2,0,0,Goat,"Galla Goat, Cross",Female,Adult,BDT071198,BSR014161,AVAQ54867,Hola,brucella,Irrigated,negative
1505,54799,99.5,12,2,0,0,Goat,"Galla Goat, Cross",Female,Adult,BDT071200,BSR014136,AVAQ54799,Hola,brucella,Irrigated,negative
1505,54799,99.5,12,2,0,0,Goat,"Galla Goat, Cross",Female,Adult,BDT071200,BSR014136,AVAQ54799,Hola,qfever,Irrigated,positive
1505,54785,99.5,12,2,0,0,Goat,"Galla Goat, Cross",Female,Adult,BDT070658,BSR014170,AVAQ54785,Hola,brucella,Irrigated,negative
1505,54497,99.5,12,2,0,0,Goat,"Galla Goat, Cross",Female,Adult,BDT071208,BSR014173,AVAQ54497,Hola,qfever,Irrigated,positive
1505,54877,99.5,12,2,0,0,Goat,"Galla Goat, Cross",Female,Adult,BDT070645,BSR013907,AVAQ54877,Hola,brucella,Irrigated,negative
1505,55402,99.5,12,2,0,0,Goat,"Galla Goat, Cross",Female,Adult,BDT071201,BSR014150,AVAQ55402,Hola,brucella,Irrigated,negative
1505,54894,99.5,12,2,0,0,Goat,"Galla Goat, Cross",Female,Adult,BDT071206,BSR014149,AVAQ54894,Hola,qfever,Irrigated,positive
1505,54928,99.5,12,2,0,0,Sheep,Black Head Persian,Female,Adult,BDT070646,BSR013918,AVAQ54928,Hola,brucella,Irrigated,negative
1505,55763,99.5,12,2,0,0,Goat,"Galla Goat, Cross",Female,Weaner,BDT071203,BSR014147,AVAQ55763,Hola,brucella,Irrigated,negative
1505,54083,99.5,12,2,0,0,Goat,"Galla Goat, Cross",Female,Weaner,BDT070628,BSR013908,AVAQ54083,Hola,qfever,Irrigated,negative
1505,54867,99.5,12,2,0,0,Goat,"Galla Goat, Cross",Female,Adult,BDT071198,BSR014161,AVAQ54867,Hola,qfever,Irrigated,negative
1505,54858,99.5,12,2,0,0,Goat,"Galla Goat, Cross",Female,Adult,BDT070650,BSR014169,AVAQ54858,Hola,qfever,Irrigated,positive
1505,54485,99.5,12,2,0,0,Goat,"Galla Goat, Cross",Male,Adult,BDT070647,BSR013921,AVAQ54485,Hola,brucella,Irrigated,negative
1505,54894,99.5,12,2,0,0,Goat,"Galla Goat, Cross",Female,Adult,BDT071206,BSR014149,AVAQ54894,Hola,brucella,Irrigated,negative
1505,54497,99.5,12,2,0,0,Goat,"Galla Goat, Cross",Female,Adult,BDT071208,BSR014173,AVAQ54497,Hola,brucella,Irrigated,negative
1505,54928,99.5,12,2,0,0,Sheep,Black Head Persian,Female,Adult,BDT070646,BSR013918,AVAQ54928,Hola,qfever,Irrigated,negative
1505,54795,99.5,12,2,0,0,Goat,"Galla Goat, Cross",Female,Adult,BDT071193,BSR014152,AVAQ54795,Hola,qfever,Irrigated,negative
1505,54877,99.5,12,2,0,0,Goat,"Galla Goat, Cross",Female,Adult,BDT070645,BSR013907,AVAQ54877,Hola,qfever,Irrigated,negative
1505,54785,99.5,12,2,0,0,Goat,"Galla Goat, Cross",Female,Adult,BDT070658,BSR014170,AVAQ54785,Hola,qfever,Irrigated,positive
1505,54485,99.5,12,2,0,0,Goat,"Galla Goat, Cross",Male,Adult,BDT070647,BSR013921,AVAQ54485,Hola,qfever,Irrigated,negative
1505,54858,99.5,12,2,0,0,Goat,"Galla Goat, Cross",Female,Adult,BDT070650,BSR014169,AVAQ54858,Hola,brucella,Irrigated,negative
1505,54229,99.5,12,2,0,0,Goat,"Galla Goat, Cross",Female,Adult,BDT070640,BSR013904,AVAQ54229,Hola,brucella,Irrigated,negative
1505,54083,99.5,12,2,0,0,Goat,"Galla Goat, Cross",Female,Weaner,BDT070628,BSR013908,AVAQ54083,Hola,brucella,Irrigated,negative
1509,54851,93.7,6,0,0,0,Goat,"Galla Goat, Cross",Female,Adult,BDT070677,BSR014022,AVAQ54851,Hola,qfever,Irrigated,negative
1509,54851,93.7,6,0,0,0,Goat,"Galla Goat, Cross",Female,Adult,BDT070677,BSR014022,AVAQ54851,Hola,brucella,Irrigated,negative
1509,54864,93.7,6,0,0,0,Goat,"Galla Goat, Cross",Female,Adult,BDT070689,BSR013990,AVAQ54864,Hola,brucella,Irrigated,negative
1509,55770,93.7,6,0,0,0,Goat,"Galla Goat, Cross",Female,Adult,BDT070666,BSR013976,AVAQ55770,Hola,brucella,Irrigated,negative
1509,55770,93.7,6,0,0,0,Goat,"Galla Goat, Cross",Female,Adult,BDT070666,BSR013976,AVAQ55770,Hola,qfever,Irrigated,negative
1509,54864,93.7,6,0,0,0,Goat,"Galla Goat, Cross",Female,Adult,BDT070689,BSR013990,AVAQ54864,Hola,qfever,Irrigated,negative
1521,55716,100.1,3,0,0,0,Goat,Galla Goat,Female,Adult,BDT071229,BSR014050,AVAQ55716,Hola,qfever,Irrigated,positive
1521,54907,100.1,3,0,0,0,Goat,"Galla Goat, Cross",Female,Adult,BDT071230,BSR014035,AVAQ54907,Hola,brucella,Irrigated,negative
1521,54907,100.1,3,0,0,0,Goat,"Galla Goat, Cross",Female,Adult,BDT071230,BSR014035,AVAQ54907,Hola,rvf,Irrigated,negative
1521,55148,100.1,3,0,0,0,Goat,Galla Goat,Male,Weaner,BDT071226,BSR014046,AVAQ55148,Hola,qfever,Irrigated,positive
1521,54907,100.1,3,0,0,0,Goat,"Galla Goat, Cross",Female,Adult,BDT071230,BSR014035,AVAQ54907,Hola,qfever,Irrigated,negative
1521,55148,100.1,3,0,0,0,Goat,Galla Goat,Male,Weaner,BDT071226,BSR014046,AVAQ55148,Hola,rvf,Irrigated,negative
1521,55716,100.1,3,0,0,0,Goat,Galla Goat,Female,Adult,BDT071229,BSR014050,AVAQ55716,Hola,rvf,Irrigated,negative
1521,55716,100.1,3,0,0,0,Goat,Galla Goat,Female,Adult,BDT071229,BSR014050,AVAQ55716,Hola,brucella,Irrigated,negative
1521,55148,100.1,3,0,0,0,Goat,Galla Goat,Male,Weaner,BDT071226,BSR014046,AVAQ55148,Hola,brucella,Irrigated,negative
1526,55794,96.7,5,0,0,0,Goat,"Galla Goat, Cross",Male,Adult,BDT071202,BSR014164,AVAQ55794,Hola,brucella,Irrigated,negative
1526,54921,96.7,5,0,0,0,Goat,"Galla Goat, Cross",Female,Adult,BDT071194,BSR014153,AVAQ54921,Hola,brucella,Irrigated,negative
1526,55457,96.7,5,0,0,0,Goat,"Galla Goat, Cross",Male,Adult,BDT071204,BSR014155,AVAQ55457,Hola,brucella,Irrigated,negative
1526,54821,96.7,5,0,0,0,Goat,"Galla Goat, Cross",Female,Adult,BDT071196,BSR014157,AVAQ54821,Hola,brucella,Irrigated,negative
1526,55794,96.7,5,0,0,0,Goat,"Galla Goat, Cross",Male,Adult,BDT071202,BSR014164,AVAQ55794,Hola,qfever,Irrigated,negative
1526,55457,96.7,5,0,0,0,Goat,"Galla Goat, Cross",Male,Adult,BDT071204,BSR014155,AVAQ55457,Hola,qfever,Irrigated,negative
1526,54808,96.7,5,0,0,0,Goat,"Galla Goat, Cross",Female,Adult,BDT071195,BSR014151,AVAQ54808,Hola,brucella,Irrigated,negative
1526,54821,96.7,5,0,0,0,Goat,"Galla Goat, Cross",Female,Adult,BDT071196,BSR014157,AVAQ54821,Hola,qfever,Irrigated,negative
1526,54921,96.7,5,0,0,0,Goat,"Galla Goat, Cross",Female,Adult,BDT071194,BSR014153,AVAQ54921,Hola,qfever,Irrigated,negative
1526,54808,96.7,5,0,0,0,Goat,"Galla Goat, Cross",Female,Adult,BDT071195,BSR014151,AVAQ54808,Hola,qfever,Irrigated,negative
1530,54842,185.3,7,13,0,0,Goat,"Galla Goat, Cross",Female,Adult,BDT070695,BSR013989,AVAQ54842,Hola,qfever,Irrigated,negative
1530,54762,185.3,7,13,0,0,Sheep,Black Head Persian,Female,Adult,BDT070685,BSR013981,AVAQ54762,Hola,qfever,Irrigated,negative
1530,55712,185.3,7,13,0,0,Sheep,Black Head Persian,Female,Adult,BDT070692,BSR014008,AVAQ55712,Hola,qfever,Irrigated,negative
1530,54786,185.3,7,13,0,0,Sheep,Black Head Persian,Female,Adult,BDT070661,BSR013994,AVAQ54786,Hola,brucella,Irrigated,negative
1530,54586,185.3,7,13,0,0,Sheep,Black Head Persian,Female,Adult,BDT070681,BSR014007,AVAQ54586,Hola,brucella,Irrigated,negative
1530,53922,185.3,7,13,0,0,Goat,"Galla Goat, Cross",Male,Adult,BDT070678,BSR014024,AVAQ53922,Hola,brucella,Irrigated,negative
1530,54586,185.3,7,13,0,0,Sheep,Black Head Persian,Female,Adult,BDT070681,BSR014007,AVAQ54586,Hola,qfever,Irrigated,negative
1530,54755,185.3,7,13,0,0,Sheep,Black Head Persian,Female,Adult,BDT070697,BSR013985,AVAQ54755,Hola,brucella,Irrigated,negative
1530,54828,185.3,7,13,0,0,Sheep,Black Head Persian,Male,Weaner,BDT070668,BSR013912,AVAQ54828,Hola,brucella,Irrigated,negative
1530,55729,185.3,7,13,0,0,Goat,"Galla Goat, Cross",Female,Adult,BDT070707,BSR013991,AVAQ55729,Hola,brucella,Irrigated,negative
1530,54786,185.3,7,13,0,0,Sheep,Black Head Persian,Female,Adult,BDT070661,BSR013994,AVAQ54786,Hola,qfever,Irrigated,negative
1530,54885,185.3,7,13,0,0,Sheep,Black Head Persian,Male,Weaner,BDT070683,BSR013982,AVAQ54885,Hola,brucella,Irrigated,negative
1530,54640,185.3,7,13,0,0,Goat,"Galla Goat, Cross",Female,Weaner,BDT070655,BSR013913,AVAQ54640,Hola,brucella,Irrigated,negative
1530,54885,185.3,7,13,0,0,Sheep,Black Head Persian,Male,Weaner,BDT070683,BSR013982,AVAQ54885,Hola,qfever,Irrigated,negative
1530,54698,185.3,7,13,0,0,Goat,"Galla Goat, Cross",Female,Adult,BDT070667,BSR014023,AVAQ54698,Hola,brucella,Irrigated,negative
1530,55729,185.3,7,13,0,0,Goat,"Galla Goat, Cross",Female,Adult,BDT070707,BSR013991,AVAQ55729,Hola,qfever,Irrigated,negative
1530,54833,185.3,7,13,0,0,Goat,"Galla Goat, Cross",Female,Weaner,BDT070693,BSR014018,AVAQ54833,Hola,brucella,Irrigated,negative
1530,54463,185.3,7,13,0,0,Goat,"Galla Goat, Cross",Female,Adult,BDT070633,BSR014004,AVAQ54463,Hola,brucella,Irrigated,negative
1530,54640,185.3,7,13,0,0,Goat,"Galla Goat, Cross",Female,Weaner,BDT070655,BSR013913,AVAQ54640,Hola,qfever,Irrigated,negative
1530,55637,185.3,7,13,0,0,Goat,"Galla Goat, Cross",Female,Weaner,BDT070671,BSR014005,AVAQ55637,Hola,qfever,Irrigated,negative
1530,55637,185.3,7,13,0,0,Goat,"Galla Goat, Cross",Female,Weaner,BDT070671,BSR014005,AVAQ55637,Hola,brucella,Irrigated,negative
1530,54828,185.3,7,13,0,0,Sheep,Black Head Persian,Male,Weaner,BDT070668,BSR013912,AVAQ54828,Hola,qfever,Irrigated,negative
1530,54646,185.3,7,13,0,0,Sheep,Black Head Persian,Female,Adult,BDT070659,BSR013995,AVAQ54646,Hola,brucella,Irrigated,negative
1530,54847,185.3,7,13,0,0,Goat,"Galla Goat, Cross",Female,Weaner,BDT070670,BSR013996,AVAQ54847,Hola,brucella,Irrigated,negative
1530,55712,185.3,7,13,0,0,Sheep,Black Head Persian,Female,Adult,BDT070692,BSR014008,AVAQ55712,Hola,brucella,Irrigated,negative
1530,54463,185.3,7,13,0,0,Goat,"Galla Goat, Cross",Female,Adult,BDT070633,BSR014004,AVAQ54463,Hola,qfever,Irrigated,negative
1530,53922,185.3,7,13,0,0,Goat,"Galla Goat, Cross",Male,Adult,BDT070678,BSR014024,AVAQ53922,Hola,qfever,Irrigated,negative
1530,54762,185.3,7,13,0,0,Sheep,Black Head Persian,Female,Adult,BDT070685,BSR013981,AVAQ54762,Hola,brucella,Irrigated,negative
1530,54770,185.3,7,13,0,0,Sheep,Black Head Persian,Female,Adult,BDT070629,BSR013899,AVAQ54770,Hola,qfever,Irrigated,negative
1530,54833,185.3,7,13,0,0,Goat,"Galla Goat, Cross",Female,Weaner,BDT070693,BSR014018,AVAQ54833,Hola,qfever,Irrigated,negative
1530,54905,185.3,7,13,0,0,Sheep,Black Head Persian,Female,Adult,BDT070704,BSR014009,AVAQ54905,Hola,qfever,Irrigated,negative
1530,54789,185.3,7,13,0,0,Sheep,Black Head Persian,Male,Weaner,BDT070674,BSR014013,AVAQ54789,Hola,brucella,Irrigated,negative
1530,54698,185.3,7,13,0,0,Goat,"Galla Goat, Cross",Female,Adult,BDT070667,BSR014023,AVAQ54698,Hola,qfever,Irrigated,negative
1530,54770,185.3,7,13,0,0,Sheep,Black Head Persian,Female,Adult,BDT070629,BSR013899,AVAQ54770,Hola,brucella,Irrigated,negative
1530,54842,185.3,7,13,0,0,Goat,"Galla Goat, Cross",Female,Adult,BDT070695,BSR013989,AVAQ54842,Hola,brucella,Irrigated,negative
1530,54789,185.3,7,13,0,0,Sheep,Black Head Persian,Male,Weaner,BDT070674,BSR014013,AVAQ54789,Hola,qfever,Irrigated,negative
1530,54755,185.3,7,13,0,0,Sheep,Black Head Persian,Female,Adult,BDT070697,BSR013985,AVAQ54755,Hola,qfever,Irrigated,negative
1530,54847,185.3,7,13,0,0,Goat,"Galla Goat, Cross",Female,Weaner,BDT070670,BSR013996,AVAQ54847,Hola,qfever,Irrigated,negative
1530,54646,185.3,7,13,0,0,Sheep,Black Head Persian,Female,Adult,BDT070659,BSR013995,AVAQ54646,Hola,qfever,Irrigated,negative
1530,54905,185.3,7,13,0,0,Sheep,Black Head Persian,Female,Adult,BDT070704,BSR014009,AVAQ54905,Hola,brucella,Irrigated,negative
1573,55109,91.7,11,30,0,0,Sheep,Black Head Persian,Female,Adult,BDT071255,BSR014053,AVAQ55109,Hola,brucella,Irrigated,negative
1573,55746,91.7,11,30,0,0,Sheep,Black Head Persian,Female,Adult,BDT070623,BSR013876,AVAQ55746,Hola,brucella,Irrigated,negative
1573,54771,91.7,11,30,0,0,Sheep,Black Head Persian,Male,Weaner,BDT071245,BSR014056,AVAQ54771,Hola,qfever,Irrigated,negative
1573,54721,91.7,11,30,0,0,Sheep,Black Head Persian,Female,Adult,BDT071228,BSR014040,AVAQ54721,Hola,rvf,Irrigated,negative
1573,54861,91.7,11,30,0,0,Sheep,Black Head Persian,Female,Adult,BDT071252,BSR014071,AVAQ54861,Hola,brucella,Irrigated,negative
1573,55779,91.7,11,30,0,0,Goat,"Galla Goat, Cross",Female,Adult,BDT071257,BSR014048,AVAQ55779,Hola,brucella,Irrigated,negative
1573,55759,91.7,11,30,0,0,Sheep,Black Head Persian,Female,Adult,BDT071250,BSR014057,AVAQ55759,Hola,qfever,Irrigated,negative
1573,54566,91.7,11,30,0,0,Goat,"Galla Goat, Cross",Female,Adult,BDT071254,BSR014045,AVAQ54566,Hola,brucella,Irrigated,negative
1573,54834,91.7,11,30,0,0,Sheep,Black Head Persian,Female,Adult,BDT071223,BSR014042,AVAQ54834,Hola,brucella,Irrigated,negative
1573,55667,91.7,11,30,0,0,Goat,"Galla Goat, Cross",Female,Adult,BDT071234,BSR014065,AVAQ55667,Hola,rvf,Irrigated,negative
1573,55443,91.7,11,30,0,0,Sheep,Black Head Persian,Female,Adult,BDT070615,BSR013885,AVAQ55443,Hola,brucella,Irrigated,negative
1573,54535,91.7,11,30,0,0,Sheep,Black Head Persian,Female,Adult,BDT070609,BSR013878,AVAQ54535,Hola,qfever,Irrigated,negative
1573,54779,91.7,11,30,0,0,Sheep,Black Head Persian,Female,Adult,BDT071222,BSR014073,AVAQ54779,Hola,qfever,Irrigated,negative
1573,55779,91.7,11,30,0,0,Goat,"Galla Goat, Cross",Female,Adult,BDT071257,BSR014048,AVAQ55779,Hola,qfever,Irrigated,negative
1573,55442,91.7,11,30,0,0,Sheep,Black Head Persian,Female,Adult,BDT071215,BSR014036,AVAQ55442,Hola,rvf,Irrigated,negative
1573,54742,91.7,11,30,0,0,Sheep,Black Head Persian,Female,Adult,BDT070619,BSR013877,AVAQ54742,Hola,brucella,Irrigated,negative
1573,55781,91.7,11,30,0,0,Sheep,Black Head Persian,Male,Weaner,BDT070632,BSR013894,AVAQ55781,Hola,brucella,Irrigated,negative
1573,55717,91.7,11,30,0,0,Sheep,Black Head Persian,Female,Adult,BDT071348,BSR014049,AVAQ55717,Hola,qfever,Irrigated,negative
1573,54612,91.7,11,30,0,0,Sheep,Black Head Persian,Female,Adult,BDT071218,BSR014038,AVAQ54612,Hola,brucella,Irrigated,negative
1573,54635,91.7,11,30,0,0,Sheep,Black Head Persian,Male,Adult,BDT071244,BSR014064,AVAQ54635,Hola,rvf,Irrigated,positive
1573,54566,91.7,11,30,0,0,Goat,"Galla Goat, Cross",Female,Adult,BDT071254,BSR014045,AVAQ54566,Hola,rvf,Irrigated,negative
1573,54635,91.7,11,30,0,0,Sheep,Black Head Persian,Male,Adult,BDT071244,BSR014064,AVAQ54635,Hola,qfever,Irrigated,negative
1573,55128,91.7,11,30,0,0,Sheep,Black Head Persian,Female,Adult,BDT070617,BSR013884,AVAQ55128,Hola,brucella,Irrigated,negative
1573,55698,91.7,11,30,0,0,Sheep,Black Head Persian,Male,Adult,BDT071246,BSR014067,AVAQ55698,Hola,qfever,Irrigated,negative
1573,54853,91.7,11,30,0,0,Sheep,Black Head Persian,Female,Adult,BDT071227,BSR014061,AVAQ54853,Hola,rvf,Irrigated,negative
1573,54853,91.7,11,30,0,0,Sheep,Black Head Persian,Female,Adult,BDT071227,BSR014061,AVAQ54853,Hola,qfever,Irrigated,negative
1573,54782,91.7,11,30,0,0,Sheep,Black Head Persian,Female,Adult,BDT071219,BSR014047,AVAQ54782,Hola,rvf,Irrigated,negative
1573,54870,91.7,11,30,0,0,Sheep,Black Head Persian,Female,Adult,BDT071214,BSR014070,AVAQ54870,Hola,brucella,Irrigated,negative
1573,55696,91.7,11,30,0,0,Sheep,Black Head Persian,Female,Adult,BDT071249,BSR014074,AVAQ55696,Hola,brucella,Irrigated,negative
1573,53972,91.7,11,30,0,0,Goat,"Galla Goat, Cross",Female,Adult,BDT071220,BSR014060,AVAQ53972,Hola,qfever,Irrigated,negative
1573,54825,91.7,11,30,0,0,Sheep,Black Head Persian,Female,Adult,BDT071210,BSR014063,AVAQ54825,Hola,qfever,Irrigated,positive
1573,54779,91.7,11,30,0,0,Sheep,Black Head Persian,Female,Adult,BDT071222,BSR014073,AVAQ54779,Hola,brucella,Irrigated,negative
1573,54771,91.7,11,30,0,0,Sheep,Black Head Persian,Male,Weaner,BDT071245,BSR014056,AVAQ54771,Hola,brucella,Irrigated,negative
1573,55128,91.7,11,30,0,0,Sheep,Black Head Persian,Female,Adult,BDT070617,BSR013884,AVAQ55128,Hola,qfever,Irrigated,negative
1573,54832,91.7,11,30,0,0,Sheep,Black Head Persian,Female,Weaner,BDT070624,BSR013893,AVAQ54832,Hola,brucella,Irrigated,negative
1573,55667,91.7,11,30,0,0,Goat,"Galla Goat, Cross",Female,Adult,BDT071234,BSR014065,AVAQ55667,Hola,qfever,Irrigated,negative
1573,54950,91.7,11,30,0,0,Sheep,Black Head Persian,Female,Adult,BDT070626,BSR013888,AVAQ54950,Hola,qfever,Irrigated,negative
1573,54909,91.7,11,30,0,0,Sheep,Black Head Persian,Female,Weaner,BDT070621,BSR013891,AVAQ54909,Hola,qfever,Irrigated,negative
1573,55381,91.7,11,30,0,0,Goat,"Galla Goat, Cross",Female,Adult,BDT071211,BSR014044,AVAQ55381,Hola,brucella,Irrigated,negative
1573,55785,91.7,11,30,0,0,Sheep,Black Head Persian,Female,Weaner,BDT071213,BSR014068,AVAQ55785,Hola,brucella,Irrigated,negative
1573,54249,91.7,11,30,0,0,Sheep,Black Head Persian,Female,Adult,BDT071240,BSR014072,AVAQ54249,Hola,brucella,Irrigated,negative
1573,53934,91.7,11,30,0,0,Sheep,Black Head Persian,Male,Weaner,BDT071216,BSR014041,AVAQ53934,Hola,qfever,Irrigated,negative
1573,53976,91.7,11,30,0,0,Sheep,Black Head Persian,Female,Adult,BDT071238,BSR014037,AVAQ53976,Hola,rvf,Irrigated,negative
1573,55672,91.7,11,30,0,0,Sheep,Black Head Persian,Female,Adult,BDT071247,BSR014066,AVAQ55672,Hola,rvf,Irrigated,negative
1573,54566,91.7,11,30,0,0,Goat,"Galla Goat, Cross",Female,Adult,BDT071254,BSR014045,AVAQ54566,Hola,qfever,Irrigated,negative
1573,54856,91.7,11,30,0,0,Sheep,Black Head Persian,Female,Weaner,BDT070610,BSR013900,AVAQ54856,Hola,brucella,Irrigated,negative
1573,55443,91.7,11,30,0,0,Sheep,Black Head Persian,Female,Adult,BDT070615,BSR013885,AVAQ55443,Hola,qfever,Irrigated,negative
1573,54549,91.7,11,30,0,0,Sheep,Black Head Persian,Female,Adult,BDT070643,BSR013883,AVAQ54549,Hola,brucella,Irrigated,negative
1573,55442,91.7,11,30,0,0,Sheep,Black Head Persian,Female,Adult,BDT071215,BSR014036,AVAQ55442,Hola,brucella,Irrigated,negative
1573,54782,91.7,11,30,0,0,Sheep,Black Head Persian,Female,Adult,BDT071219,BSR014047,AVAQ54782,Hola,brucella,Irrigated,negative
1573,54721,91.7,11,30,0,0,Sheep,Black Head Persian,Female,Adult,BDT071228,BSR014040,AVAQ54721,Hola,brucella,Irrigated,negative
1573,55717,91.7,11,30,0,0,Sheep,Black Head Persian,Female,Adult,BDT071348,BSR014049,AVAQ55717,Hola,rvf,Irrigated,negative
1573,54516,91.7,11,30,0,0,Sheep,Black Head Persian,Female,Adult,BDT070616,BSR013906,AVAQ54516,Hola,brucella,Irrigated,negative
1573,54870,91.7,11,30,0,0,Sheep,Black Head Persian,Female,Adult,BDT071214,BSR014070,AVAQ54870,Hola,qfever,Irrigated,positive
1573,55381,91.7,11,30,0,0,Goat,"Galla Goat, Cross",Female,Adult,BDT071211,BSR014044,AVAQ55381,Hola,rvf,Irrigated,negative
1573,55446,91.7,11,30,0,0,Goat,Cross,Female,Adult,BDT071241,BSR014052,AVAQ55446,Hola,rvf,Irrigated,negative
1573,55109,91.7,11,30,0,0,Sheep,Black Head Persian,Female,Adult,BDT071255,BSR014053,AVAQ55109,Hola,qfever,Irrigated,positive
1573,54911,91.7,11,30,0,0,Sheep,Black Head Persian,Female,Weaner,BDT070622,BSR013898,AVAQ54911,Hola,brucella,Irrigated,negative
1573,54862,91.7,11,30,0,0,Sheep,Black Head Persian,Female,Adult,BDT070611,BSR013895,AVAQ54862,Hola,qfever,Irrigated,negative
1573,55381,91.7,11,30,0,0,Goat,"Galla Goat, Cross",Female,Adult,BDT071211,BSR014044,AVAQ55381,Hola,qfever,Irrigated,negative
1573,55667,91.7,11,30,0,0,Goat,"Galla Goat, Cross",Female,Adult,BDT071234,BSR014065,AVAQ55667,Hola,brucella,Irrigated,negative
1573,54742,91.7,11,30,0,0,Sheep,Black Head Persian,Female,Adult,BDT070619,BSR013877,AVAQ54742,Hola,qfever,Irrigated,negative
1573,53934,91.7,11,30,0,0,Sheep,Black Head Persian,Male,Weaner,BDT071216,BSR014041,AVAQ53934,Hola,rvf,Irrigated,negative
1573,53976,91.7,11,30,0,0,Sheep,Black Head Persian,Female,Adult,BDT071238,BSR014037,AVAQ53976,Hola,brucella,Irrigated,negative
1573,55760,91.7,11,30,0,0,Sheep,Black Head Persian,Female,Weaner,BDT070618,BSR013875,AVAQ55760,Hola,brucella,Irrigated,negative
1573,54902,91.7,11,30,0,0,Sheep,Black Head Persian,Female,Weaner,BDT070612,BSR013890,AVAQ54902,Hola,brucella,Irrigated,negative
1573,55760,91.7,11,30,0,0,Sheep,Black Head Persian,Female,Weaner,BDT070618,BSR013875,AVAQ55760,Hola,qfever,Irrigated,negative
1573,55672,91.7,11,30,0,0,Sheep,Black Head Persian,Female,Adult,BDT071247,BSR014066,AVAQ55672,Hola,brucella,Irrigated,negative
1573,54900,91.7,11,30,0,0,Sheep,Black Head Persian,Female,Weaner,BDT070636,BSR013882,AVAQ54900,Hola,brucella,Irrigated,negative
1573,55107,91.7,11,30,0,0,Goat,"Galla Goat, Cross",Female,Adult,BDT071258,BSR014043,AVAQ55107,Hola,qfever,Irrigated,negative
1573,55632,91.7,11,30,0,0,Sheep,Black Head Persian,Female,Adult,BDT071209,BSR014039,AVAQ55632,Hola,rvf,Irrigated,negative
1573,55696,91.7,11,30,0,0,Sheep,Black Head Persian,Female,Adult,BDT071249,BSR014074,AVAQ55696,Hola,qfever,Irrigated,negative
1573,55779,91.7,11,30,0,0,Goat,"Galla Goat, Cross",Female,Adult,BDT071257,BSR014048,AVAQ55779,Hola,rvf,Irrigated,positive
1573,54861,91.7,11,30,0,0,Sheep,Black Head Persian,Female,Adult,BDT071252,BSR014071,AVAQ54861,Hola,qfever,Irrigated,negative
1573,54853,91.7,11,30,0,0,Sheep,Black Head Persian,Female,Adult,BDT071227,BSR014061,AVAQ54853,Hola,brucella,Irrigated,negative
1573,55708,91.7,11,30,0,0,Sheep,Black Head Persian,Female,Adult,BDT071212,BSR014055,AVAQ55708,Hola,qfever,Irrigated,negative
1573,54721,91.7,11,30,0,0,Sheep,Black Head Persian,Female,Adult,BDT071228,BSR014040,AVAQ54721,Hola,qfever,Irrigated,negative
1573,54782,91.7,11,30,0,0,Sheep,Black Head Persian,Female,Adult,BDT071219,BSR014047,AVAQ54782,Hola,qfever,Irrigated,negative
1573,54516,91.7,11,30,0,0,Sheep,Black Head Persian,Female,Adult,BDT070616,BSR013906,AVAQ54516,Hola,qfever,Irrigated,negative
1573,54834,91.7,11,30,0,0,Sheep,Black Head Persian,Female,Adult,BDT071223,BSR014042,AVAQ54834,Hola,rvf,Irrigated,negative
1573,55632,91.7,11,30,0,0,Sheep,Black Head Persian,Female,Adult,BDT071209,BSR014039,AVAQ55632,Hola,qfever,Irrigated,negative
1573,55759,91.7,11,30,0,0,Sheep,Black Head Persian,Female,Adult,BDT071250,BSR014057,AVAQ55759,Hola,brucella,Irrigated,negative
1573,54832,91.7,11,30,0,0,Sheep,Black Head Persian,Female,Weaner,BDT070624,BSR013893,AVAQ54832,Hola,qfever,Irrigated,negative
1573,54535,91.7,11,30,0,0,Sheep,Black Head Persian,Female,Adult,BDT070609,BSR013878,AVAQ54535,Hola,brucella,Irrigated,negative
1573,55717,91.7,11,30,0,0,Sheep,Black Head Persian,Female,Adult,BDT071348,BSR014049,AVAQ55717,Hola,brucella,Irrigated,negative
1573,54909,91.7,11,30,0,0,Sheep,Black Head Persian,Female,Weaner,BDT070621,BSR013891,AVAQ54909,Hola,brucella,Irrigated,negative
1573,54612,91.7,11,30,0,0,Sheep,Black Head Persian,Female,Adult,BDT071218,BSR014038,AVAQ54612,Hola,rvf,Irrigated,negative
1573,54249,91.7,11,30,0,0,Sheep,Black Head Persian,Female,Adult,BDT071240,BSR014072,AVAQ54249,Hola,qfever,Irrigated,negative
1573,53934,91.7,11,30,0,0,Sheep,Black Head Persian,Male,Weaner,BDT071216,BSR014041,AVAQ53934,Hola,brucella,Irrigated,negative
1573,55708,91.7,11,30,0,0,Sheep,Black Head Persian,Female,Adult,BDT071212,BSR014055,AVAQ55708,Hola,brucella,Irrigated,negative
1573,54635,91.7,11,30,0,0,Sheep,Black Head Persian,Male,Adult,BDT071244,BSR014064,AVAQ54635,Hola,brucella,Irrigated,negative
1573,55643,91.7,11,30,0,0,Sheep,Black Head Persian,Female,Adult,BDT071224,BSR014054,AVAQ55643,Hola,qfever,Irrigated,negative
1573,53972,91.7,11,30,0,0,Goat,"Galla Goat, Cross",Female,Adult,BDT071220,BSR014060,AVAQ53972,Hola,brucella,Irrigated,negative
1573,54549,91.7,11,30,0,0,Sheep,Black Head Persian,Female,Adult,BDT070643,BSR013883,AVAQ54549,Hola,qfever,Irrigated,negative
1573,53972,91.7,11,30,0,0,Goat,"Galla Goat, Cross",Female,Adult,BDT071220,BSR014060,AVAQ53972,Hola,rvf,Irrigated,negative
1573,55446,91.7,11,30,0,0,Goat,Cross,Female,Adult,BDT071241,BSR014052,AVAQ55446,Hola,brucella,Irrigated,negative
1573,54911,91.7,11,30,0,0,Sheep,Black Head Persian,Female,Weaner,BDT070622,BSR013898,AVAQ54911,Hola,qfever,Irrigated,negative
1573,54862,91.7,11,30,0,0,Sheep,Black Head Persian,Female,Adult,BDT070611,BSR013895,AVAQ54862,Hola,brucella,Irrigated,negative
1573,55107,91.7,11,30,0,0,Goat,"Galla Goat, Cross",Female,Adult,BDT071258,BSR014043,AVAQ55107,Hola,brucella,Irrigated,negative
1573,55643,91.7,11,30,0,0,Sheep,Black Head Persian,Female,Adult,BDT071224,BSR014054,AVAQ55643,Hola,brucella,Irrigated,negative
1573,54900,91.7,11,30,0,0,Sheep,Black Head Persian,Female,Weaner,BDT070636,BSR013882,AVAQ54900,Hola,qfever,Irrigated,negative
1573,55785,91.7,11,30,0,0,Sheep,Black Head Persian,Female,Weaner,BDT071213,BSR014068,AVAQ55785,Hola,qfever,Irrigated,negative
1573,53976,91.7,11,30,0,0,Sheep,Black Head Persian,Female,Adult,BDT071238,BSR014037,AVAQ53976,Hola,qfever,Irrigated,negative
1573,55672,91.7,11,30,0,0,Sheep,Black Head Persian,Female,Adult,BDT071247,BSR014066,AVAQ55672,Hola,qfever,Irrigated,negative
1573,55781,91.7,11,30,0,0,Sheep,Black Head Persian,Male,Weaner,BDT070632,BSR013894,AVAQ55781,Hola,qfever,Irrigated,negative
1573,55107,91.7,11,30,0,0,Goat,"Galla Goat, Cross",Female,Adult,BDT071258,BSR014043,AVAQ55107,Hola,rvf,Irrigated,negative
1573,54825,91.7,11,30,0,0,Sheep,Black Head Persian,Female,Adult,BDT071210,BSR014063,AVAQ54825,Hola,rvf,Irrigated,negative
1573,55442,91.7,11,30,0,0,Sheep,Black Head Persian,Female,Adult,BDT071215,BSR014036,AVAQ55442,Hola,qfever,Irrigated,negative
1573,55724,91.7,11,30,0,0,Sheep,Black Head Persian,Male,Weaner,BDT070642,BSR013887,AVAQ55724,Hola,qfever,Irrigated,negative
1573,54902,91.7,11,30,0,0,Sheep,Black Head Persian,Female,Weaner,BDT070612,BSR013890,AVAQ54902,Hola,qfever,Irrigated,negative
1573,54860,91.7,11,30,0,0,Sheep,Black Head Persian,Female,Weaner,BDT070620,BSR013901,AVAQ54860,Hola,qfever,Irrigated,negative
1573,54825,91.7,11,30,0,0,Sheep,Black Head Persian,Female,Adult,BDT071210,BSR014063,AVAQ54825,Hola,brucella,Irrigated,negative
1573,54856,91.7,11,30,0,0,Sheep,Black Head Persian,Female,Weaner,BDT070610,BSR013900,AVAQ54856,Hola,qfever,Irrigated,negative
1573,55632,91.7,11,30,0,0,Sheep,Black Head Persian,Female,Adult,BDT071209,BSR014039,AVAQ55632,Hola,brucella,Irrigated,negative
1573,54860,91.7,11,30,0,0,Sheep,Black Head Persian,Female,Weaner,BDT070620,BSR013901,AVAQ54860,Hola,brucella,Irrigated,negative
1573,55724,91.7,11,30,0,0,Sheep,Black Head Persian,Male,Weaner,BDT070642,BSR013887,AVAQ55724,Hola,brucella,Irrigated,negative
1573,55446,91.7,11,30,0,0,Goat,Cross,Female,Adult,BDT071241,BSR014052,AVAQ55446,Hola,qfever,Irrigated,negative
1573,54612,91.7,11,30,0,0,Sheep,Black Head Persian,Female,Adult,BDT071218,BSR014038,AVAQ54612,Hola,qfever,Irrigated,negative
1573,54834,91.7,11,30,0,0,Sheep,Black Head Persian,Female,Adult,BDT071223,BSR014042,AVAQ54834,Hola,qfever,Irrigated,negative
1573,54950,91.7,11,30,0,0,Sheep,Black Head Persian,Female,Adult,BDT070626,BSR013888,AVAQ54950,Hola,brucella,Irrigated,negative
1573,55698,91.7,11,30,0,0,Sheep,Black Head Persian,Male,Adult,BDT071246,BSR014067,AVAQ55698,Hola,brucella,Irrigated,negative
1573,55746,91.7,11,30,0,0,Sheep,Black Head Persian,Female,Adult,BDT070623,BSR013876,AVAQ55746,Hola,qfever,Irrigated,negative
1636,55693,96.4,5,0,0,0,Goat,"Galla Goat, Cross",Female,Adult,BDT070701,BSR013923,AVAQ55693,Hola,brucella,Irrigated,negative
1636,54631,96.4,5,0,0,0,Goat,"Galla Goat, Cross",Female,Adult,BDT070673,BSR013902,AVAQ54631,Hola,qfever,Irrigated,negative
1636,54769,96.4,5,0,0,0,Goat,"Galla Goat, Cross",Male,Adult,BDT070675,BSR013924,AVAQ54769,Hola,qfever,Irrigated,negative
1636,54631,96.4,5,0,0,0,Goat,"Galla Goat, Cross",Female,Adult,BDT070673,BSR013902,AVAQ54631,Hola,rvf,Irrigated,negative
1636,54802,96.4,5,0,0,0,Goat,"Galla Goat, Cross",Female,Adult,BDT070669,BSR013905,AVAQ54802,Hola,brucella,Irrigated,negative
1636,54769,96.4,5,0,0,0,Goat,"Galla Goat, Cross",Male,Adult,BDT070675,BSR013924,AVAQ54769,Hola,brucella,Irrigated,negative
1636,54631,96.4,5,0,0,0,Goat,"Galla Goat, Cross",Female,Adult,BDT070673,BSR013902,AVAQ54631,Hola,brucella,Irrigated,negative
1636,54802,96.4,5,0,0,0,Goat,"Galla Goat, Cross",Female,Adult,BDT070669,BSR013905,AVAQ54802,Hola,qfever,Irrigated,negative
1636,54949,96.4,5,0,0,0,Goat,"Galla Goat, Cross",Female,Adult,BDT070688,BSR013910,AVAQ54949,Hola,qfever,Irrigated,negative
1636,54949,96.4,5,0,0,0,Goat,"Galla Goat, Cross",Female,Adult,BDT070688,BSR013910,AVAQ54949,Hola,brucella,Irrigated,negative
1636,55693,96.4,5,0,0,0,Goat,"Galla Goat, Cross",Female,Adult,BDT070701,BSR013923,AVAQ55693,Hola,qfever,Irrigated,negative
1653,54733,98.1,0,20,1,0,Sheep,Black Head Persian,Male,Adult,BDT070634,BSR014172,AVAQ54733,Hola,qfever,Irrigated,negative
1653,55452,98.1,0,20,1,0,Sheep,Black Head Persian,Female,Adult,BDT070639,BSR014168,AVAQ55452,Hola,brucella,Irrigated,negative
1653,54886,98.1,0,20,1,0,Sheep,Black Head Persian,Female,Adult,BDT071232,BSR013881,AVAQ54886,Hola,qfever,Irrigated,negative
1653,54874,98.1,0,20,1,0,Sheep,Black Head Persian,Female,Adult,BDT070613,BSR013897,AVAQ54874,Hola,qfever,Irrigated,negative
1653,54879,98.1,0,20,1,0,Sheep,Black Head Persian,Male,Weaner,BDT070651,BSR013917,AVAQ54879,Hola,qfever,Irrigated,negative
1653,54880,98.1,0,20,1,0,Sheep,Black Head Persian,Female,Adult,BDT070631,BSR014167,AVAQ54880,Hola,brucella,Irrigated,negative
1653,54879,98.1,0,20,1,0,Sheep,Black Head Persian,Male,Weaner,BDT070651,BSR013917,AVAQ54879,Hola,brucella,Irrigated,negative
1653,54764,98.1,0,20,1,0,Sheep,Black Head Persian,Female,Adult,BDT070652,BSR013886,AVAQ54764,Hola,qfever,Irrigated,negative
1653,54874,98.1,0,20,1,0,Sheep,Black Head Persian,Female,Adult,BDT070613,BSR013897,AVAQ54874,Hola,brucella,Irrigated,negative
1653,54826,98.1,0,20,1,0,Sheep,Black Head Persian,Female,Adult,BDT071185,BSR014140,AVAQ54826,Hola,brucella,Irrigated,negative
1653,55655,98.1,0,20,1,0,Sheep,Black Head Persian,Male,Weaner,BDT070625,BSR014059,AVAQ55655,Hola,brucella,Irrigated,negative
1653,54798,98.1,0,20,1,0,Sheep,Black Head Persian,Female,Adult,BDT070627,BSR013892,AVAQ54798,Hola,brucella,Irrigated,negative
1653,54871,98.1,0,20,1,0,Sheep,Black Head Persian,Female,Adult,BDT070656,BSR013914,AVAQ54871,Hola,brucella,Irrigated,negative
1653,54895,98.1,0,20,1,0,Sheep,Black Head Persian,Female,Adult,BDT070649,BSR013880,AVAQ54895,Hola,brucella,Irrigated,negative
1653,54895,98.1,0,20,1,0,Sheep,Black Head Persian,Female,Adult,BDT070649,BSR013880,AVAQ54895,Hola,qfever,Irrigated,negative
1653,54763,98.1,0,20,1,0,Sheep,Black Head Persian,Male,Weaner,BDT071197,BSR014145,AVAQ54763,Hola,brucella,Irrigated,negative
1653,54881,98.1,0,20,1,0,Sheep,Black Head Persian,Female,Adult,BDT070641,BSR014174,AVAQ54881,Hola,brucella,Irrigated,negative
1653,54924,98.1,0,20,1,0,Sheep,Black Head Persian,Female,Adult,BDT071199,BSR014171,AVAQ54924,Hola,brucella,Irrigated,negative
1653,54924,98.1,0,20,1,0,Sheep,Black Head Persian,Female,Adult,BDT071199,BSR014171,AVAQ54924,Hola,qfever,Irrigated,negative
1653,54733,98.1,0,20,1,0,Sheep,Black Head Persian,Male,Adult,BDT070634,BSR014172,AVAQ54733,Hola,brucella,Irrigated,negative
1653,54809,98.1,0,20,1,0,Sheep,Black Head Persian,Female,Adult,BDT070614,BSR013911,AVAQ54809,Hola,brucella,Irrigated,negative
1653,54763,98.1,0,20,1,0,Sheep,Black Head Persian,Male,Weaner,BDT071197,BSR014145,AVAQ54763,Hola,qfever,Irrigated,negative
1653,54734,98.1,0,20,1,0,Sheep,Black Head Persian,Female,Adult,BDT070637,BSR014162,AVAQ54734,Hola,brucella,Irrigated,negative
1653,54764,98.1,0,20,1,0,Sheep,Black Head Persian,Female,Adult,BDT070652,BSR013886,AVAQ54764,Hola,brucella,Irrigated,negative
1653,54817,98.1,0,20,1,0,Sheep,Black Head Persian,Female,Adult,BDT070630,BSR013896,AVAQ54817,Hola,qfever,Irrigated,negative
1653,54775,98.1,0,20,1,0,Sheep,Black Head Persian,Female,Adult,BDT070657,BSR013889,AVAQ54775,Hola,qfever,Irrigated,negative
1653,54734,98.1,0,20,1,0,Sheep,Black Head Persian,Female,Adult,BDT070637,BSR014162,AVAQ54734,Hola,qfever,Irrigated,negative
1653,55138,98.1,0,20,1,0,Sheep,Black Head Persian,Female,Adult,BDT070648,BSR013903,AVAQ55138,Hola,qfever,Irrigated,negative
1653,54880,98.1,0,20,1,0,Sheep,Black Head Persian,Female,Adult,BDT070631,BSR014167,AVAQ54880,Hola,qfever,Irrigated,negative
1653,54881,98.1,0,20,1,0,Sheep,Black Head Persian,Female,Adult,BDT070641,BSR014174,AVAQ54881,Hola,qfever,Irrigated,negative
1653,54889,98.1,0,20,1,0,Sheep,Black Head Persian,Male,Weaner,BDT071189,BSR014158,AVAQ54889,Hola,qfever,Irrigated,negative
1653,54809,98.1,0,20,1,0,Sheep,Black Head Persian,Female,Adult,BDT070614,BSR013911,AVAQ54809,Hola,qfever,Irrigated,negative
1653,55452,98.1,0,20,1,0,Sheep,Black Head Persian,Female,Adult,BDT070639,BSR014168,AVAQ55452,Hola,qfever,Irrigated,negative
1653,55775,98.1,0,20,1,0,Sheep,Black Head Persian,Male,Adult,BDT070653,BSR014166,AVAQ55775,Hola,brucella,Irrigated,negative
1653,54886,98.1,0,20,1,0,Sheep,Black Head Persian,Female,Adult,BDT071232,BSR013881,AVAQ54886,Hola,brucella,Irrigated,negative
1653,54889,98.1,0,20,1,0,Sheep,Black Head Persian,Male,Weaner,BDT071189,BSR014158,AVAQ54889,Hola,brucella,Irrigated,negative
1653,54871,98.1,0,20,1,0,Sheep,Black Head Persian,Female,Adult,BDT070656,BSR013914,AVAQ54871,Hola,qfever,Irrigated,negative
1653,55775,98.1,0,20,1,0,Sheep,Black Head Persian,Male,Adult,BDT070653,BSR014166,AVAQ55775,Hola,qfever,Irrigated,negative
1653,54775,98.1,0,20,1,0,Sheep,Black Head Persian,Female,Adult,BDT070657,BSR013889,AVAQ54775,Hola,brucella,Irrigated,negative
1653,55655,98.1,0,20,1,0,Sheep,Black Head Persian,Male,Weaner,BDT070625,BSR014059,AVAQ55655,Hola,qfever,Irrigated,negative
1653,54826,98.1,0,20,1,0,Sheep,Black Head Persian,Female,Adult,BDT071185,BSR014140,AVAQ54826,Hola,qfever,Irrigated,negative
1653,54798,98.1,0,20,1,0,Sheep,Black Head Persian,Female,Adult,BDT070627,BSR013892,AVAQ54798,Hola,qfever,Irrigated,negative
1653,54817,98.1,0,20,1,0,Sheep,Black Head Persian,Female,Adult,BDT070630,BSR013896,AVAQ54817,Hola,brucella,Irrigated,negative
1653,55138,98.1,0,20,1,0,Sheep,Black Head Persian,Female,Adult,BDT070648,BSR013903,AVAQ55138,Hola,brucella,Irrigated,negative
1770,54293,105.9,9,19,0,0,Goat,"Galla Goat, Cross",Male,Adult,BDT070830,BSR013509,AVAQ54293,Hola,brucella,Irrigated,negative
1770,54257,105.9,9,19,0,0,Goat,"Galla Goat, Cross",Female,Adult,BDT070833,BSR013508,AVAQ54257,Hola,rvf,Irrigated,negative
1770,58301,105.9,9,19,0,0,Goat,"Galla Goat, Cross",Male,Weaner,BDT070832,BSR013523,AVAQ58301,Hola,qfever,Irrigated,negative
1770,58301,105.9,9,19,0,0,Goat,"Galla Goat, Cross",Male,Weaner,BDT070832,BSR013523,AVAQ58301,Hola,rvf,Irrigated,negative
1770,58301,105.9,9,19,0,0,Goat,"Galla Goat, Cross",Male,Weaner,BDT070832,BSR013523,AVAQ58301,Hola,brucella,Irrigated,negative
1770,54257,105.9,9,19,0,0,Goat,"Galla Goat, Cross",Female,Adult,BDT070833,BSR013508,AVAQ54257,Hola,brucella,Irrigated,negative
1770,54324,105.9,9,19,0,0,Goat,"Galla Goat, Cross",Female,Adult,BDT070836,BSR013504,AVAQ54324,Hola,qfever,Irrigated,negative
1770,58276,105.9,9,19,0,0,Goat,"Galla Goat, Cross",Female,Adult,BDT070826,BSR013503,AVAQ58276,Hola,qfever,Irrigated,negative
1770,58276,105.9,9,19,0,0,Goat,"Galla Goat, Cross",Female,Adult,BDT070826,BSR013503,AVAQ58276,Hola,rvf,Irrigated,negative
1770,54293,105.9,9,19,0,0,Goat,"Galla Goat, Cross",Male,Adult,BDT070830,BSR013509,AVAQ54293,Hola,qfever,Irrigated,negative
1770,54293,105.9,9,19,0,0,Goat,"Galla Goat, Cross",Male,Adult,BDT070830,BSR013509,AVAQ54293,Hola,rvf,Irrigated,negative
1770,54324,105.9,9,19,0,0,Goat,"Galla Goat, Cross",Female,Adult,BDT070836,BSR013504,AVAQ54324,Hola,rvf,Irrigated,negative
1770,54324,105.9,9,19,0,0,Goat,"Galla Goat, Cross",Female,Adult,BDT070836,BSR013504,AVAQ54324,Hola,brucella,Irrigated,negative
1770,54257,105.9,9,19,0,0,Goat,"Galla Goat, Cross",Female,Adult,BDT070833,BSR013508,AVAQ54257,Hola,qfever,Irrigated,negative
1770,58276,105.9,9,19,0,0,Goat,"Galla Goat, Cross",Female,Adult,BDT070826,BSR013503,AVAQ58276,Hola,brucella,Irrigated,negative
1771,54965,105.8,3,0,0,0,Goat,Small East African Goat,Female,Adult,BDT070841,BSR013482,AVAQ54965,Hola,qfever,Irrigated,negative
1771,55154,105.8,3,0,0,0,Goat,Small East African Goat,Female,Adult,BDT070818,BSR013479,AVAQ55154,Hola,rvf,Irrigated,positive
1771,55154,105.8,3,0,0,0,Goat,Small East African Goat,Female,Adult,BDT070818,BSR013479,AVAQ55154,Hola,qfever,Irrigated,positive
1771,54965,105.8,3,0,0,0,Goat,Small East African Goat,Female,Adult,BDT070841,BSR013482,AVAQ54965,Hola,rvf,Irrigated,positive
1771,55154,105.8,3,0,0,0,Goat,Small East African Goat,Female,Adult,BDT070818,BSR013479,AVAQ55154,Hola,brucella,Irrigated,negative
1771,54965,105.8,3,0,0,0,Goat,Small East African Goat,Female,Adult,BDT070841,BSR013482,AVAQ54965,Hola,brucella,Irrigated,negative
1772,56441,105.1,50,0,0,2,Goat,"Galla Goat, Cross",Female,Adult,BDT070827,BSR013494,AVAQ56441,Hola,qfever,Irrigated,negative
1772,58308,105.1,50,0,0,2,Goat,"Galla Goat, Cross",Male,Weaner,BDT070509,BSR013758,AVAQ58308,Hola,rvf,Irrigated,negative
1772,54259,105.1,50,0,0,2,Goat,"Galla Goat, Cross",Female,Adult,BDT070842,BSR013480,AVAQ54259,Hola,brucella,Irrigated,negative
1772,58233,105.1,50,0,0,2,Goat,"Galla Goat, Cross",Male,Weaner,BDT070824,BSR013518,AVAQ58233,Hola,qfever,Irrigated,negative
1772,55158,105.1,50,0,0,2,Goat,"Galla Goat, Cross",Female,Adult,BDT070847,BSR013500,AVAQ55158,Hola,brucella,Irrigated,negative
1772,55158,105.1,50,0,0,2,Goat,"Galla Goat, Cross",Female,Adult,BDT070847,BSR013500,AVAQ55158,Hola,qfever,Irrigated,negative
1772,54173,105.1,50,0,0,2,Goat,"Galla Goat, Cross",Male,Weaner,BDT070825,BSR013499,AVAQ54173,Hola,qfever,Irrigated,negative
1772,54291,105.1,50,0,0,2,Goat,"Galla Goat, Cross",Female,Adult,BDT070837,BSR013487,AVAQ54291,Hola,brucella,Irrigated,negative
1772,58241,105.1,50,0,0,2,Goat,"Galla Goat, Cross",Female,Adult,BDT070852,BSR013512,AVAQ58241,Hola,qfever,Irrigated,negative
1772,58308,105.1,50,0,0,2,Goat,"Galla Goat, Cross",Male,Weaner,BDT070509,BSR013758,AVAQ58308,Hola,brucella,Irrigated,negative
1772,54173,105.1,50,0,0,2,Goat,"Galla Goat, Cross",Male,Weaner,BDT070825,BSR013499,AVAQ54173,Hola,rvf,Irrigated,negative
1772,58315,105.1,50,0,0,2,Goat,"Galla Goat, Cross",Male,Weaner,BDT070510,BSR013498,AVAQ58315,Hola,qfever,Irrigated,negative
1772,58315,105.1,50,0,0,2,Goat,"Galla Goat, Cross",Male,Weaner,BDT070510,BSR013498,AVAQ58315,Hola,brucella,Irrigated,negative
1772,54259,105.1,50,0,0,2,Goat,"Galla Goat, Cross",Female,Adult,BDT070842,BSR013480,AVAQ54259,Hola,qfever,Irrigated,negative
1772,54920,105.1,50,0,0,2,Goat,"Galla Goat, Saanan",Female,Adult,BDT070541,BSR013727,AVAQ54920,Hola,rvf,Irrigated,negative
1772,58315,105.1,50,0,0,2,Goat,"Galla Goat, Cross",Male,Weaner,BDT070510,BSR013498,AVAQ58315,Hola,rvf,Irrigated,negative
1772,55158,105.1,50,0,0,2,Goat,"Galla Goat, Cross",Female,Adult,BDT070847,BSR013500,AVAQ55158,Hola,rvf,Irrigated,negative
1772,55376,105.1,50,0,0,2,Goat,"Galla Goat, Cross",Female,Weaner,BDT070835,BSR013493,AVAQ55376,Hola,brucella,Irrigated,negative
1772,56441,105.1,50,0,0,2,Goat,"Galla Goat, Cross",Female,Adult,BDT070827,BSR013494,AVAQ56441,Hola,brucella,Irrigated,negative
1772,54259,105.1,50,0,0,2,Goat,"Galla Goat, Cross",Female,Adult,BDT070842,BSR013480,AVAQ54259,Hola,rvf,Irrigated,negative
1772,54920,105.1,50,0,0,2,Goat,"Galla Goat, Saanan",Female,Adult,BDT070541,BSR013727,AVAQ54920,Hola,brucella,Irrigated,negative
1772,58278,105.1,50,0,0,2,Goat,"Galla Goat, Cross",Female,Adult,BDT070831,BSR013513,AVAQ58278,Hola,rvf,Irrigated,negative
1772,58233,105.1,50,0,0,2,Goat,"Galla Goat, Cross",Male,Weaner,BDT070824,BSR013518,AVAQ58233,Hola,brucella,Irrigated,negative
1772,55376,105.1,50,0,0,2,Goat,"Galla Goat, Cross",Female,Weaner,BDT070835,BSR013493,AVAQ55376,Hola,rvf,Irrigated,negative
1772,54275,105.1,50,0,0,2,Goat,"Galla Goat, Cross",Male,Adult,BDT070854,BSR013516,AVAQ54275,Hola,qfever,Irrigated,positive
1772,56472,105.1,50,0,0,2,Goat,"Galla Goat, Cross",Female,Adult,BDT070828,BSR013489,AVAQ56472,Hola,rvf,Irrigated,negative
1772,54275,105.1,50,0,0,2,Goat,"Galla Goat, Cross",Male,Adult,BDT070854,BSR013516,AVAQ54275,Hola,rvf,Irrigated,negative
1772,54173,105.1,50,0,0,2,Goat,"Galla Goat, Cross",Male,Weaner,BDT070825,BSR013499,AVAQ54173,Hola,brucella,Irrigated,negative
1772,58227,105.1,50,0,0,2,Goat,"Galla Goat, Cross",Female,Adult,BDT070839,BSR013477,AVAQ58227,Hola,qfever,Irrigated,negative
1772,56472,105.1,50,0,0,2,Goat,"Galla Goat, Cross",Female,Adult,BDT070828,BSR013489,AVAQ56472,Hola,brucella,Irrigated,negative
1772,54291,105.1,50,0,0,2,Goat,"Galla Goat, Cross",Female,Adult,BDT070837,BSR013487,AVAQ54291,Hola,qfever,Irrigated,negative
1772,54291,105.1,50,0,0,2,Goat,"Galla Goat, Cross",Female,Adult,BDT070837,BSR013487,AVAQ54291,Hola,rvf,Irrigated,negative
1772,58308,105.1,50,0,0,2,Goat,"Galla Goat, Cross",Male,Weaner,BDT070509,BSR013758,AVAQ58308,Hola,qfever,Irrigated,negative
1772,54920,105.1,50,0,0,2,Goat,"Galla Goat, Saanan",Female,Adult,BDT070541,BSR013727,AVAQ54920,Hola,qfever,Irrigated,negative
1772,58241,105.1,50,0,0,2,Goat,"Galla Goat, Cross",Female,Adult,BDT070852,BSR013512,AVAQ58241,Hola,rvf,Irrigated,negative
1772,58227,105.1,50,0,0,2,Goat,"Galla Goat, Cross",Female,Adult,BDT070839,BSR013477,AVAQ58227,Hola,brucella,Irrigated,negative
1772,56472,105.1,50,0,0,2,Goat,"Galla Goat, Cross",Female,Adult,BDT070828,BSR013489,AVAQ56472,Hola,qfever,Irrigated,negative
1772,54275,105.1,50,0,0,2,Goat,"Galla Goat, Cross",Male,Adult,BDT070854,BSR013516,AVAQ54275,Hola,brucella,Irrigated,negative
1772,58233,105.1,50,0,0,2,Goat,"Galla Goat, Cross",Male,Weaner,BDT070824,BSR013518,AVAQ58233,Hola,rvf,Irrigated,negative
1772,58241,105.1,50,0,0,2,Goat,"Galla Goat, Cross",Female,Adult,BDT070852,BSR013512,AVAQ58241,Hola,brucella,Irrigated,negative
1772,56441,105.1,50,0,0,2,Goat,"Galla Goat, Cross",Female,Adult,BDT070827,BSR013494,AVAQ56441,Hola,rvf,Irrigated,negative
1772,58278,105.1,50,0,0,2,Goat,"Galla Goat, Cross",Female,Adult,BDT070831,BSR013513,AVAQ58278,Hola,brucella,Irrigated,negative
1772,58227,105.1,50,0,0,2,Goat,"Galla Goat, Cross",Female,Adult,BDT070839,BSR013477,AVAQ58227,Hola,rvf,Irrigated,negative
1772,55376,105.1,50,0,0,2,Goat,"Galla Goat, Cross",Female,Weaner,BDT070835,BSR013493,AVAQ55376,Hola,qfever,Irrigated,negative
1776,58311,104.8,2,5,0,0,Goat,"Galla Goat, Cross",Female,Weaner,BDT070823,BSR013484,AVAQ58311,Hola,rvf,Irrigated,negative
1776,56495,104.8,2,5,0,0,Goat,"Galla Goat, Cross",Female,Adult,BDT070856,BSR013481,AVAQ56495,Hola,brucella,Irrigated,negative
1776,54323,104.8,2,5,0,0,Goat,"Galla Goat, Cross",Female,Adult,BDT070849,BSR013506,AVAQ54323,Hola,qfever,Irrigated,negative
1776,58311,104.8,2,5,0,0,Goat,"Galla Goat, Cross",Female,Weaner,BDT070823,BSR013484,AVAQ58311,Hola,qfever,Irrigated,negative
1776,54298,104.8,2,5,0,0,Goat,"Galla Goat, Cross",Male,Adult,BDT070819,BSR013488,AVAQ54298,Hola,rvf,Irrigated,negative
1776,58273,104.8,2,5,0,0,Goat,"Galla Goat, Cross",Female,Adult,BDT070840,BSR014327,AVAQ58273,Hola,qfever,Irrigated,negative
1776,58211,104.8,2,5,0,0,Goat,"Galla Goat, Cross",Female,Adult,BDT070821,BSR013478,AVAQ58211,Hola,qfever,Irrigated,negative
1776,58311,104.8,2,5,0,0,Goat,"Galla Goat, Cross",Female,Weaner,BDT070823,BSR013484,AVAQ58311,Hola,brucella,Irrigated,negative
1776,58211,104.8,2,5,0,0,Goat,"Galla Goat, Cross",Female,Adult,BDT070821,BSR013478,AVAQ58211,Hola,rvf,Irrigated,negative
1776,54323,104.8,2,5,0,0,Goat,"Galla Goat, Cross",Female,Adult,BDT070849,BSR013506,AVAQ54323,Hola,rvf,Irrigated,positive
1776,56495,104.8,2,5,0,0,Goat,"Galla Goat, Cross",Female,Adult,BDT070856,BSR013481,AVAQ56495,Hola,qfever,Irrigated,positive
1776,54298,104.8,2,5,0,0,Goat,"Galla Goat, Cross",Male,Adult,BDT070819,BSR013488,AVAQ54298,Hola,brucella,Irrigated,negative
1776,54323,104.8,2,5,0,0,Goat,"Galla Goat, Cross",Female,Adult,BDT070849,BSR013506,AVAQ54323,Hola,brucella,Irrigated,negative
1776,58211,104.8,2,5,0,0,Goat,"Galla Goat, Cross",Female,Adult,BDT070821,BSR013478,AVAQ58211,Hola,brucella,Irrigated,negative
1776,58273,104.8,2,5,0,0,Goat,"Galla Goat, Cross",Female,Adult,BDT070840,BSR014327,AVAQ58273,Hola,brucella,Irrigated,negative
1776,54298,104.8,2,5,0,0,Goat,"Galla Goat, Cross",Male,Adult,BDT070819,BSR013488,AVAQ54298,Hola,qfever,Irrigated,negative
1776,56495,104.8,2,5,0,0,Goat,"Galla Goat, Cross",Female,Adult,BDT070856,BSR013481,AVAQ56495,Hola,rvf,Irrigated,negative
1776,58273,104.8,2,5,0,0,Goat,"Galla Goat, Cross",Female,Adult,BDT070840,BSR014327,AVAQ58273,Hola,rvf,Irrigated,negative
1787,55031,105.7,20,30,0,0,Sheep,Black Head Persian,Female,Adult,BDT070527,BSR013759,AVAQ55031,Hola,brucella,Irrigated,negative
1787,56479,105.7,20,30,0,0,Sheep,Black Head Persian,Female,Weaner,BDT071172,BSR014336,AVAQ56479,Hola,brucella,Irrigated,negative
1787,54139,105.7,20,30,0,0,Goat,"Galla Goat, Cross",Male,Weaner,BDT070534,BSR013734,AVAQ54139,Hola,qfever,Irrigated,negative
1787,58220,105.7,20,30,0,0,Sheep,Black Head Persian,Male,Weaner,BDT070395,BSR013520,AVAQ58220,Hola,rvf,Irrigated,negative
1787,54207,105.7,20,30,0,0,Sheep,Black Head Persian,Female,Adult,BDT070361,BSR014135,AVAQ54207,Hola,qfever,Irrigated,negative
1787,58220,105.7,20,30,0,0,Sheep,Black Head Persian,Male,Weaner,BDT070395,BSR013520,AVAQ58220,Hola,qfever,Irrigated,negative
1787,56479,105.7,20,30,0,0,Sheep,Black Head Persian,Female,Weaner,BDT071172,BSR014336,AVAQ56479,Hola,qfever,Irrigated,negative
1787,55259,105.7,20,30,0,0,Goat,"Galla Goat, Cross",Female,Adult,BDT070530,BSR013736,AVAQ55259,Hola,qfever,Irrigated,positive
1787,55259,105.7,20,30,0,0,Goat,"Galla Goat, Cross",Female,Adult,BDT070530,BSR013736,AVAQ55259,Hola,rvf,Irrigated,negative
1787,56462,105.7,20,30,0,0,Sheep,Black Head Persian,Female,Adult,BDT070535,BSR013744,AVAQ56462,Hola,rvf,Irrigated,negative
1787,56485,105.7,20,30,0,0,Goat,"Galla Goat, Cross",Female,Adult,BDT071161,BSR014339,AVAQ56485,Hola,qfever,Irrigated,negative
1787,54301,105.7,20,30,0,0,Goat,"Galla Goat, Cross",Female,Adult,BDT070532,BSR013730,AVAQ54301,Hola,brucella,Irrigated,negative
1787,54271,105.7,20,30,0,0,Sheep,Black Head Persian,Male,Adult,BDT070367,BSR013492,AVAQ54271,Hola,rvf,Irrigated,negative
1787,56446,105.7,20,30,0,0,Sheep,Black Head Persian,Female,Weaner,BDT070538,BSR013742,AVAQ56446,Hola,rvf,Irrigated,negative
1787,56517,105.7,20,30,0,0,Goat,"Galla Goat, Cross",Female,Weaner,BDT071166,BSR014127,AVAQ56517,Hola,qfever,Irrigated,positive
1787,56512,105.7,20,30,0,0,Sheep,Black Head Persian,Female,Adult,BDT071163,BSR014354,AVAQ56512,Hola,qfever,Irrigated,negative
1787,56446,105.7,20,30,0,0,Sheep,Black Head Persian,Female,Weaner,BDT070538,BSR013742,AVAQ56446,Hola,brucella,Irrigated,negative
1787,56469,105.7,20,30,0,0,Goat,"Galla Goat, Cross",Female,Adult,BDT071165,BSR014126,AVAQ56469,Hola,brucella,Irrigated,negative
1787,54139,105.7,20,30,0,0,Goat,"Galla Goat, Cross",Male,Weaner,BDT070534,BSR013734,AVAQ54139,Hola,rvf,Irrigated,negative
1787,55079,105.7,20,30,0,0,Sheep,Black Head Persian,Female,Adult,BDT070526,BSR013737,AVAQ55079,Hola,rvf,Irrigated,negative
1787,56469,105.7,20,30,0,0,Goat,"Galla Goat, Cross",Female,Adult,BDT071165,BSR014126,AVAQ56469,Hola,rvf,Irrigated,negative
1787,56479,105.7,20,30,0,0,Sheep,Black Head Persian,Female,Weaner,BDT071172,BSR014336,AVAQ56479,Hola,rvf,Irrigated,negative
1787,55319,105.7,20,30,0,0,Sheep,Black Head Persian,Female,Adult,BDT070529,BSR013743,AVAQ55319,Hola,brucella,Irrigated,negative
1787,56517,105.7,20,30,0,0,Goat,"Galla Goat, Cross",Female,Weaner,BDT071166,BSR014127,AVAQ56517,Hola,brucella,Irrigated,negative
1787,55030,105.7,20,30,0,0,Sheep,Black Head Persian,Female,Adult,BDT070543,BSR013738,AVAQ55030,Hola,rvf,Irrigated,negative
1787,56462,105.7,20,30,0,0,Sheep,Black Head Persian,Female,Adult,BDT070535,BSR013744,AVAQ56462,Hola,brucella,Irrigated,negative
1787,58220,105.7,20,30,0,0,Sheep,Black Head Persian,Male,Weaner,BDT070395,BSR013520,AVAQ58220,Hola,brucella,Irrigated,negative
1787,54271,105.7,20,30,0,0,Sheep,Black Head Persian,Male,Adult,BDT070367,BSR013492,AVAQ54271,Hola,qfever,Irrigated,negative
1787,56446,105.7,20,30,0,0,Sheep,Black Head Persian,Female,Weaner,BDT070538,BSR013742,AVAQ56446,Hola,qfever,Irrigated,negative
1787,54277,105.7,20,30,0,0,Goat,"Galla Goat, Cross",Male,Adult,BDT070536,BSR013731,AVAQ54277,Hola,qfever,Irrigated,negative
1787,55079,105.7,20,30,0,0,Sheep,Black Head Persian,Female,Adult,BDT070526,BSR013737,AVAQ55079,Hola,qfever,Irrigated,negative
1787,55211,105.7,20,30,0,0,Sheep,Black Head Persian,Female,Adult,BDT070528,BSR013740,AVAQ55211,Hola,brucella,Irrigated,negative
1787,54207,105.7,20,30,0,0,Sheep,Black Head Persian,Female,Adult,BDT070361,BSR014135,AVAQ54207,Hola,brucella,Irrigated,negative
1787,55259,105.7,20,30,0,0,Goat,"Galla Goat, Cross",Female,Adult,BDT070530,BSR013736,AVAQ55259,Hola,brucella,Irrigated,negative
1787,56485,105.7,20,30,0,0,Goat,"Galla Goat, Cross",Female,Adult,BDT071161,BSR014339,AVAQ56485,Hola,brucella,Irrigated,negative
1787,55350,105.7,20,30,0,0,Sheep,Black Head Persian,Female,Adult,BDT070533,BSR013741,AVAQ55350,Hola,brucella,Irrigated,negative
1787,56469,105.7,20,30,0,0,Goat,"Galla Goat, Cross",Female,Adult,BDT071165,BSR014126,AVAQ56469,Hola,qfever,Irrigated,negative
1787,55031,105.7,20,30,0,0,Sheep,Black Head Persian,Female,Adult,BDT070527,BSR013759,AVAQ55031,Hola,qfever,Irrigated,positive
1787,56512,105.7,20,30,0,0,Sheep,Black Head Persian,Female,Adult,BDT071163,BSR014354,AVAQ56512,Hola,brucella,Irrigated,negative
1787,56516,105.7,20,30,0,0,Sheep,Black Head Persian,Female,Adult,BDT070407,BSR014326,AVAQ56516,Hola,brucella,Irrigated,negative
1787,55319,105.7,20,30,0,0,Sheep,Black Head Persian,Female,Adult,BDT070529,BSR013743,AVAQ55319,Hola,qfever,Irrigated,negative
1787,54277,105.7,20,30,0,0,Goat,"Galla Goat, Cross",Male,Adult,BDT070536,BSR013731,AVAQ54277,Hola,brucella,Irrigated,negative
1787,56512,105.7,20,30,0,0,Sheep,Black Head Persian,Female,Adult,BDT071163,BSR014354,AVAQ56512,Hola,rvf,Irrigated,negative
1787,56516,105.7,20,30,0,0,Sheep,Black Head Persian,Female,Adult,BDT070407,BSR014326,AVAQ56516,Hola,qfever,Irrigated,negative
1787,55079,105.7,20,30,0,0,Sheep,Black Head Persian,Female,Adult,BDT070526,BSR013737,AVAQ55079,Hola,brucella,Irrigated,negative
1787,54175,105.7,20,30,0,0,Sheep,Black Head Persian,Male,Adult,BDT070531,BSR013735,AVAQ54175,Hola,brucella,Irrigated,negative
1787,55031,105.7,20,30,0,0,Sheep,Black Head Persian,Female,Adult,BDT070527,BSR013759,AVAQ55031,Hola,rvf,Irrigated,negative
1787,56517,105.7,20,30,0,0,Goat,"Galla Goat, Cross",Female,Weaner,BDT071166,BSR014127,AVAQ56517,Hola,rvf,Irrigated,positive
1787,56516,105.7,20,30,0,0,Sheep,Black Head Persian,Female,Adult,BDT070407,BSR014326,AVAQ56516,Hola,rvf,Irrigated,positive
1787,54271,105.7,20,30,0,0,Sheep,Black Head Persian,Male,Adult,BDT070367,BSR013492,AVAQ54271,Hola,brucella,Irrigated,negative
1787,56485,105.7,20,30,0,0,Goat,"Galla Goat, Cross",Female,Adult,BDT071161,BSR014339,AVAQ56485,Hola,rvf,Irrigated,negative
1787,56462,105.7,20,30,0,0,Sheep,Black Head Persian,Female,Adult,BDT070535,BSR013744,AVAQ56462,Hola,qfever,Irrigated,negative
1787,54277,105.7,20,30,0,0,Goat,"Galla Goat, Cross",Male,Adult,BDT070536,BSR013731,AVAQ54277,Hola,rvf,Irrigated,negative
1787,54333,105.7,20,30,0,0,Goat,"Galla Goat, Cross",Female,Adult,BDT070537,BSR013739,AVAQ54333,Hola,brucella,Irrigated,negative
1787,55030,105.7,20,30,0,0,Sheep,Black Head Persian,Female,Adult,BDT070543,BSR013738,AVAQ55030,Hola,qfever,Irrigated,positive
1787,54207,105.7,20,30,0,0,Sheep,Black Head Persian,Female,Adult,BDT070361,BSR014135,AVAQ54207,Hola,rvf,Irrigated,negative
1787,55211,105.7,20,30,0,0,Sheep,Black Head Persian,Female,Adult,BDT070528,BSR013740,AVAQ55211,Hola,rvf,Irrigated,positive
1787,54129,105.7,20,30,0,0,Goat,"Galla Goat, Cross",Female,Adult,BDT071243,BSR014349,AVAQ54129,Hola,brucella,Irrigated,negative
1787,56504,105.7,20,30,0,0,Goat,"Galla Goat, Cross",Female,Adult,BDT070542,BSR013732,AVAQ56504,Hola,rvf,Irrigated,negative
1787,54301,105.7,20,30,0,0,Goat,"Galla Goat, Cross",Female,Adult,BDT070532,BSR013730,AVAQ54301,Hola,rvf,Irrigated,negative
1787,54333,105.7,20,30,0,0,Goat,"Galla Goat, Cross",Female,Adult,BDT070537,BSR013739,AVAQ54333,Hola,qfever,Irrigated,negative
1787,54129,105.7,20,30,0,0,Goat,"Galla Goat, Cross",Female,Adult,BDT071243,BSR014349,AVAQ54129,Hola,qfever,Irrigated,negative
1787,54301,105.7,20,30,0,0,Goat,"Galla Goat, Cross",Female,Adult,BDT070532,BSR013730,AVAQ54301,Hola,qfever,Irrigated,negative
1787,54175,105.7,20,30,0,0,Sheep,Black Head Persian,Male,Adult,BDT070531,BSR013735,AVAQ54175,Hola,qfever,Irrigated,negative
1787,54333,105.7,20,30,0,0,Goat,"Galla Goat, Cross",Female,Adult,BDT070537,BSR013739,AVAQ54333,Hola,rvf,Irrigated,negative
1787,55211,105.7,20,30,0,0,Sheep,Black Head Persian,Female,Adult,BDT070528,BSR013740,AVAQ55211,Hola,qfever,Irrigated,positive
1787,56504,105.7,20,30,0,0,Goat,"Galla Goat, Cross",Female,Adult,BDT070542,BSR013732,AVAQ56504,Hola,brucella,Irrigated,negative
1787,55319,105.7,20,30,0,0,Sheep,Black Head Persian,Female,Adult,BDT070529,BSR013743,AVAQ55319,Hola,rvf,Irrigated,negative
1787,56504,105.7,20,30,0,0,Goat,"Galla Goat, Cross",Female,Adult,BDT070542,BSR013732,AVAQ56504,Hola,qfever,Irrigated,negative
1787,54129,105.7,20,30,0,0,Goat,"Galla Goat, Cross",Female,Adult,BDT071243,BSR014349,AVAQ54129,Hola,rvf,Irrigated,negative
1787,54139,105.7,20,30,0,0,Goat,"Galla Goat, Cross",Male,Weaner,BDT070534,BSR013734,AVAQ54139,Hola,brucella,Irrigated,negative
1787,55030,105.7,20,30,0,0,Sheep,Black Head Persian,Female,Adult,BDT070543,BSR013738,AVAQ55030,Hola,brucella,Irrigated,negative
1787,54175,105.7,20,30,0,0,Sheep,Black Head Persian,Male,Adult,BDT070531,BSR013735,AVAQ54175,Hola,rvf,Irrigated,negative
1787,55350,105.7,20,30,0,0,Sheep,Black Head Persian,Female,Adult,BDT070533,BSR013741,AVAQ55350,Hola,qfever,Irrigated,negative
1787,55350,105.7,20,30,0,0,Sheep,Black Head Persian,Female,Adult,BDT070533,BSR013741,AVAQ55350,Hola,rvf,Irrigated,negative
1790,54274,105,3,1,0,0,Goat,"Galla Goat, Cross",Female,Adult,BDT070817,BSR013502,AVAQ54274,Hola,qfever,Irrigated,positive
1790,54274,105,3,1,0,0,Goat,"Galla Goat, Cross",Female,Adult,BDT070817,BSR013502,AVAQ54274,Hola,brucella,Irrigated,negative
1790,54274,105,3,1,0,0,Goat,"Galla Goat, Cross",Female,Adult,BDT070817,BSR013502,AVAQ54274,Hola,rvf,Irrigated,negative
1825,54379,105.3,20,30,0,2,Sheep,Black Head Persian,Female,Adult,BDT070388,BSR014356,AVAQ54379,Hola,qfever,Irrigated,negative
1825,54134,105.3,20,30,0,2,Goat,Galla Goat,Female,Adult,BDT070519,BSR013747,AVAQ54134,Hola,rvf,Irrigated,negative
1825,54350,105.3,20,30,0,2,Goat,Galla Goat,Female,Adult,BDT071177,BSR014130,AVAQ54350,Hola,brucella,Irrigated,negative
1825,55269,105.3,20,30,0,2,Sheep,Black Head Persian,Female,Adult,BDT070522,BSR013755,AVAQ55269,Hola,rvf,Irrigated,negative
1825,58207,105.3,20,30,0,2,Goat,Galla Goat,Female,Adult,BDT070387,BSR014138,AVAQ58207,Hola,qfever,Irrigated,negative
1825,55153,105.3,20,30,0,2,Goat,Galla Goat,Female,Weaner,BDT070516,BSR013760,AVAQ55153,Hola,rvf,Irrigated,negative
1825,54130,105.3,20,30,0,2,Goat,Galla Goat,Female,Weaner,BDT070520,BSR013746,AVAQ54130,Hola,brucella,Irrigated,negative
1825,58207,105.3,20,30,0,2,Goat,Galla Goat,Female,Adult,BDT070387,BSR014138,AVAQ58207,Hola,brucella,Irrigated,negative
1825,55269,105.3,20,30,0,2,Sheep,Black Head Persian,Female,Adult,BDT070522,BSR013755,AVAQ55269,Hola,brucella,Irrigated,negative
1825,55269,105.3,20,30,0,2,Sheep,Black Head Persian,Female,Adult,BDT070522,BSR013755,AVAQ55269,Hola,qfever,Irrigated,negative
1825,56522,105.3,20,30,0,2,Sheep,Black Head Persian,Male,Adult,BDT070523,BSR013750,AVAQ56522,Hola,qfever,Irrigated,negative
1825,58207,105.3,20,30,0,2,Goat,Galla Goat,Female,Adult,BDT070387,BSR014138,AVAQ58207,Hola,rvf,Irrigated,positive
1825,56496,105.3,20,30,0,2,Sheep,Black Head Persian,Female,Adult,BDT070408,BSR014132,AVAQ56496,Hola,rvf,Irrigated,negative
1825,56465,105.3,20,30,0,2,Sheep,Black Head Persian,Female,Adult,BDT070521,BSR013752,AVAQ56465,Hola,qfever,Irrigated,positive
1825,56496,105.3,20,30,0,2,Sheep,Black Head Persian,Female,Adult,BDT070408,BSR014132,AVAQ56496,Hola,brucella,Irrigated,negative
1825,55814,105.3,20,30,0,2,Sheep,Black Head Persian,Female,Adult,BDT070386,BSR014344,AVAQ55814,Hola,qfever,Irrigated,negative
1825,56522,105.3,20,30,0,2,Sheep,Black Head Persian,Male,Adult,BDT070523,BSR013750,AVAQ56522,Hola,brucella,Irrigated,negative
1825,56465,105.3,20,30,0,2,Sheep,Black Head Persian,Female,Adult,BDT070521,BSR013752,AVAQ56465,Hola,brucella,Irrigated,negative
1825,55354,105.3,20,30,0,2,Goat,Galla Goat,Male,Adult,BDT070365,BSR014360,AVAQ55354,Hola,qfever,Irrigated,negative
1825,55153,105.3,20,30,0,2,Goat,Galla Goat,Female,Weaner,BDT070516,BSR013760,AVAQ55153,Hola,brucella,Irrigated,negative
1825,56465,105.3,20,30,0,2,Sheep,Black Head Persian,Female,Adult,BDT070521,BSR013752,AVAQ56465,Hola,rvf,Irrigated,negative
1825,55307,105.3,20,30,0,2,Goat,Galla Goat,Female,Adult,BDT071188,BSR014340,AVAQ55307,Hola,rvf,Irrigated,negative
1825,56496,105.3,20,30,0,2,Sheep,Black Head Persian,Female,Adult,BDT070408,BSR014132,AVAQ56496,Hola,qfever,Irrigated,positive
1825,56477,105.3,20,30,0,2,Sheep,Black Head Persian,Female,Adult,BDT070515,BSR013751,AVAQ56477,Hola,rvf,Irrigated,negative
1825,55525,105.3,20,30,0,2,Sheep,Black Head Persian,Female,Adult,BDT070375,BSR014146,AVAQ55525,Hola,brucella,Irrigated,negative
1825,55153,105.3,20,30,0,2,Goat,Galla Goat,Female,Weaner,BDT070516,BSR013760,AVAQ55153,Hola,qfever,Irrigated,negative
1825,56476,105.3,20,30,0,2,Sheep,Black Head Persian,Female,Adult,BDT070511,BSR013756,AVAQ56476,Hola,rvf,Irrigated,negative
1825,54212,105.3,20,30,0,2,Sheep,Black Head Persian,Female,Adult,BDT070524,BSR013749,AVAQ54212,Hola,qfever,Irrigated,positive
1825,58230,105.3,20,30,0,2,Goat,Galla Goat,Female,Adult,BDT070525,BSR013748,AVAQ58230,Hola,rvf,Irrigated,negative
1825,54134,105.3,20,30,0,2,Goat,Galla Goat,Female,Adult,BDT070519,BSR013747,AVAQ54134,Hola,brucella,Irrigated,negative
1825,56511,105.3,20,30,0,2,Sheep,Black Head Persian,Female,Weaner,BDT071205,BSR014348,AVAQ56511,Hola,qfever,Irrigated,positive
1825,55165,105.3,20,30,0,2,Goat,Galla Goat,Female,Adult,BDT070517,BSR013745,AVAQ55165,Hola,rvf,Irrigated,negative
1825,54350,105.3,20,30,0,2,Goat,Galla Goat,Female,Adult,BDT071177,BSR014130,AVAQ54350,Hola,qfever,Irrigated,negative
1825,58230,105.3,20,30,0,2,Goat,Galla Goat,Female,Adult,BDT070525,BSR013748,AVAQ58230,Hola,brucella,Irrigated,negative
1825,54267,105.3,20,30,0,2,Goat,Galla Goat,Female,Adult,BDT070377,BSR014345,AVAQ54267,Hola,qfever,Irrigated,negative
1825,54130,105.3,20,30,0,2,Goat,Galla Goat,Female,Weaner,BDT070520,BSR013746,AVAQ54130,Hola,qfever,Irrigated,negative
1825,55814,105.3,20,30,0,2,Sheep,Black Head Persian,Female,Adult,BDT070386,BSR014344,AVAQ55814,Hola,rvf,Irrigated,negative
1825,55814,105.3,20,30,0,2,Sheep,Black Head Persian,Female,Adult,BDT070386,BSR014344,AVAQ55814,Hola,brucella,Irrigated,negative
1825,56477,105.3,20,30,0,2,Sheep,Black Head Persian,Female,Adult,BDT070515,BSR013751,AVAQ56477,Hola,brucella,Irrigated,negative
1825,55354,105.3,20,30,0,2,Goat,Galla Goat,Male,Adult,BDT070365,BSR014360,AVAQ55354,Hola,rvf,Irrigated,positive
1825,56509,105.3,20,30,0,2,Goat,Galla Goat,Female,Adult,BDT070518,BSR013753,AVAQ56509,Hola,qfever,Irrigated,negative
1825,55165,105.3,20,30,0,2,Goat,Galla Goat,Female,Adult,BDT070517,BSR013745,AVAQ55165,Hola,qfever,Irrigated,positive
1825,54350,105.3,20,30,0,2,Goat,Galla Goat,Female,Adult,BDT071177,BSR014130,AVAQ54350,Hola,rvf,Irrigated,negative
1825,58269,105.3,20,30,0,2,Sheep,Black Head Persian,Female,Adult,BDT070514,BSR013754,AVAQ58269,Hola,rvf,Irrigated,negative
1825,54134,105.3,20,30,0,2,Goat,Galla Goat,Female,Adult,BDT070519,BSR013747,AVAQ54134,Hola,qfever,Irrigated,positive
1825,55525,105.3,20,30,0,2,Sheep,Black Head Persian,Female,Adult,BDT070375,BSR014146,AVAQ55525,Hola,rvf,Irrigated,negative
1825,55349,105.3,20,30,0,2,Goat,Galla Goat,Female,Adult,BDT071169,BSR013553,AVAQ55349,Hola,rvf,Irrigated,negative
1825,54288,105.3,20,30,0,2,Goat,Galla Goat,Female,Adult,BDT070406,BSR014129,AVAQ54288,Hola,rvf,Irrigated,negative
1825,54288,105.3,20,30,0,2,Goat,Galla Goat,Female,Adult,BDT070406,BSR014129,AVAQ54288,Hola,brucella,Irrigated,negative
1825,58269,105.3,20,30,0,2,Sheep,Black Head Persian,Female,Adult,BDT070514,BSR013754,AVAQ58269,Hola,qfever,Irrigated,negative
1825,54379,105.3,20,30,0,2,Sheep,Black Head Persian,Female,Adult,BDT070388,BSR014356,AVAQ54379,Hola,brucella,Irrigated,negative
1825,56477,105.3,20,30,0,2,Sheep,Black Head Persian,Female,Adult,BDT070515,BSR013751,AVAQ56477,Hola,qfever,Irrigated,negative
1825,55165,105.3,20,30,0,2,Goat,Galla Goat,Female,Adult,BDT070517,BSR013745,AVAQ55165,Hola,brucella,Irrigated,negative
1825,56511,105.3,20,30,0,2,Sheep,Black Head Persian,Female,Weaner,BDT071205,BSR014348,AVAQ56511,Hola,rvf,Irrigated,negative
1825,54212,105.3,20,30,0,2,Sheep,Black Head Persian,Female,Adult,BDT070524,BSR013749,AVAQ54212,Hola,brucella,Irrigated,negative
1825,58230,105.3,20,30,0,2,Goat,Galla Goat,Female,Adult,BDT070525,BSR013748,AVAQ58230,Hola,qfever,Irrigated,negative
1825,56511,105.3,20,30,0,2,Sheep,Black Head Persian,Female,Weaner,BDT071205,BSR014348,AVAQ56511,Hola,brucella,Irrigated,negative
1825,54267,105.3,20,30,0,2,Goat,Galla Goat,Female,Adult,BDT070377,BSR014345,AVAQ54267,Hola,brucella,Irrigated,negative
1825,56522,105.3,20,30,0,2,Sheep,Black Head Persian,Male,Adult,BDT070523,BSR013750,AVAQ56522,Hola,rvf,Irrigated,negative
1825,55525,105.3,20,30,0,2,Sheep,Black Head Persian,Female,Adult,BDT070375,BSR014146,AVAQ55525,Hola,qfever,Irrigated,negative
1825,55354,105.3,20,30,0,2,Goat,Galla Goat,Male,Adult,BDT070365,BSR014360,AVAQ55354,Hola,brucella,Irrigated,negative
1825,54267,105.3,20,30,0,2,Goat,Galla Goat,Female,Adult,BDT070377,BSR014345,AVAQ54267,Hola,rvf,Irrigated,positive
1825,56509,105.3,20,30,0,2,Goat,Galla Goat,Female,Adult,BDT070518,BSR013753,AVAQ56509,Hola,rvf,Irrigated,negative
1825,55307,105.3,20,30,0,2,Goat,Galla Goat,Female,Adult,BDT071188,BSR014340,AVAQ55307,Hola,brucella,Irrigated,negative
1825,55349,105.3,20,30,0,2,Goat,Galla Goat,Female,Adult,BDT071169,BSR013553,AVAQ55349,Hola,qfever,Irrigated,negative
1825,55307,105.3,20,30,0,2,Goat,Galla Goat,Female,Adult,BDT071188,BSR014340,AVAQ55307,Hola,qfever,Irrigated,negative
1825,56476,105.3,20,30,0,2,Sheep,Black Head Persian,Female,Adult,BDT070511,BSR013756,AVAQ56476,Hola,qfever,Irrigated,negative
1825,55349,105.3,20,30,0,2,Goat,Galla Goat,Female,Adult,BDT071169,BSR013553,AVAQ55349,Hola,brucella,Irrigated,negative
1825,56509,105.3,20,30,0,2,Goat,Galla Goat,Female,Adult,BDT070518,BSR013753,AVAQ56509,Hola,brucella,Irrigated,negative
1825,54130,105.3,20,30,0,2,Goat,Galla Goat,Female,Weaner,BDT070520,BSR013746,AVAQ54130,Hola,rvf,Irrigated,negative
1825,54288,105.3,20,30,0,2,Goat,Galla Goat,Female,Adult,BDT070406,BSR014129,AVAQ54288,Hola,qfever,Irrigated,negative
1825,56476,105.3,20,30,0,2,Sheep,Black Head Persian,Female,Adult,BDT070511,BSR013756,AVAQ56476,Hola,brucella,Irrigated,negative
1825,54212,105.3,20,30,0,2,Sheep,Black Head Persian,Female,Adult,BDT070524,BSR013749,AVAQ54212,Hola,rvf,Irrigated,negative
1825,54379,105.3,20,30,0,2,Sheep,Black Head Persian,Female,Adult,BDT070388,BSR014356,AVAQ54379,Hola,rvf,Irrigated,negative
1825,58269,105.3,20,30,0,2,Sheep,Black Head Persian,Female,Adult,BDT070514,BSR013754,AVAQ58269,Hola,brucella,Irrigated,negative
1833,58219,105.2,30,40,0,0,Sheep,Black Head Persian,Female,Adult,BDT070555,BSR013765,AVAQ58219,Hola,brucella,Irrigated,negative
1833,54318,105.2,30,40,0,0,Goat,"Galla Goat, Cross",Female,Adult,BDT070382,BSR013490,AVAQ54318,Hola,brucella,Irrigated,negative
1833,58292,105.2,30,40,0,0,Sheep,Black Head Persian,Female,Adult,BDT070544,BSR013774,AVAQ58292,Hola,rvf,Irrigated,negative
1833,58292,105.2,30,40,0,0,Sheep,Black Head Persian,Female,Adult,BDT070544,BSR013774,AVAQ58292,Hola,qfever,Irrigated,positive
1833,58215,105.2,30,40,0,0,Sheep,Black Head Persian,Female,Adult,BDT070558,BSR013763,AVAQ58215,Hola,brucella,Irrigated,negative
1833,54336,105.2,30,40,0,0,Goat,"Galla Goat, Cross",Male,Adult,BDT070547,BSR013767,AVAQ54336,Hola,brucella,Irrigated,negative
1833,58289,105.2,30,40,0,0,Sheep,Black Head Persian,Female,Adult,BDT070404,BSR013476,AVAQ58289,Hola,rvf,Irrigated,negative
1833,58219,105.2,30,40,0,0,Sheep,Black Head Persian,Female,Adult,BDT070555,BSR013765,AVAQ58219,Hola,qfever,Irrigated,negative
1833,58262,105.2,30,40,0,0,Sheep,Black Head Persian,Female,Weaner,BDT070551,BSR013762,AVAQ58262,Hola,brucella,Irrigated,negative
1833,54339,105.2,30,40,0,0,Sheep,Black Head Persian,Female,Adult,BDT070512,BSR013496,AVAQ54339,Hola,brucella,Irrigated,negative
1833,58206,105.2,30,40,0,0,Sheep,Black Head Persian,Female,Adult,BDT070553,BSR013772,AVAQ58206,Hola,brucella,Irrigated,negative
1833,54269,105.2,30,40,0,0,Sheep,Black Head Persian,Female,Adult,BDT070366,BSR013501,AVAQ54269,Hola,qfever,Irrigated,negative
1833,58234,105.2,30,40,0,0,Goat,"Galla Goat, Cross",Female,Adult,BDT070369,BSR013515,AVAQ58234,Hola,brucella,Irrigated,negative
1833,54296,105.2,30,40,0,0,Sheep,Black Head Persian,Female,Adult,BDT070554,BSR013726,AVAQ54296,Hola,brucella,Irrigated,negative
1833,58205,105.2,30,40,0,0,Sheep,Black Head Persian,Female,Adult,BDT070549,BSR013769,AVAQ58205,Hola,rvf,Irrigated,negative
1833,56468,105.2,30,40,0,0,Goat,"Galla Goat, Cross",Female,Adult,BDT070604,BSR013771,AVAQ56468,Hola,brucella,Irrigated,negative
1833,54269,105.2,30,40,0,0,Sheep,Black Head Persian,Female,Adult,BDT070366,BSR013501,AVAQ54269,Hola,rvf,Irrigated,negative
1833,58209,105.2,30,40,0,0,Goat,"Galla Goat, Cross",Female,Adult,BDT070401,BSR013511,AVAQ58209,Hola,rvf,Irrigated,negative
1833,58306,105.2,30,40,0,0,Goat,"Galla Goat, Cross",Female,Adult,BDT070546,BSR013764,AVAQ58306,Hola,brucella,Irrigated,negative
1833,54262,105.2,30,40,0,0,Goat,"Galla Goat, Cross",Female,Adult,BDT070360,BSR013507,AVAQ54262,Hola,qfever,Irrigated,negative
1833,58277,105.2,30,40,0,0,Sheep,Black Head Persian,Female,Adult,BDT070540,BSR013728,AVAQ58277,Hola,qfever,Irrigated,negative
1833,58237,105.2,30,40,0,0,Sheep,Black Head Persian,Female,Adult,BDT070539,BSR013770,AVAQ58237,Hola,qfever,Irrigated,positive
1833,58250,105.2,30,40,0,0,Sheep,Black Head Persian,Female,Adult,BDT071192,BSR013519,AVAQ58250,Hola,brucella,Irrigated,negative
1833,58209,105.2,30,40,0,0,Goat,"Galla Goat, Cross",Female,Adult,BDT070401,BSR013511,AVAQ58209,Hola,qfever,Irrigated,negative
1833,54338,105.2,30,40,0,0,Goat,"Galla Goat, Cross",Female,Adult,BDT070605,BSR013768,AVAQ54338,Hola,brucella,Irrigated,negative
1833,58239,105.2,30,40,0,0,Sheep,Black Head Persian,Male,Weaner,BDT070513,BSR013505,AVAQ58239,Hola,qfever,Irrigated,negative
1833,58292,105.2,30,40,0,0,Sheep,Black Head Persian,Female,Adult,BDT070544,BSR013774,AVAQ58292,Hola,brucella,Irrigated,negative
1833,58205,105.2,30,40,0,0,Sheep,Black Head Persian,Female,Adult,BDT070549,BSR013769,AVAQ58205,Hola,brucella,Irrigated,negative
1833,56468,105.2,30,40,0,0,Goat,"Galla Goat, Cross",Female,Adult,BDT070604,BSR013771,AVAQ56468,Hola,rvf,Irrigated,negative
1833,58206,105.2,30,40,0,0,Sheep,Black Head Persian,Female,Adult,BDT070553,BSR013772,AVAQ58206,Hola,qfever,Irrigated,positive
1833,54169,105.2,30,40,0,0,Goat,"Galla Goat, Cross",Female,Adult,BDT070557,BSR013761,AVAQ54169,Hola,brucella,Irrigated,negative
1833,58209,105.2,30,40,0,0,Goat,"Galla Goat, Cross",Female,Adult,BDT070401,BSR013511,AVAQ58209,Hola,brucella,Irrigated,negative
1833,58217,105.2,30,40,0,0,Goat,"Galla Goat, Cross",Female,Adult,BDT070556,BSR013766,AVAQ58217,Hola,brucella,Irrigated,negative
1833,54296,105.2,30,40,0,0,Sheep,Black Head Persian,Female,Adult,BDT070554,BSR013726,AVAQ54296,Hola,rvf,Irrigated,negative
1833,58293,105.2,30,40,0,0,Sheep,Black Head Persian,Female,Adult,BDT070545,BSR013729,AVAQ58293,Hola,qfever,Irrigated,negative
1833,58234,105.2,30,40,0,0,Goat,"Galla Goat, Cross",Female,Adult,BDT070369,BSR013515,AVAQ58234,Hola,qfever,Irrigated,negative
1833,54169,105.2,30,40,0,0,Goat,"Galla Goat, Cross",Female,Adult,BDT070557,BSR013761,AVAQ54169,Hola,rvf,Irrigated,positive
1833,54318,105.2,30,40,0,0,Goat,"Galla Goat, Cross",Female,Adult,BDT070382,BSR013490,AVAQ54318,Hola,rvf,Irrigated,negative
1833,58215,105.2,30,40,0,0,Sheep,Black Head Persian,Female,Adult,BDT070558,BSR013763,AVAQ58215,Hola,rvf,Irrigated,negative
1833,58293,105.2,30,40,0,0,Sheep,Black Head Persian,Female,Adult,BDT070545,BSR013729,AVAQ58293,Hola,brucella,Irrigated,negative
1833,54338,105.2,30,40,0,0,Goat,"Galla Goat, Cross",Female,Adult,BDT070605,BSR013768,AVAQ54338,Hola,qfever,Irrigated,positive
1833,54309,105.2,30,40,0,0,Sheep,Black Head Persian,Male,Adult,BDT070552,BSR013725,AVAQ54309,Hola,brucella,Irrigated,negative
1833,54296,105.2,30,40,0,0,Sheep,Black Head Persian,Female,Adult,BDT070554,BSR013726,AVAQ54296,Hola,qfever,Irrigated,positive
1833,54318,105.2,30,40,0,0,Goat,"Galla Goat, Cross",Female,Adult,BDT070382,BSR013490,AVAQ54318,Hola,qfever,Irrigated,negative
1833,58219,105.2,30,40,0,0,Sheep,Black Head Persian,Female,Adult,BDT070555,BSR013765,AVAQ58219,Hola,rvf,Irrigated,negative
1833,54339,105.2,30,40,0,0,Sheep,Black Head Persian,Female,Adult,BDT070512,BSR013496,AVAQ54339,Hola,qfever,Irrigated,negative
1833,58232,105.2,30,40,0,0,Sheep,Black Head Persian,Female,Adult,BDT071159,BSR013495,AVAQ58232,Hola,qfever,Irrigated,negative
1833,58290,105.2,30,40,0,0,Sheep,Black Head Persian,Male,Weaner,BDT070550,BSR013773,AVAQ58290,Hola,qfever,Irrigated,negative
1833,54262,105.2,30,40,0,0,Goat,"Galla Goat, Cross",Female,Adult,BDT070360,BSR013507,AVAQ54262,Hola,rvf,Irrigated,negative
1833,54262,105.2,30,40,0,0,Goat,"Galla Goat, Cross",Female,Adult,BDT070360,BSR013507,AVAQ54262,Hola,brucella,Irrigated,negative
1833,54337,105.2,30,40,0,0,Sheep,Black Head Persian,Female,Adult,BDT071160,BSR013485,AVAQ54337,Hola,qfever,Irrigated,negative
1833,54286,105.2,30,40,0,0,Sheep,Black Head Persian,Female,Adult,BDT070548,BSR013757,AVAQ54286,Hola,qfever,Irrigated,negative
1833,58215,105.2,30,40,0,0,Sheep,Black Head Persian,Female,Adult,BDT070558,BSR013763,AVAQ58215,Hola,qfever,Irrigated,positive
1833,54337,105.2,30,40,0,0,Sheep,Black Head Persian,Female,Adult,BDT071160,BSR013485,AVAQ54337,Hola,rvf,Irrigated,negative
1833,58217,105.2,30,40,0,0,Goat,"Galla Goat, Cross",Female,Adult,BDT070556,BSR013766,AVAQ58217,Hola,rvf,Irrigated,negative
1833,58250,105.2,30,40,0,0,Sheep,Black Head Persian,Female,Adult,BDT071192,BSR013519,AVAQ58250,Hola,rvf,Irrigated,negative
1833,58234,105.2,30,40,0,0,Goat,"Galla Goat, Cross",Female,Adult,BDT070369,BSR013515,AVAQ58234,Hola,rvf,Irrigated,negative
1833,54309,105.2,30,40,0,0,Sheep,Black Head Persian,Male,Adult,BDT070552,BSR013725,AVAQ54309,Hola,qfever,Irrigated,negative
1833,54286,105.2,30,40,0,0,Sheep,Black Head Persian,Female,Adult,BDT070548,BSR013757,AVAQ54286,Hola,brucella,Irrigated,negative
1833,58232,105.2,30,40,0,0,Sheep,Black Head Persian,Female,Adult,BDT071159,BSR013495,AVAQ58232,Hola,brucella,Irrigated,negative
1833,58290,105.2,30,40,0,0,Sheep,Black Head Persian,Male,Weaner,BDT070550,BSR013773,AVAQ58290,Hola,brucella,Irrigated,negative
1833,54286,105.2,30,40,0,0,Sheep,Black Head Persian,Female,Adult,BDT070548,BSR013757,AVAQ54286,Hola,rvf,Irrigated,negative
1833,54339,105.2,30,40,0,0,Sheep,Black Head Persian,Female,Adult,BDT070512,BSR013496,AVAQ54339,Hola,rvf,Irrigated,negative
1833,58262,105.2,30,40,0,0,Sheep,Black Head Persian,Female,Weaner,BDT070551,BSR013762,AVAQ58262,Hola,qfever,Irrigated,positive
1833,58237,105.2,30,40,0,0,Sheep,Black Head Persian,Female,Adult,BDT070539,BSR013770,AVAQ58237,Hola,brucella,Irrigated,negative
1833,58290,105.2,30,40,0,0,Sheep,Black Head Persian,Male,Weaner,BDT070550,BSR013773,AVAQ58290,Hola,rvf,Irrigated,negative
1833,58277,105.2,30,40,0,0,Sheep,Black Head Persian,Female,Adult,BDT070540,BSR013728,AVAQ58277,Hola,brucella,Irrigated,negative
1833,58232,105.2,30,40,0,0,Sheep,Black Head Persian,Female,Adult,BDT071159,BSR013495,AVAQ58232,Hola,rvf,Irrigated,negative
1833,58239,105.2,30,40,0,0,Sheep,Black Head Persian,Male,Weaner,BDT070513,BSR013505,AVAQ58239,Hola,rvf,Irrigated,negative
1833,58289,105.2,30,40,0,0,Sheep,Black Head Persian,Female,Adult,BDT070404,BSR013476,AVAQ58289,Hola,qfever,Irrigated,positive
1833,58250,105.2,30,40,0,0,Sheep,Black Head Persian,Female,Adult,BDT071192,BSR013519,AVAQ58250,Hola,qfever,Irrigated,positive
1833,58217,105.2,30,40,0,0,Goat,"Galla Goat, Cross",Female,Adult,BDT070556,BSR013766,AVAQ58217,Hola,qfever,Irrigated,negative
1833,58206,105.2,30,40,0,0,Sheep,Black Head Persian,Female,Adult,BDT070553,BSR013772,AVAQ58206,Hola,rvf,Irrigated,negative
1833,54336,105.2,30,40,0,0,Goat,"Galla Goat, Cross",Male,Adult,BDT070547,BSR013767,AVAQ54336,Hola,qfever,Irrigated,positive
1833,58306,105.2,30,40,0,0,Goat,"Galla Goat, Cross",Female,Adult,BDT070546,BSR013764,AVAQ58306,Hola,rvf,Irrigated,negative
1833,58277,105.2,30,40,0,0,Sheep,Black Head Persian,Female,Adult,BDT070540,BSR013728,AVAQ58277,Hola,rvf,Irrigated,negative
1833,58205,105.2,30,40,0,0,Sheep,Black Head Persian,Female,Adult,BDT070549,BSR013769,AVAQ58205,Hola,qfever,Irrigated,positive
1833,58237,105.2,30,40,0,0,Sheep,Black Head Persian,Female,Adult,BDT070539,BSR013770,AVAQ58237,Hola,rvf,Irrigated,negative
1833,54337,105.2,30,40,0,0,Sheep,Black Head Persian,Female,Adult,BDT071160,BSR013485,AVAQ54337,Hola,brucella,Irrigated,negative
1833,58306,105.2,30,40,0,0,Goat,"Galla Goat, Cross",Female,Adult,BDT070546,BSR013764,AVAQ58306,Hola,qfever,Irrigated,negative
1833,54338,105.2,30,40,0,0,Goat,"Galla Goat, Cross",Female,Adult,BDT070605,BSR013768,AVAQ54338,Hola,rvf,Irrigated,negative
1833,54309,105.2,30,40,0,0,Sheep,Black Head Persian,Male,Adult,BDT070552,BSR013725,AVAQ54309,Hola,rvf,Irrigated,negative
1833,54169,105.2,30,40,0,0,Goat,"Galla Goat, Cross",Female,Adult,BDT070557,BSR013761,AVAQ54169,Hola,qfever,Irrigated,negative
1833,54336,105.2,30,40,0,0,Goat,"Galla Goat, Cross",Male,Adult,BDT070547,BSR013767,AVAQ54336,Hola,rvf,Irrigated,negative
1833,58262,105.2,30,40,0,0,Sheep,Black Head Persian,Female,Weaner,BDT070551,BSR013762,AVAQ58262,Hola,rvf,Irrigated,negative
1833,58289,105.2,30,40,0,0,Sheep,Black Head Persian,Female,Adult,BDT070404,BSR013476,AVAQ58289,Hola,brucella,Irrigated,negative
1833,58239,105.2,30,40,0,0,Sheep,Black Head Persian,Male,Weaner,BDT070513,BSR013505,AVAQ58239,Hola,brucella,Irrigated,negative
1833,54269,105.2,30,40,0,0,Sheep,Black Head Persian,Female,Adult,BDT070366,BSR013501,AVAQ54269,Hola,brucella,Irrigated,negative
1833,58293,105.2,30,40,0,0,Sheep,Black Head Persian,Female,Adult,BDT070545,BSR013729,AVAQ58293,Hola,rvf,Irrigated,positive
1833,56468,105.2,30,40,0,0,Goat,"Galla Goat, Cross",Female,Adult,BDT070604,BSR013771,AVAQ56468,Hola,qfever,Irrigated,positive
1841,54138,104.5,11,0,0,0,Goat,"Galla Goat, Cross",Female,Adult,BDT070815,BSR013514,AVAQ54138,Hola,brucella,Irrigated,negative
1841,58282,104.5,11,0,0,0,Goat,"Galla Goat, Cross",Female,Adult,BDT070816,BSR013483,AVAQ58282,Hola,rvf,Irrigated,negative
1841,55207,104.5,11,0,0,0,Goat,"Galla Goat, Cross",Female,Adult,BDT070844,BSR013497,AVAQ55207,Hola,rvf,Irrigated,negative
1841,55046,104.5,11,0,0,0,Goat,"Galla Goat, Cross",Female,Adult,BDT070820,BSR013524,AVAQ55046,Hola,brucella,Irrigated,negative
1841,55046,104.5,11,0,0,0,Goat,"Galla Goat, Cross",Female,Adult,BDT070820,BSR013524,AVAQ55046,Hola,qfever,Irrigated,negative
1841,54138,104.5,11,0,0,0,Goat,"Galla Goat, Cross",Female,Adult,BDT070815,BSR013514,AVAQ54138,Hola,rvf,Irrigated,negative
1841,55207,104.5,11,0,0,0,Goat,"Galla Goat, Cross",Female,Adult,BDT070844,BSR013497,AVAQ55207,Hola,qfever,Irrigated,negative
1841,55207,104.5,11,0,0,0,Goat,"Galla Goat, Cross",Female,Adult,BDT070844,BSR013497,AVAQ55207,Hola,brucella,Irrigated,negative
1841,54308,104.5,11,0,0,0,Goat,"Galla Goat, Cross",Female,Adult,BDT070843,BSR013521,AVAQ54308,Hola,brucella,Irrigated,negative
1841,54308,104.5,11,0,0,0,Goat,"Galla Goat, Cross",Female,Adult,BDT070843,BSR013521,AVAQ54308,Hola,qfever,Irrigated,negative
1841,54308,104.5,11,0,0,0,Goat,"Galla Goat, Cross",Female,Adult,BDT070843,BSR013521,AVAQ54308,Hola,rvf,Irrigated,negative
1841,58282,104.5,11,0,0,0,Goat,"Galla Goat, Cross",Female,Adult,BDT070816,BSR013483,AVAQ58282,Hola,qfever,Irrigated,negative
1841,55046,104.5,11,0,0,0,Goat,"Galla Goat, Cross",Female,Adult,BDT070820,BSR013524,AVAQ55046,Hola,rvf,Irrigated,negative
1841,54138,104.5,11,0,0,0,Goat,"Galla Goat, Cross",Female,Adult,BDT070815,BSR013514,AVAQ54138,Hola,qfever,Irrigated,negative
1841,58282,104.5,11,0,0,0,Goat,"Galla Goat, Cross",Female,Adult,BDT070816,BSR013483,AVAQ58282,Hola,brucella,Irrigated,negative
1966,58335,97.9,1,3,0,0,Sheep,Black Head Persian,Female,Null,BDT070465,BSR013564,AVAQ58335,Hola,qfever,Irrigated,negative
1966,54524,97.9,1,3,0,0,Sheep,Black Head Persian,Female,Null,BDT070472,BSR013557,AVAQ54524,Hola,qfever,Irrigated,negative
1966,54524,97.9,1,3,0,0,Sheep,Black Head Persian,Female,Null,BDT070472,BSR013557,AVAQ54524,Hola,brucella,Irrigated,negative
1966,54524,97.9,1,3,0,0,Sheep,Black Head Persian,Female,Null,BDT070472,BSR013557,AVAQ54524,Hola,rvf,Irrigated,negative
1966,54661,97.9,1,3,0,0,Goat,Small East African Goat,Female,Null,BDT070490,BSR013562,AVAQ54661,Hola,qfever,Irrigated,negative
1966,54661,97.9,1,3,0,0,Goat,Small East African Goat,Female,Null,BDT070490,BSR013562,AVAQ54661,Hola,rvf,Irrigated,negative
1966,54661,97.9,1,3,0,0,Goat,Small East African Goat,Female,Null,BDT070490,BSR013562,AVAQ54661,Hola,brucella,Irrigated,negative
1966,58335,97.9,1,3,0,0,Sheep,Black Head Persian,Female,Null,BDT070465,BSR013564,AVAQ58335,Hola,brucella,Irrigated,negative
1966,58335,97.9,1,3,0,0,Sheep,Black Head Persian,Female,Null,BDT070465,BSR013564,AVAQ58335,Hola,rvf,Irrigated,negative
1975,54670,108.4,25,20,0,0,Goat,Small East African Goat,Female,Null,BDT071044,BSR013838,AVAQ54670,Hola,brucella,Irrigated,negative
1975,58321,108.4,25,20,0,0,Goat,Small East African Goat,Male,Null,BDT071031,BSR013872,AVAQ58321,Hola,qfever,Irrigated,negative
1975,54605,108.4,25,20,0,0,Goat,Cross,Female,Null,BDT071010,BSR013865,AVAQ54605,Hola,rvf,Irrigated,negative
1975,54627,108.4,25,20,0,0,Goat,Small East African Goat,Female,Null,BDT071023,BSR013843,AVAQ54627,Hola,brucella,Irrigated,negative
1975,55420,108.4,25,20,0,0,Sheep,Black Head Persian,Female,Null,BDT071009,BSR013829,AVAQ55420,Hola,brucella,Irrigated,negative
1975,58343,108.4,25,20,0,0,Goat,Cross,Female,Null,BDT071058,BSR013873,AVAQ58343,Hola,qfever,Irrigated,negative
1975,54714,108.4,25,20,0,0,Goat,Small East African Goat,Male,Null,BDT071018,BSR013851,AVAQ54714,Hola,qfever,Irrigated,negative
1975,55624,108.4,25,20,0,0,Goat,Small East African Goat,Female,Null,BDT070487,BSR013539,AVAQ55624,Hola,qfever,Irrigated,negative
1975,54557,108.4,25,20,0,0,Goat,Small East African Goat,Female,Null,BDT071014,BSR013833,AVAQ54557,Hola,rvf,Irrigated,negative
1975,55104,108.4,25,20,0,0,Goat,Small East African Goat,Female,Null,BDT070474,BSR013551,AVAQ55104,Hola,brucella,Irrigated,negative
1975,54714,108.4,25,20,0,0,Goat,Small East African Goat,Male,Null,BDT071018,BSR013851,AVAQ54714,Hola,rvf,Irrigated,negative
1975,54564,108.4,25,20,0,0,Goat,Small East African Goat,Female,Null,BDT071012,BSR013827,AVAQ54564,Hola,qfever,Irrigated,negative
1975,54482,108.4,25,20,0,0,Goat,Small East African Goat,Female,Null,BDT071016,BSR013846,AVAQ54482,Hola,rvf,Irrigated,negative
1975,53986,108.4,25,20,0,0,Goat,Cross,Male,Null,BDT071032,BSR013848,AVAQ53986,Hola,qfever,Irrigated,negative
1975,54243,108.4,25,20,0,0,Goat,Small East African Goat,Female,Null,BDT071047,BSR013859,AVAQ54243,Hola,qfever,Irrigated,negative
1975,55385,108.4,25,20,0,0,Goat,Small East African Goat,Female,Null,BDT071037,BSR013832,AVAQ55385,Hola,rvf,Irrigated,negative
1975,54557,108.4,25,20,0,0,Goat,Small East African Goat,Female,Null,BDT071014,BSR013833,AVAQ54557,Hola,qfever,Irrigated,positive
1975,54559,108.4,25,20,0,0,Goat,Small East African Goat,Male,Null,BDT070491,BSR013544,AVAQ54559,Hola,brucella,Irrigated,negative
1975,54627,108.4,25,20,0,0,Goat,Small East African Goat,Female,Null,BDT071023,BSR013843,AVAQ54627,Hola,rvf,Irrigated,positive
1975,55616,108.4,25,20,0,0,Goat,Small East African Goat,Female,Null,BDT070501,BSR013546,AVAQ55616,Hola,rvf,Irrigated,positive
1975,55420,108.4,25,20,0,0,Sheep,Black Head Persian,Female,Null,BDT071009,BSR013829,AVAQ55420,Hola,qfever,Irrigated,negative
1975,55616,108.4,25,20,0,0,Goat,Small East African Goat,Female,Null,BDT070501,BSR013546,AVAQ55616,Hola,brucella,Irrigated,negative
1975,58343,108.4,25,20,0,0,Goat,Cross,Female,Null,BDT071058,BSR013873,AVAQ58343,Hola,rvf,Irrigated,negative
1975,54243,108.4,25,20,0,0,Goat,Small East African Goat,Female,Null,BDT071047,BSR013859,AVAQ54243,Hola,rvf,Irrigated,negative
1975,54557,108.4,25,20,0,0,Goat,Small East African Goat,Female,Null,BDT071014,BSR013833,AVAQ54557,Hola,brucella,Irrigated,negative
1975,55397,108.4,25,20,0,0,Goat,Small East African Goat,Female,Null,BDT070461,BSR013530,AVAQ55397,Hola,brucella,Irrigated,negative
1975,58321,108.4,25,20,0,0,Goat,Small East African Goat,Male,Null,BDT071031,BSR013872,AVAQ58321,Hola,brucella,Irrigated,negative
1975,53954,108.4,25,20,0,0,Sheep,Black Head Persian,Female,Null,BDT071013,BSR013858,AVAQ53954,Hola,brucella,Irrigated,negative
1975,54482,108.4,25,20,0,0,Goat,Small East African Goat,Female,Null,BDT071016,BSR013846,AVAQ54482,Hola,qfever,Irrigated,negative
1975,55684,108.4,25,20,0,0,Goat,Small East African Goat,Female,Null,BDT070476,BSR013558,AVAQ55684,Hola,brucella,Irrigated,negative
1975,55743,108.4,25,20,0,0,Goat,Small East African Goat,Female,Null,BDT071011,BSR013863,AVAQ55743,Hola,qfever,Irrigated,negative
1975,58321,108.4,25,20,0,0,Goat,Small East African Goat,Male,Null,BDT071031,BSR013872,AVAQ58321,Hola,rvf,Irrigated,negative
1975,54559,108.4,25,20,0,0,Goat,Small East African Goat,Male,Null,BDT070491,BSR013544,AVAQ54559,Hola,qfever,Irrigated,negative
1975,53950,108.4,25,20,0,0,Goat,Small East African Goat,Female,Null,BDT071015,BSR013830,AVAQ53950,Hola,rvf,Irrigated,positive
1975,55684,108.4,25,20,0,0,Goat,Small East African Goat,Female,Null,BDT070476,BSR013558,AVAQ55684,Hola,rvf,Irrigated,positive
1975,54564,108.4,25,20,0,0,Goat,Small East African Goat,Female,Null,BDT071012,BSR013827,AVAQ54564,Hola,rvf,Irrigated,negative
1975,54670,108.4,25,20,0,0,Goat,Small East African Goat,Female,Null,BDT071044,BSR013838,AVAQ54670,Hola,qfever,Irrigated,negative
1975,54636,108.4,25,20,0,0,Goat,Small East African Goat,Female,Null,BDT071035,BSR013839,AVAQ54636,Hola,rvf,Irrigated,positive
1975,54037,108.4,25,20,0,0,Goat,Small East African Goat,Female,Null,BDT071049,BSR013828,AVAQ54037,Hola,qfever,Irrigated,negative
1975,54607,108.4,25,20,0,0,Goat,Cross,Female,Null,BDT071022,BSR013834,AVAQ54607,Hola,rvf,Irrigated,positive
1975,54714,108.4,25,20,0,0,Goat,Small East African Goat,Male,Null,BDT071018,BSR013851,AVAQ54714,Hola,brucella,Irrigated,negative
1975,55397,108.4,25,20,0,0,Goat,Small East African Goat,Female,Null,BDT070461,BSR013530,AVAQ55397,Hola,qfever,Irrigated,negative
1975,55657,108.4,25,20,0,0,Goat,Small East African Goat,Male,Null,BDT071029,BSR013825,AVAQ55657,Hola,rvf,Irrigated,negative
1975,55385,108.4,25,20,0,0,Goat,Small East African Goat,Female,Null,BDT071037,BSR013832,AVAQ55385,Hola,qfever,Irrigated,negative
1975,55110,108.4,25,20,0,0,Goat,Small East African Goat,Female,Null,BDT071041,BSR013856,AVAQ55110,Hola,brucella,Irrigated,negative
1975,53986,108.4,25,20,0,0,Goat,Cross,Male,Null,BDT071032,BSR013848,AVAQ53986,Hola,rvf,Irrigated,negative
1975,55454,108.4,25,20,0,0,Goat,Small East African Goat,Female,Null,BDT071055,BSR013845,AVAQ55454,Hola,rvf,Irrigated,positive
1975,55455,108.4,25,20,0,0,Goat,Small East African Goat,Female,Null,null,BSR013549,AVAQ55455,Hola,qfever,Irrigated,negative
1975,54482,108.4,25,20,0,0,Goat,Small East African Goat,Female,Null,BDT071016,BSR013846,AVAQ54482,Hola,brucella,Irrigated,negative
1975,53954,108.4,25,20,0,0,Sheep,Black Head Persian,Female,Null,BDT071013,BSR013858,AVAQ53954,Hola,qfever,Irrigated,negative
1975,55454,108.4,25,20,0,0,Goat,Small East African Goat,Female,Null,BDT071055,BSR013845,AVAQ55454,Hola,qfever,Irrigated,negative
1975,55104,108.4,25,20,0,0,Goat,Small East African Goat,Female,Null,BDT070474,BSR013551,AVAQ55104,Hola,qfever,Irrigated,negative
1975,55657,108.4,25,20,0,0,Goat,Small East African Goat,Male,Null,BDT071029,BSR013825,AVAQ55657,Hola,brucella,Irrigated,negative
1975,55624,108.4,25,20,0,0,Goat,Small East African Goat,Female,Null,BDT070487,BSR013539,AVAQ55624,Hola,rvf,Irrigated,positive
1975,54243,108.4,25,20,0,0,Goat,Small East African Goat,Female,Null,BDT071047,BSR013859,AVAQ54243,Hola,brucella,Irrigated,negative
1975,55455,108.4,25,20,0,0,Goat,Small East African Goat,Female,Null,null,BSR013549,AVAQ55455,Hola,rvf,Irrigated,negative
1975,55624,108.4,25,20,0,0,Goat,Small East African Goat,Female,Null,BDT070487,BSR013539,AVAQ55624,Hola,brucella,Irrigated,negative
1975,54607,108.4,25,20,0,0,Goat,Cross,Female,Null,BDT071022,BSR013834,AVAQ54607,Hola,qfever,Irrigated,negative
1975,54564,108.4,25,20,0,0,Goat,Small East African Goat,Female,Null,BDT071012,BSR013827,AVAQ54564,Hola,brucella,Irrigated,negative
1975,54605,108.4,25,20,0,0,Goat,Cross,Female,Null,BDT071010,BSR013865,AVAQ54605,Hola,brucella,Irrigated,negative
1975,55743,108.4,25,20,0,0,Goat,Small East African Goat,Female,Null,BDT071011,BSR013863,AVAQ55743,Hola,brucella,Irrigated,negative
1975,55454,108.4,25,20,0,0,Goat,Small East African Goat,Female,Null,BDT071055,BSR013845,AVAQ55454,Hola,brucella,Irrigated,negative
1975,53950,108.4,25,20,0,0,Goat,Small East African Goat,Female,Null,BDT071015,BSR013830,AVAQ53950,Hola,brucella,Irrigated,negative
1975,55616,108.4,25,20,0,0,Goat,Small East African Goat,Female,Null,BDT070501,BSR013546,AVAQ55616,Hola,qfever,Irrigated,negative
1975,54670,108.4,25,20,0,0,Goat,Small East African Goat,Female,Null,BDT071044,BSR013838,AVAQ54670,Hola,rvf,Irrigated,negative
1975,55110,108.4,25,20,0,0,Goat,Small East African Goat,Female,Null,BDT071041,BSR013856,AVAQ55110,Hola,qfever,Irrigated,negative
1975,54636,108.4,25,20,0,0,Goat,Small East African Goat,Female,Null,BDT071035,BSR013839,AVAQ54636,Hola,brucella,Irrigated,negative
1975,54559,108.4,25,20,0,0,Goat,Small East African Goat,Male,Null,BDT070491,BSR013544,AVAQ54559,Hola,rvf,Irrigated,negative
1975,55110,108.4,25,20,0,0,Goat,Small East African Goat,Female,Null,BDT071041,BSR013856,AVAQ55110,Hola,rvf,Irrigated,negative
1975,54605,108.4,25,20,0,0,Goat,Cross,Female,Null,BDT071010,BSR013865,AVAQ54605,Hola,qfever,Irrigated,negative
1975,54037,108.4,25,20,0,0,Goat,Small East African Goat,Female,Null,BDT071049,BSR013828,AVAQ54037,Hola,rvf,Irrigated,negative
1975,55420,108.4,25,20,0,0,Sheep,Black Head Persian,Female,Null,BDT071009,BSR013829,AVAQ55420,Hola,rvf,Irrigated,negative
1975,55743,108.4,25,20,0,0,Goat,Small East African Goat,Female,Null,BDT071011,BSR013863,AVAQ55743,Hola,rvf,Irrigated,negative
1975,54037,108.4,25,20,0,0,Goat,Small East African Goat,Female,Null,BDT071049,BSR013828,AVAQ54037,Hola,brucella,Irrigated,negative
1975,53950,108.4,25,20,0,0,Goat,Small East African Goat,Female,Null,BDT071015,BSR013830,AVAQ53950,Hola,qfever,Irrigated,negative
1975,54636,108.4,25,20,0,0,Goat,Small East African Goat,Female,Null,BDT071035,BSR013839,AVAQ54636,Hola,qfever,Irrigated,positive
1975,53954,108.4,25,20,0,0,Sheep,Black Head Persian,Female,Null,BDT071013,BSR013858,AVAQ53954,Hola,rvf,Irrigated,positive
1975,55385,108.4,25,20,0,0,Goat,Small East African Goat,Female,Null,BDT071037,BSR013832,AVAQ55385,Hola,brucella,Irrigated,negative
1975,55684,108.4,25,20,0,0,Goat,Small East African Goat,Female,Null,BDT070476,BSR013558,AVAQ55684,Hola,qfever,Irrigated,negative
1975,55455,108.4,25,20,0,0,Goat,Small East African Goat,Female,Null,null,BSR013549,AVAQ55455,Hola,brucella,Irrigated,negative
1975,54607,108.4,25,20,0,0,Goat,Cross,Female,Null,BDT071022,BSR013834,AVAQ54607,Hola,brucella,Irrigated,negative
1975,53986,108.4,25,20,0,0,Goat,Cross,Male,Null,BDT071032,BSR013848,AVAQ53986,Hola,brucella,Irrigated,negative
1975,55397,108.4,25,20,0,0,Goat,Small East African Goat,Female,Null,BDT070461,BSR013530,AVAQ55397,Hola,rvf,Irrigated,negative
1975,54627,108.4,25,20,0,0,Goat,Small East African Goat,Female,Null,BDT071023,BSR013843,AVAQ54627,Hola,qfever,Irrigated,negative
1975,55104,108.4,25,20,0,0,Goat,Small East African Goat,Female,Null,BDT070474,BSR013551,AVAQ55104,Hola,rvf,Irrigated,negative
1975,55657,108.4,25,20,0,0,Goat,Small East African Goat,Male,Null,BDT071029,BSR013825,AVAQ55657,Hola,qfever,Irrigated,negative
1975,58343,108.4,25,20,0,0,Goat,Cross,Female,Null,BDT071058,BSR013873,AVAQ58343,Hola,brucella,Irrigated,negative
2018,55441,103.4,,,,,Sheep,Black Head Persian,Female,Null,BDT071028,BSR013840,AVAQ55441,Hola,qfever,,negative
2018,53995,103.4,,,,,Sheep,Black Head Persian,Female,Null,BDT071019,BSR013874,AVAQ53995,Hola,rvf,Irrigated,negative
2018,55441,103.4,,,,,Sheep,Black Head Persian,Female,Null,BDT071028,BSR013840,AVAQ55441,Hola,brucella,,negative
2018,53975,102.1,,,,,Sheep,Black Head Persian,Female,Null,BDT071042,BSR013849,AVAQ53975,Hola,rvf,Irrigated,negative
2018,55762,103.3,,,,,Sheep,Black Head Persian,Female,Null,BDT071021,BSR013844,AVAQ55762,Hola,brucella,Irrigated,negative
2018,55441,103.4,,,,,Sheep,Black Head Persian,Female,Null,BDT071028,BSR013840,AVAQ55441,Hola,rvf,,negative
2018,55762,103.3,,,,,Sheep,Black Head Persian,Female,Null,BDT071021,BSR013844,AVAQ55762,Hola,rvf,Irrigated,negative
2018,55762,103.3,,,,,Sheep,Black Head Persian,Female,Null,BDT071021,BSR013844,AVAQ55762,Hola,qfever,Irrigated,negative
2018,53995,103.4,,,,,Sheep,Black Head Persian,Female,Null,BDT071019,BSR013874,AVAQ53995,Hola,qfever,Irrigated,negative
2018,53975,102.1,,,,,Sheep,Black Head Persian,Female,Null,BDT071042,BSR013849,AVAQ53975,Hola,qfever,Irrigated,negative
2018,53975,102.1,,,,,Sheep,Black Head Persian,Female,Null,BDT071042,BSR013849,AVAQ53975,Hola,brucella,Irrigated,negative
2018,53995,103.4,,,,,Sheep,Black Head Persian,Female,Null,BDT071019,BSR013874,AVAQ53995,Hola,brucella,Irrigated,negative
2022,55619,101.9,2,0,0,0,Goat,Galla Goat,Female,Null,BDT071024,BSR013841,AVAQ55619,Hola,rvf,Irrigated,negative
2022,54038,101.9,2,0,0,0,Goat,Galla Goat,Female,Null,BDT071036,BSR013855,AVAQ54038,Hola,rvf,Irrigated,positive
2022,55619,101.9,2,0,0,0,Goat,Galla Goat,Female,Null,BDT071024,BSR013841,AVAQ55619,Hola,qfever,Irrigated,negative
2022,54038,101.9,2,0,0,0,Goat,Galla Goat,Female,Null,BDT071036,BSR013855,AVAQ54038,Hola,brucella,Irrigated,negative
2022,54038,101.9,2,0,0,0,Goat,Galla Goat,Female,Null,BDT071036,BSR013855,AVAQ54038,Hola,qfever,Irrigated,negative
2022,55619,101.9,2,0,0,0,Goat,Galla Goat,Female,Null,BDT071024,BSR013841,AVAQ55619,Hola,brucella,Irrigated,negative
2039,54491,106.6,26,0,2,1,Goat,Small East African Goat,Female,Null,BDT071054,BSR013836,AVAQ54491,Hola,brucella,Irrigated,negative
2039,54634,106.6,26,0,2,1,Goat,Small East African Goat,Female,Null,BDT070484,BSR013550,AVAQ54634,Hola,rvf,Irrigated,negative
2039,55416,106.6,26,0,2,1,Cattle,Cross,Female,Kid/Lamb/Calf,BDT071231,BSR014034,AVAQ55416,Hola,qfever,Irrigated,negative
2039,55417,106.6,26,0,2,1,Goat,Small East African Goat,Female,Null,BDT070462,BSR013563,AVAQ55417,Hola,brucella,Irrigated,negative
2039,55601,106.6,26,0,2,1,Goat,Small East African Goat,Female,Null,BDT070492,BSR013555,AVAQ55601,Hola,brucella,Irrigated,negative
2039,55615,106.6,26,0,2,1,Cattle,Cross,Female,Adult,BDT071239,BSR013529,AVAQ55615,Hola,rvf,Irrigated,negative
2039,55626,106.6,26,0,2,1,Goat,Small East African Goat,Male,Null,BDT070502,BSR013561,AVAQ55626,Hola,qfever,Irrigated,negative
2039,53946,106.6,26,0,2,1,Goat,Small East African Goat,Male,Null,BDT070506,BSR013560,AVAQ53946,Hola,brucella,Irrigated,negative
2039,55417,106.6,26,0,2,1,Goat,Small East African Goat,Female,Null,BDT070462,BSR013563,AVAQ55417,Hola,rvf,Irrigated,negative
2039,54648,106.6,26,0,2,1,Goat,Small East African Goat,Female,Null,BDT070483,BSR013566,AVAQ54648,Hola,brucella,Irrigated,negative
2039,54491,106.6,26,0,2,1,Goat,Small East African Goat,Female,Null,BDT071054,BSR013836,AVAQ54491,Hola,rvf,Irrigated,positive
2039,54576,106.6,26,0,2,1,Goat,Small East African Goat,Male,Null,BDT071025,BSR013867,AVAQ54576,Hola,qfever,Irrigated,negative
2039,54472,106.6,26,0,2,1,Goat,Small East African Goat,Female,Null,BDT071043,BSR013852,AVAQ54472,Hola,rvf,Irrigated,positive
2039,54491,106.6,26,0,2,1,Goat,Small East African Goat,Female,Null,BDT071054,BSR013836,AVAQ54491,Hola,qfever,Irrigated,negative
2039,54617,106.6,26,0,2,1,Goat,Small East African Goat,Male,Null,BDT070473,BSR013571,AVAQ54617,Hola,brucella,Irrigated,negative
2039,55673,106.6,26,0,2,1,Goat,Small East African Goat,Female,Null,BDT071053,BSR013862,AVAQ55673,Hola,brucella,Irrigated,negative
2039,55396,106.6,26,0,2,1,Goat,Small East African Goat,Female,Null,BDT071056,BSR013831,AVAQ55396,Hola,brucella,Irrigated,negative
2039,55429,106.6,26,0,2,1,Goat,Small East African Goat,Female,Null,BDT070508,BSR013554,AVAQ55429,Hola,brucella,Irrigated,negative
2039,54617,106.6,26,0,2,1,Goat,Small East African Goat,Male,Null,BDT070473,BSR013571,AVAQ54617,Hola,rvf,Irrigated,negative
2039,54569,106.6,26,0,2,1,Goat,Small East African Goat,Female,Null,BDT070468,BSR013556,AVAQ54569,Hola,brucella,Irrigated,negative
2039,54005,106.6,26,0,2,1,Goat,Small East African Goat,Male,Null,BDT071045,BSR013860,AVAQ54005,Hola,rvf,Irrigated,negative
2039,54648,106.6,26,0,2,1,Goat,Small East African Goat,Female,Null,BDT070483,BSR013566,AVAQ54648,Hola,qfever,Irrigated,negative
2039,54005,106.6,26,0,2,1,Goat,Small East African Goat,Male,Null,BDT071045,BSR013860,AVAQ54005,Hola,brucella,Irrigated,negative
2039,55673,106.6,26,0,2,1,Goat,Small East African Goat,Female,Null,BDT071053,BSR013862,AVAQ55673,Hola,qfever,Irrigated,positive
2039,55673,106.6,26,0,2,1,Goat,Small East African Goat,Female,Null,BDT071053,BSR013862,AVAQ55673,Hola,rvf,Irrigated,negative
2039,55615,106.6,26,0,2,1,Cattle,Cross,Female,Adult,BDT071239,BSR013529,AVAQ55615,Hola,brucella,Irrigated,negative
2039,54576,106.6,26,0,2,1,Goat,Small East African Goat,Male,Null,BDT071025,BSR013867,AVAQ54576,Hola,rvf,Irrigated,negative
2039,54617,106.6,26,0,2,1,Goat,Small East African Goat,Male,Null,BDT070473,BSR013571,AVAQ54617,Hola,qfever,Irrigated,negative
2039,55429,106.6,26,0,2,1,Goat,Small East African Goat,Female,Null,BDT070508,BSR013554,AVAQ55429,Hola,qfever,Irrigated,positive
2039,55601,106.6,26,0,2,1,Goat,Small East African Goat,Female,Null,BDT070492,BSR013555,AVAQ55601,Hola,rvf,Irrigated,positive
2039,55429,106.6,26,0,2,1,Goat,Small East African Goat,Female,Null,BDT070508,BSR013554,AVAQ55429,Hola,rvf,Irrigated,positive
2039,55396,106.6,26,0,2,1,Goat,Small East African Goat,Female,Null,BDT071056,BSR013831,AVAQ55396,Hola,qfever,Irrigated,negative
2039,55615,106.6,26,0,2,1,Cattle,Cross,Female,Adult,BDT071239,BSR013529,AVAQ55615,Hola,qfever,Irrigated,negative
2039,54648,106.6,26,0,2,1,Goat,Small East African Goat,Female,Null,BDT070483,BSR013566,AVAQ54648,Hola,rvf,Irrigated,positive
2039,55416,106.6,26,0,2,1,Cattle,Cross,Female,Kid/Lamb/Calf,BDT071231,BSR014034,AVAQ55416,Hola,rvf,Irrigated,negative
2039,54634,106.6,26,0,2,1,Goat,Small East African Goat,Female,Null,BDT070484,BSR013550,AVAQ54634,Hola,qfever,Irrigated,negative
2039,55416,106.6,26,0,2,1,Cattle,Cross,Female,Kid/Lamb/Calf,BDT071231,BSR014034,AVAQ55416,Hola,brucella,Irrigated,negative
2039,53946,106.6,26,0,2,1,Goat,Small East African Goat,Male,Null,BDT070506,BSR013560,AVAQ53946,Hola,rvf,Irrigated,negative
2039,55396,106.6,26,0,2,1,Goat,Small East African Goat,Female,Null,BDT071056,BSR013831,AVAQ55396,Hola,rvf,Irrigated,negative
2039,55626,106.6,26,0,2,1,Goat,Small East African Goat,Male,Null,BDT070502,BSR013561,AVAQ55626,Hola,brucella,Irrigated,negative
2039,54472,106.6,26,0,2,1,Goat,Small East African Goat,Female,Null,BDT071043,BSR013852,AVAQ54472,Hola,brucella,Irrigated,negative
2039,54569,106.6,26,0,2,1,Goat,Small East African Goat,Female,Null,BDT070468,BSR013556,AVAQ54569,Hola,qfever,Irrigated,negative
2039,54634,106.6,26,0,2,1,Goat,Small East African Goat,Female,Null,BDT070484,BSR013550,AVAQ54634,Hola,brucella,Irrigated,negative
2039,55626,106.6,26,0,2,1,Goat,Small East African Goat,Male,Null,BDT070502,BSR013561,AVAQ55626,Hola,rvf,Irrigated,negative
2039,55417,106.6,26,0,2,1,Goat,Small East African Goat,Female,Null,BDT070462,BSR013563,AVAQ55417,Hola,qfever,Irrigated,negative
2039,53946,106.6,26,0,2,1,Goat,Small East African Goat,Male,Null,BDT070506,BSR013560,AVAQ53946,Hola,qfever,Irrigated,negative
2039,54472,106.6,26,0,2,1,Goat,Small East African Goat,Female,Null,BDT071043,BSR013852,AVAQ54472,Hola,qfever,Irrigated,negative
2039,54569,106.6,26,0,2,1,Goat,Small East African Goat,Female,Null,BDT070468,BSR013556,AVAQ54569,Hola,rvf,Irrigated,positive
2039,55601,106.6,26,0,2,1,Goat,Small East African Goat,Female,Null,BDT070492,BSR013555,AVAQ55601,Hola,qfever,Irrigated,negative
2039,54005,106.6,26,0,2,1,Goat,Small East African Goat,Male,Null,BDT071045,BSR013860,AVAQ54005,Hola,qfever,Irrigated,negative
2039,54576,106.6,26,0,2,1,Goat,Small East African Goat,Male,Null,BDT071025,BSR013867,AVAQ54576,Hola,brucella,Irrigated,negative
2057,55663,105.9,,,,,Goat,Cross,Female,Null,BDT071027,BSR013854,AVAQ55663,Hola,qfever,Irrigated,negative
2057,55101,106,,,,,Goat,Cross,Female,Null,BDT071033,BSR013850,AVAQ55101,Hola,brucella,Irrigated,negative
2057,55701,101.5,,,,,Goat,Cross,Female,Null,BDT071038,BSR013869,AVAQ55701,Hola,qfever,Irrigated,negative
2057,55747,106.3,,,,,Goat,Cross,Female,Null,BDT071040,BSR013842,AVAQ55747,Hola,qfever,Irrigated,negative
2057,54637,105.6,,,,,Goat,Cross,Female,Null,BDT071057,BSR013853,AVAQ54637,Hola,rvf,Irrigated,negative
2057,54230,105.6,,,,,Goat,Cross,Female,Null,BDT071034,BSR013857,AVAQ54230,Hola,rvf,Irrigated,positive
2057,55728,106.3,,,,,Goat,Cross,Male,Null,BDT071017,BSR013868,AVAQ55728,Hola,brucella,Irrigated,negative
2057,55756,106.1,,,,,Goat,Cross,Female,Null,BDT071039,BSR013866,AVAQ55756,Hola,qfever,Irrigated,negative
2057,58344,105.7,,,,,Goat,Cross,Male,Null,BDT071048,BSR013871,AVAQ58344,Hola,qfever,Irrigated,negative
2057,55701,101.5,,,,,Goat,Cross,Female,Null,BDT071038,BSR013869,AVAQ55701,Hola,rvf,Irrigated,positive
2057,55728,106.3,,,,,Goat,Cross,Male,Null,BDT071017,BSR013868,AVAQ55728,Hola,rvf,Irrigated,negative
2057,54553,105.8,,,,,Goat,Cross,Male,Null,BDT071051,BSR013864,AVAQ54553,Hola,rvf,Irrigated,positive
2057,54637,105.6,,,,,Goat,Cross,Female,Null,BDT071057,BSR013853,AVAQ54637,Hola,qfever,Irrigated,negative
2057,55728,106.3,,,,,Goat,Cross,Male,Null,BDT071017,BSR013868,AVAQ55728,Hola,qfever,Irrigated,negative
2057,55747,106.3,,,,,Goat,Cross,Female,Null,BDT071040,BSR013842,AVAQ55747,Hola,brucella,Irrigated,negative
2057,55756,106.1,,,,,Goat,Cross,Female,Null,BDT071039,BSR013866,AVAQ55756,Hola,brucella,Irrigated,negative
2057,55663,105.9,,,,,Goat,Cross,Female,Null,BDT071027,BSR013854,AVAQ55663,Hola,brucella,Irrigated,negative
2057,54230,105.6,,,,,Goat,Cross,Female,Null,BDT071034,BSR013857,AVAQ54230,Hola,brucella,Irrigated,negative
2057,54553,105.8,,,,,Goat,Cross,Male,Null,BDT071051,BSR013864,AVAQ54553,Hola,qfever,Irrigated,negative
2057,54553,105.8,,,,,Goat,Cross,Male,Null,BDT071051,BSR013864,AVAQ54553,Hola,brucella,Irrigated,negative
2057,54230,105.6,,,,,Goat,Cross,Female,Null,BDT071034,BSR013857,AVAQ54230,Hola,qfever,Irrigated,negative
2057,54637,105.6,,,,,Goat,Cross,Female,Null,BDT071057,BSR013853,AVAQ54637,Hola,brucella,Irrigated,negative
2057,55756,106.1,,,,,Goat,Cross,Female,Null,BDT071039,BSR013866,AVAQ55756,Hola,rvf,Irrigated,negative
2057,58344,105.7,,,,,Goat,Cross,Male,Null,BDT071048,BSR013871,AVAQ58344,Hola,brucella,Irrigated,negative
2057,55101,106,,,,,Goat,Cross,Female,Null,BDT071033,BSR013850,AVAQ55101,Hola,rvf,Irrigated,positive
2057,55747,106.3,,,,,Goat,Cross,Female,Null,BDT071040,BSR013842,AVAQ55747,Hola,rvf,Irrigated,negative
2057,55101,106,,,,,Goat,Cross,Female,Null,BDT071033,BSR013850,AVAQ55101,Hola,qfever,Irrigated,negative
2057,55701,101.5,,,,,Goat,Cross,Female,Null,BDT071038,BSR013869,AVAQ55701,Hola,brucella,Irrigated,negative
2057,55663,105.9,,,,,Goat,Cross,Female,Null,BDT071027,BSR013854,AVAQ55663,Hola,rvf,Irrigated,positive
2057,58344,105.7,,,,,Goat,Cross,Male,Null,BDT071048,BSR013871,AVAQ58344,Hola,rvf,Irrigated,negative
2060,55150,105.5,3,2,0,0,Sheep,Black Head Persian,Female,Null,BDT071050,BSR013835,AVAQ55150,Hola,rvf,Irrigated,positive
2060,54676,105.5,3,2,0,0,Goat,Galla Goat,Female,Null,BDT071020,BSR013861,AVAQ54676,Hola,brucella,Irrigated,negative
2060,55752,105.5,3,2,0,0,Goat,Small East African Goat,Female,Null,BDT071046,BSR013870,AVAQ55752,Hola,qfever,Irrigated,negative
2060,54235,105.5,3,2,0,0,Sheep,Black Head Persian,Female,Null,BDT071026,BSR013847,AVAQ54235,Hola,rvf,Irrigated,negative
2060,54235,105.5,3,2,0,0,Sheep,Black Head Persian,Female,Null,BDT071026,BSR013847,AVAQ54235,Hola,qfever,Irrigated,negative
2060,55106,105.5,3,2,0,0,Goat,Small East African Goat,Female,Null,BDT071030,BSR013837,AVAQ55106,Hola,qfever,Irrigated,negative
2060,54676,105.5,3,2,0,0,Goat,Galla Goat,Female,Null,BDT071020,BSR013861,AVAQ54676,Hola,qfever,Irrigated,negative
2060,55106,105.5,3,2,0,0,Goat,Small East African Goat,Female,Null,BDT071030,BSR013837,AVAQ55106,Hola,brucella,Irrigated,negative
2060,55106,105.5,3,2,0,0,Goat,Small East African Goat,Female,Null,BDT071030,BSR013837,AVAQ55106,Hola,rvf,Irrigated,negative
2060,54235,105.5,3,2,0,0,Sheep,Black Head Persian,Female,Null,BDT071026,BSR013847,AVAQ54235,Hola,brucella,Irrigated,negative
2060,55150,105.5,3,2,0,0,Sheep,Black Head Persian,Female,Null,BDT071050,BSR013835,AVAQ55150,Hola,qfever,Irrigated,negative
2060,55752,105.5,3,2,0,0,Goat,Small East African Goat,Female,Null,BDT071046,BSR013870,AVAQ55752,Hola,brucella,Irrigated,negative
2060,55752,105.5,3,2,0,0,Goat,Small East African Goat,Female,Null,BDT071046,BSR013870,AVAQ55752,Hola,rvf,Irrigated,negative
2060,55150,105.5,3,2,0,0,Sheep,Black Head Persian,Female,Null,BDT071050,BSR013835,AVAQ55150,Hola,brucella,Irrigated,negative
2060,54676,105.5,3,2,0,0,Goat,Galla Goat,Female,Null,BDT071020,BSR013861,AVAQ54676,Hola,rvf,Irrigated,positive
2065,55614,106.5,10,0,0,0,Goat,Cross,Female,Weaner,BDT070503,BSR013547,AVAQ55614,Hola,brucella,Irrigated,negative
2065,55614,106.5,10,0,0,0,Goat,Cross,Female,Weaner,BDT070503,BSR013547,AVAQ55614,Hola,rvf,Irrigated,negative
2065,55413,106.5,10,0,0,0,Goat,Cross,Female,Adult,BDT070485,BSR013567,AVAQ55413,Hola,brucella,Irrigated,negative
2065,55669,106.5,10,0,0,0,Goat,Small East African Goat,Female,Weaner,BDT070460,BSR013574,AVAQ55669,Hola,brucella,Irrigated,negative
2065,55669,106.5,10,0,0,0,Goat,Small East African Goat,Female,Weaner,BDT070460,BSR013574,AVAQ55669,Hola,qfever,Irrigated,negative
2065,55450,106.5,10,0,0,0,Goat,Small East African Goat,Female,Adult,BDT070495,BSR013568,AVAQ55450,Hola,qfever,Irrigated,positive
2065,55450,106.5,10,0,0,0,Goat,Small East African Goat,Female,Adult,BDT070495,BSR013568,AVAQ55450,Hola,brucella,Irrigated,negative
2065,55669,106.5,10,0,0,0,Goat,Small East African Goat,Female,Weaner,BDT070460,BSR013574,AVAQ55669,Hola,rvf,Irrigated,negative
2065,54622,106.5,10,0,0,0,Goat,Small East African Goat,Female,Weaner,BDT070478,BSR013570,AVAQ54622,Hola,brucella,Irrigated,negative
2065,55147,106.5,10,0,0,0,Goat,Cross,Male,Adult,BDT070466,BSR013559,AVAQ55147,Hola,rvf,Irrigated,negative
2065,55413,106.5,10,0,0,0,Goat,Cross,Female,Adult,BDT070485,BSR013567,AVAQ55413,Hola,rvf,Irrigated,positive
2065,54622,106.5,10,0,0,0,Goat,Small East African Goat,Female,Weaner,BDT070478,BSR013570,AVAQ54622,Hola,qfever,Irrigated,negative
2065,55406,106.5,10,0,0,0,Goat,Cross,Male,Adult,BDT070479,BSR013548,AVAQ55406,Hola,qfever,Irrigated,negative
2065,55147,106.5,10,0,0,0,Goat,Cross,Male,Adult,BDT070466,BSR013559,AVAQ55147,Hola,qfever,Irrigated,negative
2065,54622,106.5,10,0,0,0,Goat,Small East African Goat,Female,Weaner,BDT070478,BSR013570,AVAQ54622,Hola,rvf,Irrigated,negative
2065,54671,106.5,10,0,0,0,Goat,Cross,Female,Adult,BDT070507,BSR013573,AVAQ54671,Hola,brucella,Irrigated,negative
2065,55398,106.5,10,0,0,0,Goat,Small East African Goat,Male,Adult,BDT070505,BSR013545,AVAQ55398,Hola,brucella,Irrigated,negative
2065,55614,106.5,10,0,0,0,Goat,Cross,Female,Weaner,BDT070503,BSR013547,AVAQ55614,Hola,qfever,Irrigated,negative
2065,54671,106.5,10,0,0,0,Goat,Cross,Female,Adult,BDT070507,BSR013573,AVAQ54671,Hola,qfever,Irrigated,negative
2065,55413,106.5,10,0,0,0,Goat,Cross,Female,Adult,BDT070485,BSR013567,AVAQ55413,Hola,qfever,Irrigated,negative
2065,55398,106.5,10,0,0,0,Goat,Small East African Goat,Male,Adult,BDT070505,BSR013545,AVAQ55398,Hola,rvf,Irrigated,negative
2065,55406,106.5,10,0,0,0,Goat,Cross,Male,Adult,BDT070479,BSR013548,AVAQ55406,Hola,brucella,Irrigated,negative
2065,55450,106.5,10,0,0,0,Goat,Small East African Goat,Female,Adult,BDT070495,BSR013568,AVAQ55450,Hola,rvf,Irrigated,negative
2065,55147,106.5,10,0,0,0,Goat,Cross,Male,Adult,BDT070466,BSR013559,AVAQ55147,Hola,brucella,Irrigated,negative
2065,54671,106.5,10,0,0,0,Goat,Cross,Female,Adult,BDT070507,BSR013573,AVAQ54671,Hola,rvf,Irrigated,negative
2065,55390,106.5,10,0,0,0,Goat,Cross,Female,Adult,BDT070471,BSR013538,AVAQ55390,Hola,brucella,Irrigated,negative
2065,55398,106.5,10,0,0,0,Goat,Small East African Goat,Male,Adult,BDT070505,BSR013545,AVAQ55398,Hola,qfever,Irrigated,negative
2065,55390,106.5,10,0,0,0,Goat,Cross,Female,Adult,BDT070471,BSR013538,AVAQ55390,Hola,rvf,Irrigated,positive
2065,55390,106.5,10,0,0,0,Goat,Cross,Female,Adult,BDT070471,BSR013538,AVAQ55390,Hola,qfever,Irrigated,negative
2065,55406,106.5,10,0,0,0,Goat,Cross,Male,Adult,BDT070479,BSR013548,AVAQ55406,Hola,rvf,Irrigated,positive
2257,55152,106.8,9,4,1,0,Goat,Small East African Goat,Male,Adult,BDT070499,BSR013540,AVAQ55152,Hola,qfever,Irrigated,negative
2257,54036,106.8,9,4,1,0,Goat,Cross,Female,Adult,BDT070496,BSR013569,AVAQ54036,Hola,rvf,Irrigated,negative
2257,54495,106.8,9,4,1,0,Goat,Small East African Goat,Female,Adult,BDT070486,BSR013536,AVAQ54495,Hola,rvf,Irrigated,positive
2257,54036,106.8,9,4,1,0,Goat,Cross,Female,Adult,BDT070496,BSR013569,AVAQ54036,Hola,qfever,Irrigated,negative
2257,54036,106.8,9,4,1,0,Goat,Cross,Female,Adult,BDT070496,BSR013569,AVAQ54036,Hola,brucella,Irrigated,negative
2257,55610,106.8,9,4,1,0,Goat,Small East African Goat,Female,Adult,BDT070469,BSR013572,AVAQ55610,Hola,rvf,Irrigated,negative
2257,54573,106.8,9,4,1,0,Goat,Cross,Male,Adult,BDT070493,BSR013527,AVAQ54573,Hola,rvf,Irrigated,negative
2257,54067,106.8,9,4,1,0,Goat,Cross,Female,Adult,BDT070488,BSR013535,AVAQ54067,Hola,rvf,Irrigated,positive
2257,54495,106.8,9,4,1,0,Goat,Small East African Goat,Female,Adult,BDT070486,BSR013536,AVAQ54495,Hola,brucella,Irrigated,negative
2257,55447,106.8,9,4,1,0,Goat,Cross,Female,Adult,BDT070464,BSR013542,AVAQ55447,Hola,brucella,Irrigated,negative
2257,55152,106.8,9,4,1,0,Goat,Small East African Goat,Male,Adult,BDT070499,BSR013540,AVAQ55152,Hola,brucella,Irrigated,negative
2257,55447,106.8,9,4,1,0,Goat,Cross,Female,Adult,BDT070464,BSR013542,AVAQ55447,Hola,rvf,Irrigated,negative
2257,55610,106.8,9,4,1,0,Goat,Small East African Goat,Female,Adult,BDT070469,BSR013572,AVAQ55610,Hola,qfever,Irrigated,negative
2257,55610,106.8,9,4,1,0,Goat,Small East African Goat,Female,Adult,BDT070469,BSR013572,AVAQ55610,Hola,brucella,Irrigated,negative
2257,54573,106.8,9,4,1,0,Goat,Cross,Male,Adult,BDT070493,BSR013527,AVAQ54573,Hola,brucella,Irrigated,negative
2257,54495,106.8,9,4,1,0,Goat,Small East African Goat,Female,Adult,BDT070486,BSR013536,AVAQ54495,Hola,qfever,Irrigated,positive
2257,54067,106.8,9,4,1,0,Goat,Cross,Female,Adult,BDT070488,BSR013535,AVAQ54067,Hola,qfever,Irrigated,negative
2257,55447,106.8,9,4,1,0,Goat,Cross,Female,Adult,BDT070464,BSR013542,AVAQ55447,Hola,qfever,Irrigated,negative
2257,55152,106.8,9,4,1,0,Goat,Small East African Goat,Male,Adult,BDT070499,BSR013540,AVAQ55152,Hola,rvf,Irrigated,negative
2257,54067,106.8,9,4,1,0,Goat,Cross,Female,Adult,BDT070488,BSR013535,AVAQ54067,Hola,brucella,Irrigated,negative
3001,65621,122.8,8,1,11,0,Cattle,Orma Boran,Male,Adult,BDT072804,BSR016077,AVAQ65621,Hola,rvf,Non Irrigated,negative
3001,66568,122.8,8,1,11,0,Goat,"Galla Goat, Cross",Female,Adult,BDT072542,BSR015946,AVAQ66568,Hola,qfever,Non Irrigated,negative
3001,65528,122.8,8,1,11,0,Goat,"Galla Goat, Cross",Female,Adult,BDT072529,BSR015964,AVAQ65528,Hola,brucella,Non Irrigated,negative
3001,66569,122.8,8,1,11,0,Goat,"Galla Goat, Cross",Female,Adult,BDT072536,BSR015970,AVAQ66569,Hola,rvf,Non Irrigated,positive
3001,66534,122.8,8,1,11,0,Cattle,Orma Boran,Female,Adult,BDT072796,BSR016084,AVAQ66534,Hola,qfever,Non Irrigated,negative
3001,65570,122.8,8,1,11,0,Cattle,Orma Boran,Female,Adult,BDT072779,BSR016080,AVAQ65570,Hola,qfever,Non Irrigated,negative
3001,66521,122.8,8,1,11,0,Goat,"Galla Goat, Cross",Female,Weaner,BDT072552,BSR015957,AVAQ66521,Hola,rvf,Non Irrigated,positive
3001,65542,122.8,8,1,11,0,Cattle,Orma Boran,Female,Weaner,BDT072771,BSR016079,AVAQ65542,Hola,qfever,Non Irrigated,negative
3001,65618,122.8,8,1,11,0,Cattle,Orma Boran,Female,Adult,BDT072790,BSR016108,AVAQ65618,Hola,rvf,Non Irrigated,negative
3001,65542,122.8,8,1,11,0,Cattle,Orma Boran,Female,Weaner,BDT072771,BSR016079,AVAQ65542,Hola,brucella,Non Irrigated,negative
3001,66521,122.8,8,1,11,0,Goat,"Galla Goat, Cross",Female,Weaner,BDT072552,BSR015957,AVAQ66521,Hola,qfever,Non Irrigated,negative
3001,66569,122.8,8,1,11,0,Goat,"Galla Goat, Cross",Female,Adult,BDT072536,BSR015970,AVAQ66569,Hola,brucella,Non Irrigated,negative
3001,66637,122.8,8,1,11,0,Goat,"Galla Goat, Cross",Female,Adult,BDT072549,BSR015942,AVAQ66637,Hola,brucella,Non Irrigated,negative
3001,65528,122.8,8,1,11,0,Goat,"Galla Goat, Cross",Female,Adult,BDT072529,BSR015964,AVAQ65528,Hola,qfever,Non Irrigated,negative
3001,65618,122.8,8,1,11,0,Cattle,Orma Boran,Female,Adult,BDT072790,BSR016108,AVAQ65618,Hola,qfever,Non Irrigated,negative
3001,66521,122.8,8,1,11,0,Goat,"Galla Goat, Cross",Female,Weaner,BDT072552,BSR015957,AVAQ66521,Hola,brucella,Non Irrigated,negative
3001,66533,122.8,8,1,11,0,Goat,"Galla Goat, Cross",Female,Weaner,BDT072774,BSR015950,AVAQ66533,Hola,rvf,Non Irrigated,negative
3001,66576,122.8,8,1,11,0,Goat,"Galla Goat, Cross",Female,Adult,BDT072543,BSR015954,AVAQ66576,Hola,brucella,Non Irrigated,negative
3001,66533,122.8,8,1,11,0,Goat,"Galla Goat, Cross",Female,Weaner,BDT072774,BSR015950,AVAQ66533,Hola,qfever,Non Irrigated,negative
3001,65393,122.8,8,1,11,0,Sheep,Black Head Persian,Female,Adult,BDT072558,BSR015941,AVAQ65393,Hola,qfever,Non Irrigated,negative
3001,66568,122.8,8,1,11,0,Goat,"Galla Goat, Cross",Female,Adult,BDT072542,BSR015946,AVAQ66568,Hola,rvf,Non Irrigated,positive
3001,65542,122.8,8,1,11,0,Cattle,Orma Boran,Female,Weaner,BDT072771,BSR016079,AVAQ65542,Hola,rvf,Non Irrigated,negative
3001,66576,122.8,8,1,11,0,Goat,"Galla Goat, Cross",Female,Adult,BDT072543,BSR015954,AVAQ66576,Hola,qfever,Non Irrigated,negative
3001,65528,122.8,8,1,11,0,Goat,"Galla Goat, Cross",Female,Adult,BDT072529,BSR015964,AVAQ65528,Hola,rvf,Non Irrigated,positive
3001,65570,122.8,8,1,11,0,Cattle,Orma Boran,Female,Adult,BDT072779,BSR016080,AVAQ65570,Hola,rvf,Non Irrigated,positive
3001,66637,122.8,8,1,11,0,Goat,"Galla Goat, Cross",Female,Adult,BDT072549,BSR015942,AVAQ66637,Hola,qfever,Non Irrigated,negative
3001,66576,122.8,8,1,11,0,Goat,"Galla Goat, Cross",Female,Adult,BDT072543,BSR015954,AVAQ66576,Hola,rvf,Non Irrigated,negative
3001,65570,122.8,8,1,11,0,Cattle,Orma Boran,Female,Adult,BDT072779,BSR016080,AVAQ65570,Hola,brucella,Non Irrigated,negative
3001,66568,122.8,8,1,11,0,Goat,"Galla Goat, Cross",Female,Adult,BDT072542,BSR015946,AVAQ66568,Hola,brucella,Non Irrigated,negative
3001,66569,122.8,8,1,11,0,Goat,"Galla Goat, Cross",Female,Adult,BDT072536,BSR015970,AVAQ66569,Hola,qfever,Non Irrigated,positive
3001,66637,122.8,8,1,11,0,Goat,"Galla Goat, Cross",Female,Adult,BDT072549,BSR015942,AVAQ66637,Hola,rvf,Non Irrigated,positive
3001,65618,122.8,8,1,11,0,Cattle,Orma Boran,Female,Adult,BDT072790,BSR016108,AVAQ65618,Hola,brucella,Non Irrigated,negative
3001,65393,122.8,8,1,11,0,Sheep,Black Head Persian,Female,Adult,BDT072558,BSR015941,AVAQ65393,Hola,brucella,Non Irrigated,negative
3001,66534,122.8,8,1,11,0,Cattle,Orma Boran,Female,Adult,BDT072796,BSR016084,AVAQ66534,Hola,brucella,Non Irrigated,negative
3001,65621,122.8,8,1,11,0,Cattle,Orma Boran,Male,Adult,BDT072804,BSR016077,AVAQ65621,Hola,qfever,Non Irrigated,negative
3001,66533,122.8,8,1,11,0,Goat,"Galla Goat, Cross",Female,Weaner,BDT072774,BSR015950,AVAQ66533,Hola,brucella,Non Irrigated,negative
3001,65621,122.8,8,1,11,0,Cattle,Orma Boran,Male,Adult,BDT072804,BSR016077,AVAQ65621,Hola,brucella,Non Irrigated,negative
3001,66534,122.8,8,1,11,0,Cattle,Orma Boran,Female,Adult,BDT072796,BSR016084,AVAQ66534,Hola,rvf,Non Irrigated,negative
3001,65393,122.8,8,1,11,0,Sheep,Black Head Persian,Female,Adult,BDT072558,BSR015941,AVAQ65393,Hola,rvf,Non Irrigated,positive
3002,65581,130.8,44,45,3,0,Goat,"Galla Goat, Cross",Female,Adult,BDT072555,BSR015944,AVAQ65581,Hola,brucella,Non Irrigated,negative
3002,66535,130.8,44,45,3,0,Sheep,Black Head Persian,Female,Adult,BDT072540,BSR015961,AVAQ66535,Hola,rvf,Non Irrigated,negative
3002,66525,130.8,44,45,3,0,Goat,"Galla Goat, Cross",Female,Adult,BDT072767,BSR015943,AVAQ66525,Hola,brucella,Non Irrigated,negative
3002,65572,130.8,44,45,3,0,Goat,"Galla Goat, Cross",Female,Adult,BDT072519,BSR015931,AVAQ65572,Hola,qfever,Non Irrigated,positive
3002,66551,130.8,44,45,3,0,Sheep,Black Head Persian,Male,Adult,BDT072546,BSR015958,AVAQ66551,Hola,rvf,Non Irrigated,positive
3002,65555,130.8,44,45,3,0,Goat,"Galla Goat, Cross",Male,Adult,BDT072514,BSR015932,AVAQ65555,Hola,rvf,Non Irrigated,negative
3002,65567,130.8,44,45,3,0,Cattle,Orma Boran,Male,Weaner,BDT072778,BSR016112,AVAQ65567,Hola,rvf,Non Irrigated,negative
3002,66528,130.8,44,45,3,0,Goat,"Galla Goat, Cross",Female,Adult,BDT072550,BSR015972,AVAQ66528,Hola,rvf,Non Irrigated,negative
3002,66625,130.8,44,45,3,0,Goat,"Galla Goat, Cross",Female,Weaner,BDT072525,BSR015973,AVAQ66625,Hola,qfever,Non Irrigated,negative
3002,66620,130.8,44,45,3,0,Goat,"Galla Goat, Cross",Male,Weaner,BDT072522,BSR015938,AVAQ66620,Hola,brucella,Non Irrigated,negative
3002,66547,130.8,44,45,3,0,Sheep,Black Head Persian,Female,Adult,BDT072527,BSR015952,AVAQ66547,Hola,rvf,Non Irrigated,positive
3002,66621,130.8,44,45,3,0,Sheep,Black Head Persian,Female,Adult,BDT072548,BSR015940,AVAQ66621,Hola,qfever,Non Irrigated,negative
3002,66538,130.8,44,45,3,0,Sheep,Black Head Persian,Female,Adult,BDT072539,BSR015956,AVAQ66538,Hola,qfever,Non Irrigated,negative
3002,65567,130.8,44,45,3,0,Cattle,Orma Boran,Male,Weaner,BDT072778,BSR016112,AVAQ65567,Hola,qfever,Non Irrigated,negative
3002,66546,130.8,44,45,3,0,Goat,"Galla Goat, Cross",Female,Adult,BDT072556,BSR015960,AVAQ66546,Hola,rvf,Non Irrigated,negative
3002,66482,130.8,44,45,3,0,Goat,"Galla Goat, Cross",Female,Weaner,BDT072541,BSR015959,AVAQ66482,Hola,rvf,Non Irrigated,negative
3002,65529,130.8,44,45,3,0,Goat,"Galla Goat, Cross",Female,Adult,BDT072526,BSR015935,AVAQ65529,Hola,brucella,Non Irrigated,negative
3002,66550,130.8,44,45,3,0,Goat,"Galla Goat, Cross",Male,Adult,BDT072521,BSR015936,AVAQ66550,Hola,qfever,Non Irrigated,negative
3002,65573,130.8,44,45,3,0,Cattle,Orma Boran,Female,Adult,BDT072797,BSR016081,AVAQ65573,Hola,rvf,Non Irrigated,negative
3002,66548,130.8,44,45,3,0,Goat,"Galla Goat, Cross",Female,Adult,BDT072533,BSR015974,AVAQ66548,Hola,rvf,Non Irrigated,negative
3002,66560,130.8,44,45,3,0,Sheep,Black Head Persian,Female,Weaner,BDT072528,BSR015947,AVAQ66560,Hola,rvf,Non Irrigated,positive
3002,66560,130.8,44,45,3,0,Sheep,Black Head Persian,Female,Weaner,BDT072528,BSR015947,AVAQ66560,Hola,brucella,Non Irrigated,negative
3002,66550,130.8,44,45,3,0,Goat,"Galla Goat, Cross",Male,Adult,BDT072521,BSR015936,AVAQ66550,Hola,rvf,Non Irrigated,negative
3002,65624,130.8,44,45,3,0,Goat,"Galla Goat, Cross",Female,Adult,BDT072518,BSR016078,AVAQ65624,Hola,brucella,Non Irrigated,negative
3002,65581,130.8,44,45,3,0,Goat,"Galla Goat, Cross",Female,Adult,BDT072555,BSR015944,AVAQ65581,Hola,qfever,Non Irrigated,negative
3002,66522,130.8,44,45,3,0,Sheep,Black Head Persian,Male,Adult,BDT072557,BSR015963,AVAQ66522,Hola,rvf,Non Irrigated,positive
3002,66525,130.8,44,45,3,0,Goat,"Galla Goat, Cross",Female,Adult,BDT072767,BSR015943,AVAQ66525,Hola,qfever,Non Irrigated,negative
3002,66625,130.8,44,45,3,0,Goat,"Galla Goat, Cross",Female,Weaner,BDT072525,BSR015973,AVAQ66625,Hola,brucella,Non Irrigated,negative
3002,66556,130.8,44,45,3,0,Goat,"Galla Goat, Cross",Female,Adult,BDT072537,BSR015966,AVAQ66556,Hola,brucella,Non Irrigated,negative
3002,65555,130.8,44,45,3,0,Goat,"Galla Goat, Cross",Male,Adult,BDT072514,BSR015932,AVAQ65555,Hola,brucella,Non Irrigated,negative
3002,66620,130.8,44,45,3,0,Goat,"Galla Goat, Cross",Male,Weaner,BDT072522,BSR015938,AVAQ66620,Hola,qfever,Non Irrigated,negative
3002,66538,130.8,44,45,3,0,Sheep,Black Head Persian,Female,Adult,BDT072539,BSR015956,AVAQ66538,Hola,brucella,Non Irrigated,negative
3002,66621,130.8,44,45,3,0,Sheep,Black Head Persian,Female,Adult,BDT072548,BSR015940,AVAQ66621,Hola,rvf,Non Irrigated,negative
3002,66605,130.8,44,45,3,0,Goat,"Galla Goat, Cross",Female,Adult,BDT072516,BSR015930,AVAQ66605,Hola,brucella,Non Irrigated,negative
3002,65573,130.8,44,45,3,0,Cattle,Orma Boran,Female,Adult,BDT072797,BSR016081,AVAQ65573,Hola,brucella,Non Irrigated,negative
3002,66550,130.8,44,45,3,0,Goat,"Galla Goat, Cross",Male,Adult,BDT072521,BSR015936,AVAQ66550,Hola,brucella,Non Irrigated,negative
3002,66619,130.8,44,45,3,0,Sheep,Black Head Persian,Female,Adult,BDT072554,BSR015965,AVAQ66619,Hola,qfever,Non Irrigated,negative
3002,66562,130.8,44,45,3,0,Goat,"Galla Goat, Cross",Female,Adult,BDT072523,BSR015926,AVAQ66562,Hola,qfever,Non Irrigated,negative
3002,66542,130.8,44,45,3,0,Goat,"Galla Goat, Cross",Female,Weaner,BDT072510,BSR015927,AVAQ66542,Hola,rvf,Non Irrigated,positive
3002,65567,130.8,44,45,3,0,Cattle,Orma Boran,Male,Weaner,BDT072778,BSR016112,AVAQ65567,Hola,brucella,Non Irrigated,negative
3002,66615,130.8,44,45,3,0,Goat,"Galla Goat, Cross",Female,Adult,BDT072512,BSR015933,AVAQ66615,Hola,rvf,Non Irrigated,positive
3002,66542,130.8,44,45,3,0,Goat,"Galla Goat, Cross",Female,Weaner,BDT072510,BSR015927,AVAQ66542,Hola,brucella,Non Irrigated,negative
3002,66548,130.8,44,45,3,0,Goat,"Galla Goat, Cross",Female,Adult,BDT072533,BSR015974,AVAQ66548,Hola,qfever,Non Irrigated,negative
3002,65529,130.8,44,45,3,0,Goat,"Galla Goat, Cross",Female,Adult,BDT072526,BSR015935,AVAQ65529,Hola,qfever,Non Irrigated,negative
3002,66532,130.8,44,45,3,0,Sheep,Black Head Persian,Male,Adult,BDT072531,BSR015969,AVAQ66532,Hola,rvf,Non Irrigated,negative
3002,66490,130.8,44,45,3,0,Sheep,Black Head Persian,Female,Adult,BDT072532,BSR015949,AVAQ66490,Hola,qfever,Non Irrigated,negative
3002,66554,130.8,44,45,3,0,Goat,"Galla Goat, Cross",Female,Adult,BDT072511,BSR015925,AVAQ66554,Hola,brucella,Non Irrigated,negative
3002,66556,130.8,44,45,3,0,Goat,"Galla Goat, Cross",Female,Adult,BDT072537,BSR015966,AVAQ66556,Hola,qfever,Non Irrigated,negative
3002,66528,130.8,44,45,3,0,Goat,"Galla Goat, Cross",Female,Adult,BDT072550,BSR015972,AVAQ66528,Hola,brucella,Non Irrigated,negative
3002,65581,130.8,44,45,3,0,Goat,"Galla Goat, Cross",Female,Adult,BDT072555,BSR015944,AVAQ65581,Hola,rvf,Non Irrigated,negative
3002,66575,130.8,44,45,3,0,Goat,"Galla Goat, Cross",Female,Adult,BDT072551,BSR015928,AVAQ66575,Hola,brucella,Non Irrigated,negative
3002,66546,130.8,44,45,3,0,Goat,"Galla Goat, Cross",Female,Adult,BDT072556,BSR015960,AVAQ66546,Hola,qfever,Non Irrigated,positive
3002,66546,130.8,44,45,3,0,Goat,"Galla Goat, Cross",Female,Adult,BDT072556,BSR015960,AVAQ66546,Hola,brucella,Non Irrigated,negative
3002,66490,130.8,44,45,3,0,Sheep,Black Head Persian,Female,Adult,BDT072532,BSR015949,AVAQ66490,Hola,rvf,Non Irrigated,negative
3002,66548,130.8,44,45,3,0,Goat,"Galla Goat, Cross",Female,Adult,BDT072533,BSR015974,AVAQ66548,Hola,brucella,Non Irrigated,negative
3002,66605,130.8,44,45,3,0,Goat,"Galla Goat, Cross",Female,Adult,BDT072516,BSR015930,AVAQ66605,Hola,qfever,Non Irrigated,negative
3002,66482,130.8,44,45,3,0,Goat,"Galla Goat, Cross",Female,Weaner,BDT072541,BSR015959,AVAQ66482,Hola,qfever,Non Irrigated,negative
3002,66554,130.8,44,45,3,0,Goat,"Galla Goat, Cross",Female,Adult,BDT072511,BSR015925,AVAQ66554,Hola,rvf,Non Irrigated,positive
3002,66575,130.8,44,45,3,0,Goat,"Galla Goat, Cross",Female,Adult,BDT072551,BSR015928,AVAQ66575,Hola,rvf,Non Irrigated,negative
3002,66522,130.8,44,45,3,0,Sheep,Black Head Persian,Male,Adult,BDT072557,BSR015963,AVAQ66522,Hola,qfever,Non Irrigated,negative
3002,66531,130.8,44,45,3,0,Sheep,Black Head Persian,Female,Adult,BDT072544,BSR015953,AVAQ66531,Hola,rvf,Non Irrigated,negative
3002,66575,130.8,44,45,3,0,Goat,"Galla Goat, Cross",Female,Adult,BDT072551,BSR015928,AVAQ66575,Hola,qfever,Non Irrigated,negative
3002,66522,130.8,44,45,3,0,Sheep,Black Head Persian,Male,Adult,BDT072557,BSR015963,AVAQ66522,Hola,brucella,Non Irrigated,negative
3002,66619,130.8,44,45,3,0,Sheep,Black Head Persian,Female,Adult,BDT072554,BSR015965,AVAQ66619,Hola,rvf,Non Irrigated,positive
3002,66532,130.8,44,45,3,0,Sheep,Black Head Persian,Male,Adult,BDT072531,BSR015969,AVAQ66532,Hola,qfever,Non Irrigated,negative
3002,66554,130.8,44,45,3,0,Goat,"Galla Goat, Cross",Female,Adult,BDT072511,BSR015925,AVAQ66554,Hola,qfever,Non Irrigated,negative
3002,66615,130.8,44,45,3,0,Goat,"Galla Goat, Cross",Female,Adult,BDT072512,BSR015933,AVAQ66615,Hola,brucella,Non Irrigated,negative
3002,66611,130.8,44,45,3,0,Sheep,Black Head Persian,Female,Adult,BDT072534,BSR015955,AVAQ66611,Hola,brucella,Non Irrigated,negative
3002,65572,130.8,44,45,3,0,Goat,"Galla Goat, Cross",Female,Adult,BDT072519,BSR015931,AVAQ65572,Hola,rvf,Non Irrigated,positive
3002,66621,130.8,44,45,3,0,Sheep,Black Head Persian,Female,Adult,BDT072548,BSR015940,AVAQ66621,Hola,brucella,Non Irrigated,negative
3002,66532,130.8,44,45,3,0,Sheep,Black Head Persian,Male,Adult,BDT072531,BSR015969,AVAQ66532,Hola,brucella,Non Irrigated,negative
3002,65572,130.8,44,45,3,0,Goat,"Galla Goat, Cross",Female,Adult,BDT072519,BSR015931,AVAQ65572,Hola,brucella,Non Irrigated,negative
3002,66639,130.8,44,45,3,0,Sheep,Black Head Persian,Female,Adult,BDT072547,BSR015962,AVAQ66639,Hola,rvf,Non Irrigated,positive
3002,66531,130.8,44,45,3,0,Sheep,Black Head Persian,Female,Adult,BDT072544,BSR015953,AVAQ66531,Hola,qfever,Non Irrigated,negative
3002,66614,130.8,44,45,3,0,Sheep,Black Head Persian,Female,Adult,BDT072553,BSR015967,AVAQ66614,Hola,qfever,Non Irrigated,negative
3002,66639,130.8,44,45,3,0,Sheep,Black Head Persian,Female,Adult,BDT072547,BSR015962,AVAQ66639,Hola,brucella,Non Irrigated,negative
3002,66611,130.8,44,45,3,0,Sheep,Black Head Persian,Female,Adult,BDT072534,BSR015955,AVAQ66611,Hola,qfever,Non Irrigated,negative
3002,66619,130.8,44,45,3,0,Sheep,Black Head Persian,Female,Adult,BDT072554,BSR015965,AVAQ66619,Hola,brucella,Non Irrigated,negative
3002,66482,130.8,44,45,3,0,Goat,"Galla Goat, Cross",Female,Weaner,BDT072541,BSR015959,AVAQ66482,Hola,brucella,Non Irrigated,negative
3002,66639,130.8,44,45,3,0,Sheep,Black Head Persian,Female,Adult,BDT072547,BSR015962,AVAQ66639,Hola,qfever,Non Irrigated,positive
3002,66551,130.8,44,45,3,0,Sheep,Black Head Persian,Male,Adult,BDT072546,BSR015958,AVAQ66551,Hola,brucella,Non Irrigated,negative
3002,66547,130.8,44,45,3,0,Sheep,Black Head Persian,Female,Adult,BDT072527,BSR015952,AVAQ66547,Hola,brucella,Non Irrigated,negative
3002,66631,130.8,44,45,3,0,Sheep,Black Head Persian,Female,Adult,BDT072545,BSR015968,AVAQ66631,Hola,brucella,Non Irrigated,negative
3002,66543,130.8,44,45,3,0,Goat,"Galla Goat, Cross",Female,Adult,BDT072520,BSR015937,AVAQ66543,Hola,brucella,Non Irrigated,negative
3002,66615,130.8,44,45,3,0,Goat,"Galla Goat, Cross",Female,Adult,BDT072512,BSR015933,AVAQ66615,Hola,qfever,Non Irrigated,negative
3002,65573,130.8,44,45,3,0,Cattle,Orma Boran,Female,Adult,BDT072797,BSR016081,AVAQ65573,Hola,qfever,Non Irrigated,negative
3002,66528,130.8,44,45,3,0,Goat,"Galla Goat, Cross",Female,Adult,BDT072550,BSR015972,AVAQ66528,Hola,qfever,Non Irrigated,negative
3002,66535,130.8,44,45,3,0,Sheep,Black Head Persian,Female,Adult,BDT072540,BSR015961,AVAQ66535,Hola,brucella,Non Irrigated,negative
3002,66490,130.8,44,45,3,0,Sheep,Black Head Persian,Female,Adult,BDT072532,BSR015949,AVAQ66490,Hola,brucella,Non Irrigated,negative
3002,65555,130.8,44,45,3,0,Goat,"Galla Goat, Cross",Male,Adult,BDT072514,BSR015932,AVAQ65555,Hola,qfever,Non Irrigated,negative
3002,66614,130.8,44,45,3,0,Sheep,Black Head Persian,Female,Adult,BDT072553,BSR015967,AVAQ66614,Hola,brucella,Non Irrigated,negative
3002,66525,130.8,44,45,3,0,Goat,"Galla Goat, Cross",Female,Adult,BDT072767,BSR015943,AVAQ66525,Hola,rvf,Non Irrigated,positive
3002,65624,130.8,44,45,3,0,Goat,"Galla Goat, Cross",Female,Adult,BDT072518,BSR016078,AVAQ65624,Hola,qfever,Non Irrigated,negative
3002,66535,130.8,44,45,3,0,Sheep,Black Head Persian,Female,Adult,BDT072540,BSR015961,AVAQ66535,Hola,qfever,Non Irrigated,negative
3002,66543,130.8,44,45,3,0,Goat,"Galla Goat, Cross",Female,Adult,BDT072520,BSR015937,AVAQ66543,Hola,qfever,Non Irrigated,positive
3002,65529,130.8,44,45,3,0,Goat,"Galla Goat, Cross",Female,Adult,BDT072526,BSR015935,AVAQ65529,Hola,rvf,Non Irrigated,positive
3002,66543,130.8,44,45,3,0,Goat,"Galla Goat, Cross",Female,Adult,BDT072520,BSR015937,AVAQ66543,Hola,rvf,Non Irrigated,negative
3002,66614,130.8,44,45,3,0,Sheep,Black Head Persian,Female,Adult,BDT072553,BSR015967,AVAQ66614,Hola,rvf,Non Irrigated,positive
3002,66551,130.8,44,45,3,0,Sheep,Black Head Persian,Male,Adult,BDT072546,BSR015958,AVAQ66551,Hola,qfever,Non Irrigated,positive
3002,66542,130.8,44,45,3,0,Goat,"Galla Goat, Cross",Female,Weaner,BDT072510,BSR015927,AVAQ66542,Hola,qfever,Non Irrigated,negative
3002,66562,130.8,44,45,3,0,Goat,"Galla Goat, Cross",Female,Adult,BDT072523,BSR015926,AVAQ66562,Hola,brucella,Non Irrigated,negative
3002,66605,130.8,44,45,3,0,Goat,"Galla Goat, Cross",Female,Adult,BDT072516,BSR015930,AVAQ66605,Hola,rvf,Non Irrigated,positive
3002,66631,130.8,44,45,3,0,Sheep,Black Head Persian,Female,Adult,BDT072545,BSR015968,AVAQ66631,Hola,rvf,Non Irrigated,negative
3002,65624,130.8,44,45,3,0,Goat,"Galla Goat, Cross",Female,Adult,BDT072518,BSR016078,AVAQ65624,Hola,rvf,Non Irrigated,positive
3002,66611,130.8,44,45,3,0,Sheep,Black Head Persian,Female,Adult,BDT072534,BSR015955,AVAQ66611,Hola,rvf,Non Irrigated,negative
3002,66538,130.8,44,45,3,0,Sheep,Black Head Persian,Female,Adult,BDT072539,BSR015956,AVAQ66538,Hola,rvf,Non Irrigated,positive
3002,66547,130.8,44,45,3,0,Sheep,Black Head Persian,Female,Adult,BDT072527,BSR015952,AVAQ66547,Hola,qfever,Non Irrigated,negative
3002,66562,130.8,44,45,3,0,Goat,"Galla Goat, Cross",Female,Adult,BDT072523,BSR015926,AVAQ66562,Hola,rvf,Non Irrigated,positive
3002,66620,130.8,44,45,3,0,Goat,"Galla Goat, Cross",Male,Weaner,BDT072522,BSR015938,AVAQ66620,Hola,rvf,Non Irrigated,negative
3002,66556,130.8,44,45,3,0,Goat,"Galla Goat, Cross",Female,Adult,BDT072537,BSR015966,AVAQ66556,Hola,rvf,Non Irrigated,negative
3002,66625,130.8,44,45,3,0,Goat,"Galla Goat, Cross",Female,Weaner,BDT072525,BSR015973,AVAQ66625,Hola,rvf,Non Irrigated,negative
3002,66560,130.8,44,45,3,0,Sheep,Black Head Persian,Female,Weaner,BDT072528,BSR015947,AVAQ66560,Hola,qfever,Non Irrigated,negative
3002,66531,130.8,44,45,3,0,Sheep,Black Head Persian,Female,Adult,BDT072544,BSR015953,AVAQ66531,Hola,brucella,Non Irrigated,negative
3003,65552,105.8,40,0,4,0,Cattle,Orma Boran,Male,Weaner,BDT072784,BSR016113,AVAQ65552,Hola,rvf,Non Irrigated,negative
3003,65620,105.8,40,0,4,0,Cattle,Orma Boran,Female,Adult,BDT072762,BSR016076,AVAQ65620,Hola,rvf,Non Irrigated,negative
3003,65620,105.8,40,0,4,0,Cattle,Orma Boran,Female,Adult,BDT072762,BSR016076,AVAQ65620,Hola,brucella,Non Irrigated,negative
3003,65552,105.8,40,0,4,0,Cattle,Orma Boran,Male,Weaner,BDT072784,BSR016113,AVAQ65552,Hola,brucella,Non Irrigated,negative
3003,65620,105.8,40,0,4,0,Cattle,Orma Boran,Female,Adult,BDT072762,BSR016076,AVAQ65620,Hola,qfever,Non Irrigated,negative
3003,65552,105.8,40,0,4,0,Cattle,Orma Boran,Male,Weaner,BDT072784,BSR016113,AVAQ65552,Hola,qfever,Non Irrigated,negative
3005,66544,111.5,20,15,6,1,Cattle,Orma Boran,Female,Adult,BDT072763,BSR016098,AVAQ66544,Hola,qfever,Non Irrigated,negative
3005,65554,111.5,20,15,6,1,Cattle,Orma Boran,Female,Adult,BDT072775,BSR016093,AVAQ65554,Hola,rvf,Non Irrigated,negative
3005,66544,111.5,20,15,6,1,Cattle,Orma Boran,Female,Adult,BDT072763,BSR016098,AVAQ66544,Hola,rvf,Non Irrigated,positive
3005,66544,111.5,20,15,6,1,Cattle,Orma Boran,Female,Adult,BDT072763,BSR016098,AVAQ66544,Hola,brucella,Non Irrigated,negative
3005,65554,111.5,20,15,6,1,Cattle,Orma Boran,Female,Adult,BDT072775,BSR016093,AVAQ65554,Hola,qfever,Non Irrigated,negative
3005,65554,111.5,20,15,6,1,Cattle,Orma Boran,Female,Adult,BDT072775,BSR016093,AVAQ65554,Hola,brucella,Non Irrigated,negative
3006,65623,122.9,5,0,2,0,Cattle,Orma Boran,Female,Adult,BDT072783,BSR016100,AVAQ65623,Hola,rvf,Non Irrigated,negative
3006,65521,122.9,5,0,2,0,Goat,"Galla Goat, Cross",Female,Adult,BDT072802,BSR016088,AVAQ65521,Hola,brucella,Non Irrigated,negative
3006,65521,122.9,5,0,2,0,Goat,"Galla Goat, Cross",Female,Adult,BDT072802,BSR016088,AVAQ65521,Hola,qfever,Non Irrigated,positive
3006,65623,122.9,5,0,2,0,Cattle,Orma Boran,Female,Adult,BDT072783,BSR016100,AVAQ65623,Hola,brucella,Non Irrigated,negative
3006,65521,122.9,5,0,2,0,Goat,"Galla Goat, Cross",Female,Adult,BDT072802,BSR016088,AVAQ65521,Hola,rvf,Non Irrigated,negative
3006,65623,122.9,5,0,2,0,Cattle,Orma Boran,Female,Adult,BDT072783,BSR016100,AVAQ65623,Hola,qfever,Non Irrigated,negative
3007,65563,126.7,0,4,12,0,Sheep,Black Head Persian,Female,Adult,BDT072780,BSR016122,AVAQ65563,Hola,rvf,Non Irrigated,positive
3007,65563,126.7,0,4,12,0,Sheep,Black Head Persian,Female,Adult,BDT072780,BSR016122,AVAQ65563,Hola,qfever,Non Irrigated,negative
3007,65611,126.7,0,4,12,0,Cattle,Orma Boran,Male,Kid/Lamb/Calf,BDT072793,BSR016083,AVAQ65611,Hola,qfever,Non Irrigated,negative
3007,65522,126.7,0,4,12,0,Cattle,Orma Boran,Female,Adult,BDT072787,BSR016118,AVAQ65522,Hola,rvf,Non Irrigated,negative
3007,65522,126.7,0,4,12,0,Cattle,Orma Boran,Female,Adult,BDT072787,BSR016118,AVAQ65522,Hola,brucella,Non Irrigated,negative
3007,65566,126.7,0,4,12,0,Cattle,Orma Boran,Female,Adult,BDT072794,BSR016089,AVAQ65566,Hola,rvf,Non Irrigated,negative
3007,65536,126.7,0,4,12,0,Cattle,Orma Boran,Male,Weaner,BDT072765,BSR016105,AVAQ65536,Hola,qfever,Non Irrigated,negative
3007,65536,126.7,0,4,12,0,Cattle,Orma Boran,Male,Weaner,BDT072765,BSR016105,AVAQ65536,Hola,brucella,Non Irrigated,negative
3007,65616,126.7,0,4,12,0,Cattle,Orma Boran,Female,Adult,BDT072781,BSR016086,AVAQ65616,Hola,qfever,Non Irrigated,negative
3007,65611,126.7,0,4,12,0,Cattle,Orma Boran,Male,Kid/Lamb/Calf,BDT072793,BSR016083,AVAQ65611,Hola,rvf,Non Irrigated,negative
3007,65616,126.7,0,4,12,0,Cattle,Orma Boran,Female,Adult,BDT072781,BSR016086,AVAQ65616,Hola,rvf,Non Irrigated,negative
3007,65563,126.7,0,4,12,0,Sheep,Black Head Persian,Female,Adult,BDT072780,BSR016122,AVAQ65563,Hola,brucella,Non Irrigated,negative
3007,65566,126.7,0,4,12,0,Cattle,Orma Boran,Female,Adult,BDT072794,BSR016089,AVAQ65566,Hola,qfever,Non Irrigated,negative
3007,65522,126.7,0,4,12,0,Cattle,Orma Boran,Female,Adult,BDT072787,BSR016118,AVAQ65522,Hola,qfever,Non Irrigated,negative
3007,65536,126.7,0,4,12,0,Cattle,Orma Boran,Male,Weaner,BDT072765,BSR016105,AVAQ65536,Hola,rvf,Non Irrigated,negative
3007,65566,126.7,0,4,12,0,Cattle,Orma Boran,Female,Adult,BDT072794,BSR016089,AVAQ65566,Hola,brucella,Non Irrigated,negative
3007,65611,126.7,0,4,12,0,Cattle,Orma Boran,Male,Kid/Lamb/Calf,BDT072793,BSR016083,AVAQ65611,Hola,brucella,Non Irrigated,negative
3007,65616,126.7,0,4,12,0,Cattle,Orma Boran,Female,Adult,BDT072781,BSR016086,AVAQ65616,Hola,brucella,Non Irrigated,negative
3008,65518,129.5,6,15,9,0,Sheep,Black Head Persian,Female,Adult,BDT072777,BSR016123,AVAQ65518,Hola,rvf,Non Irrigated,positive
3008,65527,129.5,6,15,9,0,Goat,"Galla Goat, Cross",Female,Adult,BDT072509,BSR015929,AVAQ65527,Hola,rvf,Non Irrigated,positive
3008,65587,129.5,6,15,9,0,Sheep,Black Head Persian,Female,Weaner,BDT072517,BSR016124,AVAQ65587,Hola,qfever,Non Irrigated,negative
3008,65513,129.5,6,15,9,0,Sheep,Black Head Persian,Female,Adult,BDT072773,BSR016106,AVAQ65513,Hola,rvf,Non Irrigated,negative
3008,65590,129.5,6,15,9,0,Sheep,Black Head Persian,Female,Adult,BDT072800,BSR016115,AVAQ65590,Hola,qfever,Non Irrigated,negative
3008,65590,129.5,6,15,9,0,Sheep,Black Head Persian,Female,Adult,BDT072800,BSR016115,AVAQ65590,Hola,brucella,Non Irrigated,negative
3008,65520,129.5,6,15,9,0,Goat,"Galla Goat, Cross",Male,Adult,BDT072803,BSR015934,AVAQ65520,Hola,qfever,Non Irrigated,negative
3008,65587,129.5,6,15,9,0,Sheep,Black Head Persian,Female,Weaner,BDT072517,BSR016124,AVAQ65587,Hola,rvf,Non Irrigated,negative
3008,65518,129.5,6,15,9,0,Sheep,Black Head Persian,Female,Adult,BDT072777,BSR016123,AVAQ65518,Hola,qfever,Non Irrigated,negative
3008,65527,129.5,6,15,9,0,Goat,"Galla Goat, Cross",Female,Adult,BDT072509,BSR015929,AVAQ65527,Hola,qfever,Non Irrigated,negative
3008,65513,129.5,6,15,9,0,Sheep,Black Head Persian,Female,Adult,BDT072773,BSR016106,AVAQ65513,Hola,qfever,Non Irrigated,negative
3008,65622,129.5,6,15,9,0,Cattle,Orma Boran,Female,Adult,BDT072768,BSR016107,AVAQ65622,Hola,rvf,Non Irrigated,negative
3008,65526,129.5,6,15,9,0,Goat,"Galla Goat, Cross",Female,Weaner,BDT072799,BSR016120,AVAQ65526,Hola,brucella,Non Irrigated,negative
3008,65513,129.5,6,15,9,0,Sheep,Black Head Persian,Female,Adult,BDT072773,BSR016106,AVAQ65513,Hola,brucella,Non Irrigated,negative
3008,65622,129.5,6,15,9,0,Cattle,Orma Boran,Female,Adult,BDT072768,BSR016107,AVAQ65622,Hola,brucella,Non Irrigated,negative
3008,65622,129.5,6,15,9,0,Cattle,Orma Boran,Female,Adult,BDT072768,BSR016107,AVAQ65622,Hola,qfever,Non Irrigated,negative
3008,65526,129.5,6,15,9,0,Goat,"Galla Goat, Cross",Female,Weaner,BDT072799,BSR016120,AVAQ65526,Hola,qfever,Non Irrigated,negative
3008,65518,129.5,6,15,9,0,Sheep,Black Head Persian,Female,Adult,BDT072777,BSR016123,AVAQ65518,Hola,brucella,Non Irrigated,negative
3008,65590,129.5,6,15,9,0,Sheep,Black Head Persian,Female,Adult,BDT072800,BSR016115,AVAQ65590,Hola,rvf,Non Irrigated,negative
3008,65545,129.5,6,15,9,0,Goat,"Galla Goat, Cross",Female,Adult,BDT072515,BSR016102,AVAQ65545,Hola,brucella,Non Irrigated,negative
3008,65583,129.5,6,15,9,0,Sheep,Black Head Persian,Female,Adult,BDT072782,BSR016097,AVAQ65583,Hola,brucella,Non Irrigated,negative
3008,65541,129.5,6,15,9,0,Sheep,Black Head Persian,Male,Adult,BDT072791,BSR016082,AVAQ65541,Hola,qfever,Non Irrigated,positive
3008,65587,129.5,6,15,9,0,Sheep,Black Head Persian,Female,Weaner,BDT072517,BSR016124,AVAQ65587,Hola,brucella,Non Irrigated,negative
3008,65553,129.5,6,15,9,0,Cattle,Orma Boran,Female,Weaner,BDT072760,BSR016119,AVAQ65553,Hola,qfever,Non Irrigated,negative
3008,65541,129.5,6,15,9,0,Sheep,Black Head Persian,Male,Adult,BDT072791,BSR016082,AVAQ65541,Hola,rvf,Non Irrigated,negative
3008,65520,129.5,6,15,9,0,Goat,"Galla Goat, Cross",Male,Adult,BDT072803,BSR015934,AVAQ65520,Hola,rvf,Non Irrigated,negative
3008,65541,129.5,6,15,9,0,Sheep,Black Head Persian,Male,Adult,BDT072791,BSR016082,AVAQ65541,Hola,brucella,Non Irrigated,negative
3008,65545,129.5,6,15,9,0,Goat,"Galla Goat, Cross",Female,Adult,BDT072515,BSR016102,AVAQ65545,Hola,rvf,Non Irrigated,negative
3008,65553,129.5,6,15,9,0,Cattle,Orma Boran,Female,Weaner,BDT072760,BSR016119,AVAQ65553,Hola,rvf,Non Irrigated,negative
3008,65583,129.5,6,15,9,0,Sheep,Black Head Persian,Female,Adult,BDT072782,BSR016097,AVAQ65583,Hola,rvf,Non Irrigated,negative
3008,65553,129.5,6,15,9,0,Cattle,Orma Boran,Female,Weaner,BDT072760,BSR016119,AVAQ65553,Hola,brucella,Non Irrigated,negative
3008,65527,129.5,6,15,9,0,Goat,"Galla Goat, Cross",Female,Adult,BDT072509,BSR015929,AVAQ65527,Hola,brucella,Non Irrigated,negative
3008,65526,129.5,6,15,9,0,Goat,"Galla Goat, Cross",Female,Weaner,BDT072799,BSR016120,AVAQ65526,Hola,rvf,Non Irrigated,negative
3008,65520,129.5,6,15,9,0,Goat,"Galla Goat, Cross",Male,Adult,BDT072803,BSR015934,AVAQ65520,Hola,brucella,Non Irrigated,negative
3008,65545,129.5,6,15,9,0,Goat,"Galla Goat, Cross",Female,Adult,BDT072515,BSR016102,AVAQ65545,Hola,qfever,Non Irrigated,negative
3008,65583,129.5,6,15,9,0,Sheep,Black Head Persian,Female,Adult,BDT072782,BSR016097,AVAQ65583,Hola,qfever,Non Irrigated,negative
3009,65591,125,15,40,2,0,Goat,"Galla Goat, Cross",Female,Adult,BDT072805,BSR016095,AVAQ65591,Hola,brucella,Non Irrigated,negative
3009,66618,125,15,40,2,0,Sheep,Black Head Persian,Female,Adult,BDT072801,BSR016099,AVAQ66618,Hola,qfever,Non Irrigated,negative
3009,65591,125,15,40,2,0,Goat,"Galla Goat, Cross",Female,Adult,BDT072805,BSR016095,AVAQ65591,Hola,rvf,Non Irrigated,positive
3009,65580,125,15,40,2,0,Sheep,Black Head Persian,Female,Weaner,BDT072759,BSR016101,AVAQ65580,Hola,brucella,Non Irrigated,negative
3009,65593,125,15,40,2,0,Goat,"Galla Goat, Cross",Female,Adult,BDT072808,BSR016090,AVAQ65593,Hola,rvf,Non Irrigated,positive
3009,65584,125,15,40,2,0,Sheep,Black Head Persian,Male,Adult,BDT072769,BSR016116,AVAQ65584,Hola,brucella,Non Irrigated,negative
3009,65544,125,15,40,2,0,Goat,"Galla Goat, Cross",Female,Adult,BDT072776,BSR016091,AVAQ65544,Hola,qfever,Non Irrigated,negative
3009,65596,125,15,40,2,0,Sheep,Black Head Persian,Male,Adult,BDT072761,BSR016096,AVAQ65596,Hola,qfever,Non Irrigated,negative
3009,65557,125,15,40,2,0,Sheep,Black Head Persian,Female,Adult,BDT072786,BSR016121,AVAQ65557,Hola,brucella,Non Irrigated,negative
3009,65538,125,15,40,2,0,Sheep,Black Head Persian,Female,Adult,BDT072772,BSR016104,AVAQ65538,Hola,qfever,Non Irrigated,negative
3009,65593,125,15,40,2,0,Goat,"Galla Goat, Cross",Female,Adult,BDT072808,BSR016090,AVAQ65593,Hola,qfever,Non Irrigated,negative
3009,65575,125,15,40,2,0,Goat,"Galla Goat, Cross",Male,Adult,BDT072766,BSR016092,AVAQ65575,Hola,rvf,Non Irrigated,negative
3009,65596,125,15,40,2,0,Sheep,Black Head Persian,Male,Adult,BDT072761,BSR016096,AVAQ65596,Hola,brucella,Non Irrigated,negative
3009,65515,125,15,40,2,0,Sheep,Black Head Persian,Female,Adult,BDT072789,BSR016117,AVAQ65515,Hola,brucella,Non Irrigated,negative
3009,65571,125,15,40,2,0,Sheep,Black Head Persian,Female,Weaner,BDT072785,BSR016103,AVAQ65571,Hola,rvf,Non Irrigated,negative
3009,65544,125,15,40,2,0,Goat,"Galla Goat, Cross",Female,Adult,BDT072776,BSR016091,AVAQ65544,Hola,brucella,Non Irrigated,negative
3009,65538,125,15,40,2,0,Sheep,Black Head Persian,Female,Adult,BDT072772,BSR016104,AVAQ65538,Hola,brucella,Non Irrigated,negative
3009,65544,125,15,40,2,0,Goat,"Galla Goat, Cross",Female,Adult,BDT072776,BSR016091,AVAQ65544,Hola,rvf,Non Irrigated,negative
3009,65558,125,15,40,2,0,Sheep,Black Head Persian,Female,Adult,BDT072770,BSR016085,AVAQ65558,Hola,rvf,Non Irrigated,negative
3009,65557,125,15,40,2,0,Sheep,Black Head Persian,Female,Adult,BDT072786,BSR016121,AVAQ65557,Hola,qfever,Non Irrigated,negative
3009,65596,125,15,40,2,0,Sheep,Black Head Persian,Male,Adult,BDT072761,BSR016096,AVAQ65596,Hola,rvf,Non Irrigated,negative
3009,65515,125,15,40,2,0,Sheep,Black Head Persian,Female,Adult,BDT072789,BSR016117,AVAQ65515,Hola,rvf,Non Irrigated,negative
3009,65575,125,15,40,2,0,Goat,"Galla Goat, Cross",Male,Adult,BDT072766,BSR016092,AVAQ65575,Hola,qfever,Non Irrigated,negative
3009,65519,125,15,40,2,0,Sheep,Black Head Persian,Female,Adult,BDT072806,BSR016087,AVAQ65519,Hola,qfever,Non Irrigated,negative
3009,66618,125,15,40,2,0,Sheep,Black Head Persian,Female,Adult,BDT072801,BSR016099,AVAQ66618,Hola,brucella,Non Irrigated,negative
3009,65584,125,15,40,2,0,Sheep,Black Head Persian,Male,Adult,BDT072769,BSR016116,AVAQ65584,Hola,rvf,Non Irrigated,negative
3009,65593,125,15,40,2,0,Goat,"Galla Goat, Cross",Female,Adult,BDT072808,BSR016090,AVAQ65593,Hola,brucella,Non Irrigated,negative
3009,65580,125,15,40,2,0,Sheep,Black Head Persian,Female,Weaner,BDT072759,BSR016101,AVAQ65580,Hola,qfever,Non Irrigated,negative
3009,65571,125,15,40,2,0,Sheep,Black Head Persian,Female,Weaner,BDT072785,BSR016103,AVAQ65571,Hola,brucella,Non Irrigated,negative
3009,65519,125,15,40,2,0,Sheep,Black Head Persian,Female,Adult,BDT072806,BSR016087,AVAQ65519,Hola,brucella,Non Irrigated,negative
3009,65584,125,15,40,2,0,Sheep,Black Head Persian,Male,Adult,BDT072769,BSR016116,AVAQ65584,Hola,qfever,Non Irrigated,negative
3009,65571,125,15,40,2,0,Sheep,Black Head Persian,Female,Weaner,BDT072785,BSR016103,AVAQ65571,Hola,qfever,Non Irrigated,negative
3009,65557,125,15,40,2,0,Sheep,Black Head Persian,Female,Adult,BDT072786,BSR016121,AVAQ65557,Hola,rvf,Non Irrigated,positive
3009,66618,125,15,40,2,0,Sheep,Black Head Persian,Female,Adult,BDT072801,BSR016099,AVAQ66618,Hola,rvf,Non Irrigated,negative
3009,65558,125,15,40,2,0,Sheep,Black Head Persian,Female,Adult,BDT072770,BSR016085,AVAQ65558,Hola,qfever,Non Irrigated,negative
3009,65538,125,15,40,2,0,Sheep,Black Head Persian,Female,Adult,BDT072772,BSR016104,AVAQ65538,Hola,rvf,Non Irrigated,negative
3009,65519,125,15,40,2,0,Sheep,Black Head Persian,Female,Adult,BDT072806,BSR016087,AVAQ65519,Hola,rvf,Non Irrigated,negative
3009,65580,125,15,40,2,0,Sheep,Black Head Persian,Female,Weaner,BDT072759,BSR016101,AVAQ65580,Hola,rvf,Non Irrigated,positive
3009,65515,125,15,40,2,0,Sheep,Black Head Persian,Female,Adult,BDT072789,BSR016117,AVAQ65515,Hola,qfever,Non Irrigated,negative
3009,65558,125,15,40,2,0,Sheep,Black Head Persian,Female,Adult,BDT072770,BSR016085,AVAQ65558,Hola,brucella,Non Irrigated,negative
3009,65575,125,15,40,2,0,Goat,"Galla Goat, Cross",Male,Adult,BDT072766,BSR016092,AVAQ65575,Hola,brucella,Non Irrigated,negative
3009,65591,125,15,40,2,0,Goat,"Galla Goat, Cross",Female,Adult,BDT072805,BSR016095,AVAQ65591,Hola,qfever,Non Irrigated,negative
3010,66529,119.7,50,50,10,0,Cattle,Orma Boran,Female,Weaner,BDT072645,BSR015660,AVAQ66529,Hola,rvf,Non Irrigated,negative
3010,66529,119.7,50,50,10,0,Cattle,Orma Boran,Female,Weaner,BDT072645,BSR015660,AVAQ66529,Hola,qfever,Non Irrigated,negative
3010,66545,119.7,50,50,10,0,Cattle,Orma Boran,Female,Weaner,BDT072650,BSR015674,AVAQ66545,Hola,brucella,Non Irrigated,negative
3010,66629,119.7,50,50,10,0,Cattle,Orma Boran,Female,Weaner,BDT072647,BSR015666,AVAQ66629,Hola,qfever,Non Irrigated,negative
3010,66561,119.7,50,50,10,0,Cattle,Orma Boran,Female,Weaner,BDT072649,BSR015948,AVAQ66561,Hola,brucella,Non Irrigated,negative
3010,66561,119.7,50,50,10,0,Cattle,Orma Boran,Female,Weaner,BDT072649,BSR015948,AVAQ66561,Hola,qfever,Non Irrigated,negative
3010,66545,119.7,50,50,10,0,Cattle,Orma Boran,Female,Weaner,BDT072650,BSR015674,AVAQ66545,Hola,rvf,Non Irrigated,negative
3010,66608,119.7,50,50,10,0,Cattle,Orma Boran,Female,Weaner,BDT072530,BSR015648,AVAQ66608,Hola,rvf,Non Irrigated,negative
3010,66629,119.7,50,50,10,0,Cattle,Orma Boran,Female,Weaner,BDT072647,BSR015666,AVAQ66629,Hola,rvf,Non Irrigated,positive
3010,66529,119.7,50,50,10,0,Cattle,Orma Boran,Female,Weaner,BDT072645,BSR015660,AVAQ66529,Hola,brucella,Non Irrigated,negative
3010,66629,119.7,50,50,10,0,Cattle,Orma Boran,Female,Weaner,BDT072647,BSR015666,AVAQ66629,Hola,brucella,Non Irrigated,negative
3010,66545,119.7,50,50,10,0,Cattle,Orma Boran,Female,Weaner,BDT072650,BSR015674,AVAQ66545,Hola,qfever,Non Irrigated,negative
3010,66608,119.7,50,50,10,0,Cattle,Orma Boran,Female,Weaner,BDT072530,BSR015648,AVAQ66608,Hola,brucella,Non Irrigated,negative
3010,66608,119.7,50,50,10,0,Cattle,Orma Boran,Female,Weaner,BDT072530,BSR015648,AVAQ66608,Hola,qfever,Non Irrigated,negative
3010,66561,119.7,50,50,10,0,Cattle,Orma Boran,Female,Weaner,BDT072649,BSR015948,AVAQ66561,Hola,rvf,Non Irrigated,positive
3011,66640,128.4,20,10,30,2,Cattle,Orma Boran,Male,Weaner,BDT072658,BSR015650,AVAQ66640,Hola,brucella,Non Irrigated,negative
3011,66524,128.4,20,10,30,2,Cattle,Orma Boran,Male,Weaner,BDT072657,BSR015653,AVAQ66524,Hola,rvf,Non Irrigated,negative
3011,66607,128.4,20,10,30,2,Cattle,Orma Boran,Male,Weaner,BDT072655,BSR015661,AVAQ66607,Hola,qfever,Non Irrigated,negative
3011,66634,128.4,20,10,30,2,Cattle,Orma Boran,Female,Weaner,BDT072651,BSR015647,AVAQ66634,Hola,qfever,Non Irrigated,negative
3011,66574,128.4,20,10,30,2,Cattle,Orma Boran,Male,Weaner,BDT072648,BSR015656,AVAQ66574,Hola,rvf,Non Irrigated,positive
3011,66574,128.4,20,10,30,2,Cattle,Orma Boran,Male,Weaner,BDT072648,BSR015656,AVAQ66574,Hola,qfever,Non Irrigated,negative
3011,66634,128.4,20,10,30,2,Cattle,Orma Boran,Female,Weaner,BDT072651,BSR015647,AVAQ66634,Hola,rvf,Non Irrigated,negative
3011,66524,128.4,20,10,30,2,Cattle,Orma Boran,Male,Weaner,BDT072657,BSR015653,AVAQ66524,Hola,qfever,Non Irrigated,negative
3011,66607,128.4,20,10,30,2,Cattle,Orma Boran,Male,Weaner,BDT072655,BSR015661,AVAQ66607,Hola,rvf,Non Irrigated,negative
3011,66634,128.4,20,10,30,2,Cattle,Orma Boran,Female,Weaner,BDT072651,BSR015647,AVAQ66634,Hola,brucella,Non Irrigated,negative
3011,66640,128.4,20,10,30,2,Cattle,Orma Boran,Male,Weaner,BDT072658,BSR015650,AVAQ66640,Hola,rvf,Non Irrigated,negative
3011,66607,128.4,20,10,30,2,Cattle,Orma Boran,Male,Weaner,BDT072655,BSR015661,AVAQ66607,Hola,brucella,Non Irrigated,negative
3011,66524,128.4,20,10,30,2,Cattle,Orma Boran,Male,Weaner,BDT072657,BSR015653,AVAQ66524,Hola,brucella,Non Irrigated,negative
3011,66574,128.4,20,10,30,2,Cattle,Orma Boran,Male,Weaner,BDT072648,BSR015656,AVAQ66574,Hola,brucella,Non Irrigated,negative
3011,66640,128.4,20,10,30,2,Cattle,Orma Boran,Male,Weaner,BDT072658,BSR015650,AVAQ66640,Hola,qfever,Non Irrigated,negative
3012,66419,70.5,60,40,100,0,Cattle,Orma Boran,Male,Weaner,BDT073616,BSR015663,AVAQ66419,Hola,brucella,Non Irrigated,negative
3012,66301,70.5,60,40,100,0,Cattle,Orma Boran,Female,Adult,BDT073651,BSR015638,AVAQ66301,Hola,brucella,Non Irrigated,negative
3012,66474,70.5,60,40,100,0,Cattle,Orma Boran,Female,Adult,BDT073628,BSR015659,AVAQ66474,Hola,rvf,Non Irrigated,positive
3012,66301,70.5,60,40,100,0,Cattle,Orma Boran,Female,Adult,BDT073651,BSR015638,AVAQ66301,Hola,qfever,Non Irrigated,negative
3012,69345,70.5,60,40,100,0,Cattle,Orma Boran,Female,Adult,BDT073613,BSR015625,AVAQ69345,Hola,rvf,Non Irrigated,positive
3012,69331,70.5,60,40,100,0,Cattle,Orma Boran,Female,Weaner,BDT073638,BSR015668,AVAQ69331,Hola,rvf,Non Irrigated,positive
3012,69331,70.5,60,40,100,0,Cattle,Orma Boran,Female,Weaner,BDT073638,BSR015668,AVAQ69331,Hola,brucella,Non Irrigated,negative
3012,66474,70.5,60,40,100,0,Cattle,Orma Boran,Female,Adult,BDT073628,BSR015659,AVAQ66474,Hola,brucella,Non Irrigated,negative
3012,69345,70.5,60,40,100,0,Cattle,Orma Boran,Female,Adult,BDT073613,BSR015625,AVAQ69345,Hola,qfever,Non Irrigated,negative
3012,69345,70.5,60,40,100,0,Cattle,Orma Boran,Female,Adult,BDT073613,BSR015625,AVAQ69345,Hola,brucella,Non Irrigated,negative
3012,66419,70.5,60,40,100,0,Cattle,Orma Boran,Male,Weaner,BDT073616,BSR015663,AVAQ66419,Hola,qfever,Non Irrigated,negative
3012,66474,70.5,60,40,100,0,Cattle,Orma Boran,Female,Adult,BDT073628,BSR015659,AVAQ66474,Hola,qfever,Non Irrigated,negative
3012,66419,70.5,60,40,100,0,Cattle,Orma Boran,Male,Weaner,BDT073616,BSR015663,AVAQ66419,Hola,rvf,Non Irrigated,negative
3012,66301,70.5,60,40,100,0,Cattle,Orma Boran,Female,Adult,BDT073651,BSR015638,AVAQ66301,Hola,rvf,Non Irrigated,negative
3012,69331,70.5,60,40,100,0,Cattle,Orma Boran,Female,Weaner,BDT073638,BSR015668,AVAQ69331,Hola,qfever,Non Irrigated,negative
3013,66306,86.6,70,5,40,0,Cattle,Orma Boran,Male,Weaner,BDT073615,BSR015971,AVAQ66306,Hola,qfever,Non Irrigated,negative
3013,66370,86.6,70,5,40,0,Cattle,Orma Boran,Female,Weaner,BDT073625,BSR015632,AVAQ66370,Hola,brucella,Non Irrigated,negative
3013,66354,86.6,70,5,40,0,Cattle,Orma Boran,Female,Adult,BDT073648,BSR015629,AVAQ66354,Hola,qfever,Non Irrigated,negative
3013,66321,86.6,70,5,40,0,Cattle,Orma Boran,Female,Weaner,BDT073658,BSR015641,AVAQ66321,Hola,brucella,Non Irrigated,negative
3013,66354,86.6,70,5,40,0,Cattle,Orma Boran,Female,Adult,BDT073648,BSR015629,AVAQ66354,Hola,rvf,Non Irrigated,positive
3013,66354,86.6,70,5,40,0,Cattle,Orma Boran,Female,Adult,BDT073648,BSR015629,AVAQ66354,Hola,brucella,Non Irrigated,negative
3013,66370,86.6,70,5,40,0,Cattle,Orma Boran,Female,Weaner,BDT073625,BSR015632,AVAQ66370,Hola,rvf,Non Irrigated,negative
3013,66370,86.6,70,5,40,0,Cattle,Orma Boran,Female,Weaner,BDT073625,BSR015632,AVAQ66370,Hola,qfever,Non Irrigated,negative
3013,66312,86.6,70,5,40,0,Cattle,Orma Boran,Female,Adult,BDT073629,BSR015654,AVAQ66312,Hola,rvf,Non Irrigated,positive
3013,66312,86.6,70,5,40,0,Cattle,Orma Boran,Female,Adult,BDT073629,BSR015654,AVAQ66312,Hola,brucella,Non Irrigated,negative
3013,66312,86.6,70,5,40,0,Cattle,Orma Boran,Female,Adult,BDT073629,BSR015654,AVAQ66312,Hola,qfever,Non Irrigated,negative
3013,66306,86.6,70,5,40,0,Cattle,Orma Boran,Male,Weaner,BDT073615,BSR015971,AVAQ66306,Hola,brucella,Non Irrigated,negative
3013,66321,86.6,70,5,40,0,Cattle,Orma Boran,Female,Weaner,BDT073658,BSR015641,AVAQ66321,Hola,rvf,Non Irrigated,positive
3013,66321,86.6,70,5,40,0,Cattle,Orma Boran,Female,Weaner,BDT073658,BSR015641,AVAQ66321,Hola,qfever,Non Irrigated,negative
3013,66306,86.6,70,5,40,0,Cattle,Orma Boran,Male,Weaner,BDT073615,BSR015971,AVAQ66306,Hola,rvf,Non Irrigated,negative
3014,66469,84.2,20,3,100,0,Cattle,Orma Boran,Female,Adult,BDT073614,BSR015671,AVAQ66469,Hola,qfever,Non Irrigated,negative
3014,66469,84.2,20,3,100,0,Cattle,Orma Boran,Female,Adult,BDT073614,BSR015671,AVAQ66469,Hola,rvf,Non Irrigated,positive
3014,69176,84.2,20,3,100,0,Cattle,Orma Boran,Female,Adult,BDT073656,BSR015631,AVAQ69176,Hola,rvf,Non Irrigated,negative
3014,69448,84.2,20,3,100,0,Cattle,Orma Boran,Male,Adult,BDT073643,BSR015669,AVAQ69448,Hola,rvf,Non Irrigated,positive
3014,69176,84.2,20,3,100,0,Cattle,Orma Boran,Female,Adult,BDT073656,BSR015631,AVAQ69176,Hola,brucella,Non Irrigated,positive
3014,66465,84.2,20,3,100,0,Cattle,Orma Boran,Female,Weaner,BDT072652,BSR015658,AVAQ66465,Hola,rvf,Non Irrigated,negative
3014,66469,84.2,20,3,100,0,Cattle,Orma Boran,Female,Adult,BDT073614,BSR015671,AVAQ66469,Hola,brucella,Non Irrigated,negative
3014,69176,84.2,20,3,100,0,Cattle,Orma Boran,Female,Adult,BDT073656,BSR015631,AVAQ69176,Hola,qfever,Non Irrigated,negative
3014,69448,84.2,20,3,100,0,Cattle,Orma Boran,Male,Adult,BDT073643,BSR015669,AVAQ69448,Hola,qfever,Non Irrigated,negative
3014,66465,84.2,20,3,100,0,Cattle,Orma Boran,Female,Weaner,BDT072652,BSR015658,AVAQ66465,Hola,brucella,Non Irrigated,positive
3014,69448,84.2,20,3,100,0,Cattle,Orma Boran,Male,Adult,BDT073643,BSR015669,AVAQ69448,Hola,brucella,Non Irrigated,negative
3014,66465,84.2,20,3,100,0,Cattle,Orma Boran,Female,Weaner,BDT072652,BSR015658,AVAQ66465,Hola,qfever,Non Irrigated,negative
3015,66416,84.2,70,40,50,0,Cattle,Orma Boran,Female,Weaner,BDT073618,BSR015665,AVAQ66416,Hola,qfever,Non Irrigated,negative
3015,66476,84.2,70,40,50,0,Cattle,Orma Boran,Female,Adult,BDT073624,BSR015630,AVAQ66476,Hola,brucella,Non Irrigated,negative
3015,66366,84.2,70,40,50,0,Goat,"Galla Goat, Cross",Female,Adult,BDT073725,BSR016517,AVAQ66366,Hola,brucella,Non Irrigated,negative
3015,66476,84.2,70,40,50,0,Cattle,Orma Boran,Female,Adult,BDT073624,BSR015630,AVAQ66476,Hola,rvf,Non Irrigated,negative
3015,66366,84.2,70,40,50,0,Goat,"Galla Goat, Cross",Female,Adult,BDT073725,BSR016517,AVAQ66366,Hola,qfever,Non Irrigated,negative
3015,66416,84.2,70,40,50,0,Cattle,Orma Boran,Female,Weaner,BDT073618,BSR015665,AVAQ66416,Hola,brucella,Non Irrigated,negative
3015,66472,84.2,70,40,50,0,Cattle,Orma Boran,Male,Weaner,BDT073619,BSR015649,AVAQ66472,Hola,brucella,Non Irrigated,negative
3015,66476,84.2,70,40,50,0,Cattle,Orma Boran,Female,Adult,BDT073624,BSR015630,AVAQ66476,Hola,qfever,Non Irrigated,negative
3015,66318,84.2,70,40,50,0,Cattle,Orma Boran,Female,Adult,BDT073634,BSR015646,AVAQ66318,Hola,brucella,Non Irrigated,negative
3015,66377,84.2,70,40,50,0,Cattle,Orma Boran,Female,Adult,BDT073612,BSR015652,AVAQ66377,Hola,qfever,Non Irrigated,negative
3015,66472,84.2,70,40,50,0,Cattle,Orma Boran,Male,Weaner,BDT073619,BSR015649,AVAQ66472,Hola,rvf,Non Irrigated,positive
3015,66480,84.2,70,40,50,0,Cattle,Orma Boran,Male,Weaner,BDT073640,BSR015643,AVAQ66480,Hola,rvf,Non Irrigated,negative
3015,66318,84.2,70,40,50,0,Cattle,Orma Boran,Female,Adult,BDT073634,BSR015646,AVAQ66318,Hola,rvf,Non Irrigated,positive
3015,66377,84.2,70,40,50,0,Cattle,Orma Boran,Female,Adult,BDT073612,BSR015652,AVAQ66377,Hola,rvf,Non Irrigated,positive
3015,66377,84.2,70,40,50,0,Cattle,Orma Boran,Female,Adult,BDT073612,BSR015652,AVAQ66377,Hola,brucella,Non Irrigated,negative
3015,66318,84.2,70,40,50,0,Cattle,Orma Boran,Female,Adult,BDT073634,BSR015646,AVAQ66318,Hola,qfever,Non Irrigated,negative
3015,66480,84.2,70,40,50,0,Cattle,Orma Boran,Male,Weaner,BDT073640,BSR015643,AVAQ66480,Hola,qfever,Non Irrigated,negative
3015,66472,84.2,70,40,50,0,Cattle,Orma Boran,Male,Weaner,BDT073619,BSR015649,AVAQ66472,Hola,qfever,Non Irrigated,negative
3015,66416,84.2,70,40,50,0,Cattle,Orma Boran,Female,Weaner,BDT073618,BSR015665,AVAQ66416,Hola,rvf,Non Irrigated,negative
3015,66480,84.2,70,40,50,0,Cattle,Orma Boran,Male,Weaner,BDT073640,BSR015643,AVAQ66480,Hola,brucella,Non Irrigated,negative
3015,66366,84.2,70,40,50,0,Goat,"Galla Goat, Cross",Female,Adult,BDT073725,BSR016517,AVAQ66366,Hola,rvf,Non Irrigated,positive
3016,69418,86.7,,,,,Cattle,Orma Boran,Female,Adult,BDT073609,BSR015626,AVAQ69418,Hola,rvf,Non Irrigated,negative
3016,69207,85.8,,,,,Cattle,Orma Boran,Female,Adult,BDT073642,BSR015645,AVAQ69207,Hola,brucella,Non Irrigated,negative
3016,69337,85.2,,,,,Cattle,Orma Boran,Male,Adult,BDT072538,BSR015651,AVAQ69337,Hola,qfever,Non Irrigated,negative
3016,69338,85.2,,,,,Cattle,Orma Boran,Female,Adult,BDT073621,BSR015673,AVAQ69338,Hola,qfever,Non Irrigated,negative
3016,66358,83.7,,,,,Cattle,Orma Boran,Female,Weaner,BDT073622,BSR015635,AVAQ66358,Hola,rvf,Non Irrigated,negative
3016,69338,85.2,,,,,Cattle,Orma Boran,Female,Adult,BDT073621,BSR015673,AVAQ69338,Hola,rvf,Non Irrigated,positive
3016,66358,83.7,,,,,Cattle,Orma Boran,Female,Weaner,BDT073622,BSR015635,AVAQ66358,Hola,qfever,Non Irrigated,negative
3016,69207,85.8,,,,,Cattle,Orma Boran,Female,Adult,BDT073642,BSR015645,AVAQ69207,Hola,qfever,Non Irrigated,negative
3016,66358,83.7,,,,,Cattle,Orma Boran,Female,Weaner,BDT073622,BSR015635,AVAQ66358,Hola,brucella,Non Irrigated,negative
3016,69207,85.8,,,,,Cattle,Orma Boran,Female,Adult,BDT073642,BSR015645,AVAQ69207,Hola,rvf,Non Irrigated,negative
3016,69418,86.7,,,,,Cattle,Orma Boran,Female,Adult,BDT073609,BSR015626,AVAQ69418,Hola,brucella,Non Irrigated,negative
3016,69338,85.2,,,,,Cattle,Orma Boran,Female,Adult,BDT073621,BSR015673,AVAQ69338,Hola,brucella,Non Irrigated,negative
3016,69418,86.7,,,,,Cattle,Orma Boran,Female,Adult,BDT073609,BSR015626,AVAQ69418,Hola,qfever,Non Irrigated,negative
3016,69337,85.2,,,,,Cattle,Orma Boran,Male,Adult,BDT072538,BSR015651,AVAQ69337,Hola,rvf,Non Irrigated,negative
3016,69337,85.2,,,,,Cattle,Orma Boran,Male,Adult,BDT072538,BSR015651,AVAQ69337,Hola,brucella,Non Irrigated,negative
3017,66376,86.1,50,50,200,0,Goat,"Galla Goat, Cross",Female,Adult,BDT072611,BSR016502,AVAQ66376,Hola,qfever,Non Irrigated,negative
3017,66379,86.1,50,50,200,0,Goat,"Galla Goat, Cross",Female,Adult,BDT072619,BSR016501,AVAQ66379,Hola,brucella,Non Irrigated,negative
3017,66376,86.1,50,50,200,0,Goat,"Galla Goat, Cross",Female,Adult,BDT072611,BSR016502,AVAQ66376,Hola,brucella,Non Irrigated,positive
3017,66466,86.1,50,50,200,0,Cattle,Orma Boran,Male,Kid/Lamb/Calf,BDT073620,BSR016477,AVAQ66466,Hola,qfever,Non Irrigated,negative
3017,69208,86.1,50,50,200,0,Goat,"Galla Goat, Cross",Female,Adult,BDT072622,BSR016524,AVAQ69208,Hola,brucella,Non Irrigated,negative
3017,66365,86.1,50,50,200,0,Sheep,Black Head Persian,Female,Adult,BDT072618,BSR016491,AVAQ66365,Hola,rvf,Non Irrigated,positive
3017,66303,86.1,50,50,200,0,Sheep,Black Head Persian,Female,Adult,BDT072615,BSR016513,AVAQ66303,Hola,rvf,Non Irrigated,positive
3017,66378,86.1,50,50,200,0,Cattle,Orma Boran,Female,Kid/Lamb/Calf,BDT073641,BSR016485,AVAQ66378,Hola,qfever,Non Irrigated,negative
3017,66319,86.1,50,50,200,0,Sheep,Black Head Persian,Male,Adult,BDT073690,BSR016482,AVAQ66319,Hola,brucella,Non Irrigated,negative
3017,66311,86.1,50,50,200,0,Goat,"Galla Goat, Cross",Female,Adult,BDT073639,BSR015634,AVAQ66311,Hola,qfever,Non Irrigated,negative
3017,66475,86.1,50,50,200,0,Cattle,Orma Boran,Female,Adult,BDT073644,BSR015637,AVAQ66475,Hola,brucella,Non Irrigated,negative
3017,66423,86.1,50,50,200,0,Sheep,Black Head Persian,Male,Adult,BDT073691,BSR016487,AVAQ66423,Hola,rvf,Non Irrigated,negative
3017,66412,86.1,50,50,200,0,Cattle,Orma Boran,Male,Kid/Lamb/Calf,BDT073649,BSR016499,AVAQ66412,Hola,rvf,Non Irrigated,negative
3017,66305,86.1,50,50,200,0,Goat,"Galla Goat, Cross",Female,Adult,BDT072628,BSR016500,AVAQ66305,Hola,qfever,Non Irrigated,negative
3017,66421,86.1,50,50,200,0,Cattle,Orma Boran,Male,Kid/Lamb/Calf,BDT073630,BSR016498,AVAQ66421,Hola,rvf,Non Irrigated,negative
3017,66323,86.1,50,50,200,0,Goat,"Galla Goat, Cross",Male,Adult,BDT073657,BSR016480,AVAQ66323,Hola,rvf,Non Irrigated,positive
3017,66304,86.1,50,50,200,0,Sheep,Black Head Persian,Male,Weaner,BDT073689,BSR016509,AVAQ66304,Hola,brucella,Non Irrigated,negative
3017,66304,86.1,50,50,200,0,Sheep,Black Head Persian,Male,Weaner,BDT073689,BSR016509,AVAQ66304,Hola,qfever,Non Irrigated,negative
3017,66473,86.1,50,50,200,0,Cattle,Orma Boran,Female,Weaner,BDT073647,BSR015642,AVAQ66473,Hola,rvf,Non Irrigated,positive
3017,66369,86.1,50,50,200,0,Cattle,Orma Boran,Female,Adult,BDT073636,BSR015636,AVAQ66369,Hola,qfever,Non Irrigated,negative
3017,66435,86.1,50,50,200,0,Goat,"Galla Goat, Cross",Female,Adult,BDT072621,BSR016503,AVAQ66435,Hola,qfever,Non Irrigated,negative
3017,66378,86.1,50,50,200,0,Cattle,Orma Boran,Female,Kid/Lamb/Calf,BDT073641,BSR016485,AVAQ66378,Hola,brucella,Non Irrigated,negative
3017,66315,86.1,50,50,200,0,Cattle,Orma Boran,Female,Weaner,BDT073653,BSR015664,AVAQ66315,Hola,qfever,Non Irrigated,negative
3017,66365,86.1,50,50,200,0,Sheep,Black Head Persian,Female,Adult,BDT072618,BSR016491,AVAQ66365,Hola,qfever,Non Irrigated,positive
3017,66359,86.1,50,50,200,0,Sheep,Black Head Persian,Female,Adult,BDT072612,BSR016514,AVAQ66359,Hola,rvf,Non Irrigated,positive
3017,66324,86.1,50,50,200,0,Goat,"Galla Goat, Cross",Female,Adult,BDT072609,BSR016497,AVAQ66324,Hola,rvf,Non Irrigated,positive
3017,66309,86.1,50,50,200,0,Goat,"Galla Goat, Cross",Female,Adult,BDT072642,BSR016519,AVAQ66309,Hola,qfever,Non Irrigated,negative
3017,66303,86.1,50,50,200,0,Sheep,Black Head Persian,Female,Adult,BDT072615,BSR016513,AVAQ66303,Hola,qfever,Non Irrigated,negative
3017,66423,86.1,50,50,200,0,Sheep,Black Head Persian,Male,Adult,BDT073691,BSR016487,AVAQ66423,Hola,brucella,Non Irrigated,negative
3017,66314,86.1,50,50,200,0,Goat,"Galla Goat, Cross",Female,Adult,BDT073617,BSR016481,AVAQ66314,Hola,qfever,Non Irrigated,positive
3017,66466,86.1,50,50,200,0,Cattle,Orma Boran,Male,Kid/Lamb/Calf,BDT073620,BSR016477,AVAQ66466,Hola,rvf,Non Irrigated,negative
3017,66315,86.1,50,50,200,0,Cattle,Orma Boran,Female,Weaner,BDT073653,BSR015664,AVAQ66315,Hola,brucella,Non Irrigated,negative
3017,69456,86.1,50,50,200,0,Goat,"Galla Goat, Cross",Female,Adult,BDT072610,BSR016495,AVAQ69456,Hola,qfever,Non Irrigated,positive
3017,66475,86.1,50,50,200,0,Cattle,Orma Boran,Female,Adult,BDT073644,BSR015637,AVAQ66475,Hola,rvf,Non Irrigated,positive
3017,66311,86.1,50,50,200,0,Goat,"Galla Goat, Cross",Female,Adult,BDT073639,BSR015634,AVAQ66311,Hola,brucella,Non Irrigated,negative
3017,66425,86.1,50,50,200,0,Cattle,Orma Boran,Male,Adult,BDT073655,BSR015657,AVAQ66425,Hola,rvf,Non Irrigated,negative
3017,66417,86.1,50,50,200,0,Goat,"Galla Goat, Cross",Female,Adult,BDT072623,BSR016505,AVAQ66417,Hola,rvf,Non Irrigated,positive
3017,66473,86.1,50,50,200,0,Cattle,Orma Boran,Female,Weaner,BDT073647,BSR015642,AVAQ66473,Hola,brucella,Non Irrigated,negative
3017,66314,86.1,50,50,200,0,Goat,"Galla Goat, Cross",Female,Adult,BDT073617,BSR016481,AVAQ66314,Hola,rvf,Non Irrigated,positive
3017,69451,86.1,50,50,200,0,Cattle,Orma Boran,Female,Weaner,BDT073650,BSR016476,AVAQ69451,Hola,rvf,Non Irrigated,positive
3017,66303,86.1,50,50,200,0,Sheep,Black Head Persian,Female,Adult,BDT072615,BSR016513,AVAQ66303,Hola,brucella,Non Irrigated,negative
3017,66359,86.1,50,50,200,0,Sheep,Black Head Persian,Female,Adult,BDT072612,BSR016514,AVAQ66359,Hola,brucella,Non Irrigated,negative
3017,66365,86.1,50,50,200,0,Sheep,Black Head Persian,Female,Adult,BDT072618,BSR016491,AVAQ66365,Hola,brucella,Non Irrigated,negative
3017,69451,86.1,50,50,200,0,Cattle,Orma Boran,Female,Weaner,BDT073650,BSR016476,AVAQ69451,Hola,qfever,Non Irrigated,negative
3017,66485,86.1,50,50,200,0,Cattle,Orma Boran,Female,Adult,BDT073632,BSR015628,AVAQ66485,Hola,brucella,Non Irrigated,positive
3017,69302,86.1,50,50,200,0,Cattle,Orma Boran,Female,Adult,BDT073652,BSR016504,AVAQ69302,Hola,brucella,Non Irrigated,positive
3017,66379,86.1,50,50,200,0,Goat,"Galla Goat, Cross",Female,Adult,BDT072619,BSR016501,AVAQ66379,Hola,rvf,Non Irrigated,negative
3017,69302,86.1,50,50,200,0,Cattle,Orma Boran,Female,Adult,BDT073652,BSR016504,AVAQ69302,Hola,qfever,Non Irrigated,negative
3017,66309,86.1,50,50,200,0,Goat,"Galla Goat, Cross",Female,Adult,BDT072642,BSR016519,AVAQ66309,Hola,rvf,Non Irrigated,negative
3017,66425,86.1,50,50,200,0,Cattle,Orma Boran,Male,Adult,BDT073655,BSR015657,AVAQ66425,Hola,qfever,Non Irrigated,negative
3017,66364,86.1,50,50,200,0,Goat,"Galla Goat, Cross",Female,Adult,BDT072620,BSR016494,AVAQ66364,Hola,brucella,Non Irrigated,negative
3017,66435,86.1,50,50,200,0,Goat,"Galla Goat, Cross",Female,Adult,BDT072621,BSR016503,AVAQ66435,Hola,rvf,Non Irrigated,negative
3017,66364,86.1,50,50,200,0,Goat,"Galla Goat, Cross",Female,Adult,BDT072620,BSR016494,AVAQ66364,Hola,rvf,Non Irrigated,positive
3017,66425,86.1,50,50,200,0,Cattle,Orma Boran,Male,Adult,BDT073655,BSR015657,AVAQ66425,Hola,brucella,Non Irrigated,negative
3017,66367,86.1,50,50,200,0,Cattle,Orma Boran,Female,Adult,BDT073610,BSR015655,AVAQ66367,Hola,rvf,Non Irrigated,positive
3017,66305,86.1,50,50,200,0,Goat,"Galla Goat, Cross",Female,Adult,BDT072628,BSR016500,AVAQ66305,Hola,rvf,Non Irrigated,positive
3017,69302,86.1,50,50,200,0,Cattle,Orma Boran,Female,Adult,BDT073652,BSR016504,AVAQ69302,Hola,rvf,Non Irrigated,positive
3017,66485,86.1,50,50,200,0,Cattle,Orma Boran,Female,Adult,BDT073632,BSR015628,AVAQ66485,Hola,qfever,Non Irrigated,negative
3017,66466,86.1,50,50,200,0,Cattle,Orma Boran,Male,Kid/Lamb/Calf,BDT073620,BSR016477,AVAQ66466,Hola,brucella,Non Irrigated,negative
3017,66319,86.1,50,50,200,0,Sheep,Black Head Persian,Male,Adult,BDT073690,BSR016482,AVAQ66319,Hola,qfever,Non Irrigated,negative
3017,66434,86.1,50,50,200,0,Goat,"Galla Goat, Cross",Female,Adult,BDT073611,BSR016486,AVAQ66434,Hola,qfever,Non Irrigated,negative
3017,66417,86.1,50,50,200,0,Goat,"Galla Goat, Cross",Female,Adult,BDT072623,BSR016505,AVAQ66417,Hola,brucella,Non Irrigated,positive
3017,66315,86.1,50,50,200,0,Cattle,Orma Boran,Female,Weaner,BDT073653,BSR015664,AVAQ66315,Hola,rvf,Non Irrigated,negative
3017,66412,86.1,50,50,200,0,Cattle,Orma Boran,Male,Kid/Lamb/Calf,BDT073649,BSR016499,AVAQ66412,Hola,qfever,Non Irrigated,negative
3017,66378,86.1,50,50,200,0,Cattle,Orma Boran,Female,Kid/Lamb/Calf,BDT073641,BSR016485,AVAQ66378,Hola,rvf,Non Irrigated,negative
3017,66421,86.1,50,50,200,0,Cattle,Orma Boran,Male,Kid/Lamb/Calf,BDT073630,BSR016498,AVAQ66421,Hola,brucella,Non Irrigated,negative
3017,66305,86.1,50,50,200,0,Goat,"Galla Goat, Cross",Female,Adult,BDT072628,BSR016500,AVAQ66305,Hola,brucella,Non Irrigated,negative
3017,66323,86.1,50,50,200,0,Goat,"Galla Goat, Cross",Male,Adult,BDT073657,BSR016480,AVAQ66323,Hola,qfever,Non Irrigated,negative
3017,66367,86.1,50,50,200,0,Cattle,Orma Boran,Female,Adult,BDT073610,BSR015655,AVAQ66367,Hola,brucella,Non Irrigated,negative
3017,66304,86.1,50,50,200,0,Sheep,Black Head Persian,Male,Weaner,BDT073689,BSR016509,AVAQ66304,Hola,rvf,Non Irrigated,negative
3017,66379,86.1,50,50,200,0,Goat,"Galla Goat, Cross",Female,Adult,BDT072619,BSR016501,AVAQ66379,Hola,qfever,Non Irrigated,negative
3017,66485,86.1,50,50,200,0,Cattle,Orma Boran,Female,Adult,BDT073632,BSR015628,AVAQ66485,Hola,rvf,Non Irrigated,positive
3017,69208,86.1,50,50,200,0,Goat,"Galla Goat, Cross",Female,Adult,BDT072622,BSR016524,AVAQ69208,Hola,rvf,Non Irrigated,positive
3017,66311,86.1,50,50,200,0,Goat,"Galla Goat, Cross",Female,Adult,BDT073639,BSR015634,AVAQ66311,Hola,rvf,Non Irrigated,negative
3017,66473,86.1,50,50,200,0,Cattle,Orma Boran,Female,Weaner,BDT073647,BSR015642,AVAQ66473,Hola,qfever,Non Irrigated,negative
3017,66412,86.1,50,50,200,0,Cattle,Orma Boran,Male,Kid/Lamb/Calf,BDT073649,BSR016499,AVAQ66412,Hola,brucella,Non Irrigated,negative
3017,66369,86.1,50,50,200,0,Cattle,Orma Boran,Female,Adult,BDT073636,BSR015636,AVAQ66369,Hola,rvf,Non Irrigated,negative
3017,69456,86.1,50,50,200,0,Goat,"Galla Goat, Cross",Female,Adult,BDT072610,BSR016495,AVAQ69456,Hola,brucella,Non Irrigated,negative
3017,69208,86.1,50,50,200,0,Goat,"Galla Goat, Cross",Female,Adult,BDT072622,BSR016524,AVAQ69208,Hola,qfever,Non Irrigated,positive
3017,69456,86.1,50,50,200,0,Goat,"Galla Goat, Cross",Female,Adult,BDT072610,BSR016495,AVAQ69456,Hola,rvf,Non Irrigated,positive
3017,66475,86.1,50,50,200,0,Cattle,Orma Boran,Female,Adult,BDT073644,BSR015637,AVAQ66475,Hola,qfever,Non Irrigated,negative
3017,66323,86.1,50,50,200,0,Goat,"Galla Goat, Cross",Male,Adult,BDT073657,BSR016480,AVAQ66323,Hola,brucella,Non Irrigated,negative
3017,66376,86.1,50,50,200,0,Goat,"Galla Goat, Cross",Female,Adult,BDT072611,BSR016502,AVAQ66376,Hola,rvf,Non Irrigated,positive
3017,66369,86.1,50,50,200,0,Cattle,Orma Boran,Female,Adult,BDT073636,BSR015636,AVAQ66369,Hola,brucella,Non Irrigated,negative
3017,69451,86.1,50,50,200,0,Cattle,Orma Boran,Female,Weaner,BDT073650,BSR016476,AVAQ69451,Hola,brucella,Non Irrigated,negative
3017,66434,86.1,50,50,200,0,Goat,"Galla Goat, Cross",Female,Adult,BDT073611,BSR016486,AVAQ66434,Hola,rvf,Non Irrigated,negative
3017,66435,86.1,50,50,200,0,Goat,"Galla Goat, Cross",Female,Adult,BDT072621,BSR016503,AVAQ66435,Hola,brucella,Non Irrigated,negative
3017,66421,86.1,50,50,200,0,Cattle,Orma Boran,Male,Kid/Lamb/Calf,BDT073630,BSR016498,AVAQ66421,Hola,qfever,Non Irrigated,negative
3017,66324,86.1,50,50,200,0,Goat,"Galla Goat, Cross",Female,Adult,BDT072609,BSR016497,AVAQ66324,Hola,brucella,Non Irrigated,positive
3017,66309,86.1,50,50,200,0,Goat,"Galla Goat, Cross",Female,Adult,BDT072642,BSR016519,AVAQ66309,Hola,brucella,Non Irrigated,negative
3017,66319,86.1,50,50,200,0,Sheep,Black Head Persian,Male,Adult,BDT073690,BSR016482,AVAQ66319,Hola,rvf,Non Irrigated,positive
3017,66324,86.1,50,50,200,0,Goat,"Galla Goat, Cross",Female,Adult,BDT072609,BSR016497,AVAQ66324,Hola,qfever,Non Irrigated,positive
3017,66359,86.1,50,50,200,0,Sheep,Black Head Persian,Female,Adult,BDT072612,BSR016514,AVAQ66359,Hola,qfever,Non Irrigated,negative
3017,66364,86.1,50,50,200,0,Goat,"Galla Goat, Cross",Female,Adult,BDT072620,BSR016494,AVAQ66364,Hola,qfever,Non Irrigated,negative
3017,66314,86.1,50,50,200,0,Goat,"Galla Goat, Cross",Female,Adult,BDT073617,BSR016481,AVAQ66314,Hola,brucella,Non Irrigated,negative
3017,66417,86.1,50,50,200,0,Goat,"Galla Goat, Cross",Female,Adult,BDT072623,BSR016505,AVAQ66417,Hola,qfever,Non Irrigated,positive
3017,66434,86.1,50,50,200,0,Goat,"Galla Goat, Cross",Female,Adult,BDT073611,BSR016486,AVAQ66434,Hola,brucella,Non Irrigated,negative
3017,66367,86.1,50,50,200,0,Cattle,Orma Boran,Female,Adult,BDT073610,BSR015655,AVAQ66367,Hola,qfever,Non Irrigated,negative
3017,66423,86.1,50,50,200,0,Sheep,Black Head Persian,Male,Adult,BDT073691,BSR016487,AVAQ66423,Hola,qfever,Non Irrigated,positive
3018,66375,89.2,100,5,120,0,Goat,"Galla Goat, Cross",Female,Adult,BDT073726,BSR016516,AVAQ66375,Hola,qfever,Non Irrigated,negative
3018,69470,89.2,100,5,120,0,Goat,"Galla Goat, Cross",Female,Adult,BDT073728,BSR016506,AVAQ69470,Hola,qfever,Non Irrigated,negative
3018,69119,89.2,100,5,120,0,Goat,"Galla Goat, Cross",Female,Adult,BDT073684,BSR016489,AVAQ69119,Hola,brucella,Non Irrigated,negative
3018,69333,89.2,100,5,120,0,Goat,"Galla Goat, Cross",Female,Adult,BDT073724,BSR016515,AVAQ69333,Hola,rvf,Non Irrigated,positive
3018,69140,89.2,100,5,120,0,Goat,"Galla Goat, Cross",Female,Adult,BDT073680,BSR016510,AVAQ69140,Hola,rvf,Non Irrigated,negative
3018,69309,89.2,100,5,120,0,Goat,"Galla Goat, Cross",Male,Adult,BDT073727,BSR016511,AVAQ69309,Hola,rvf,Non Irrigated,negative
3018,66355,89.2,100,5,120,0,Goat,"Galla Goat, Cross",Female,Adult,BDT073721,BSR016521,AVAQ66355,Hola,qfever,Non Irrigated,negative
3018,69470,89.2,100,5,120,0,Goat,"Galla Goat, Cross",Female,Adult,BDT073728,BSR016506,AVAQ69470,Hola,rvf,Non Irrigated,positive
3018,69333,89.2,100,5,120,0,Goat,"Galla Goat, Cross",Female,Adult,BDT073724,BSR016515,AVAQ69333,Hola,brucella,Non Irrigated,negative
3018,69333,89.2,100,5,120,0,Goat,"Galla Goat, Cross",Female,Adult,BDT073724,BSR016515,AVAQ69333,Hola,qfever,Non Irrigated,negative
3018,69485,89.2,100,5,120,0,Goat,"Galla Goat, Cross",Female,Adult,BDT073685,BSR016478,AVAQ69485,Hola,rvf,Non Irrigated,positive
3018,66375,89.2,100,5,120,0,Goat,"Galla Goat, Cross",Female,Adult,BDT073726,BSR016516,AVAQ66375,Hola,brucella,Non Irrigated,positive
3018,66436,89.2,100,5,120,0,Goat,"Galla Goat, Cross",Female,Adult,BDT073633,BSR016496,AVAQ66436,Hola,brucella,Non Irrigated,negative
3018,66436,89.2,100,5,120,0,Goat,"Galla Goat, Cross",Female,Adult,BDT073633,BSR016496,AVAQ66436,Hola,rvf,Non Irrigated,positive
3018,65412,89.2,100,5,120,0,Goat,"Galla Goat, Cross",Female,Adult,BDT073692,BSR016507,AVAQ65412,Hola,qfever,Non Irrigated,negative
3018,69309,89.2,100,5,120,0,Goat,"Galla Goat, Cross",Male,Adult,BDT073727,BSR016511,AVAQ69309,Hola,qfever,Non Irrigated,negative
3018,69485,89.2,100,5,120,0,Goat,"Galla Goat, Cross",Female,Adult,BDT073685,BSR016478,AVAQ69485,Hola,qfever,Non Irrigated,negative
3018,69119,89.2,100,5,120,0,Goat,"Galla Goat, Cross",Female,Adult,BDT073684,BSR016489,AVAQ69119,Hola,qfever,Non Irrigated,negative
3018,65412,89.2,100,5,120,0,Goat,"Galla Goat, Cross",Female,Adult,BDT073692,BSR016507,AVAQ65412,Hola,rvf,Non Irrigated,positive
3018,66355,89.2,100,5,120,0,Goat,"Galla Goat, Cross",Female,Adult,BDT073721,BSR016521,AVAQ66355,Hola,brucella,Non Irrigated,negative
3018,66436,89.2,100,5,120,0,Goat,"Galla Goat, Cross",Female,Adult,BDT073633,BSR016496,AVAQ66436,Hola,qfever,Non Irrigated,negative
3018,69485,89.2,100,5,120,0,Goat,"Galla Goat, Cross",Female,Adult,BDT073685,BSR016478,AVAQ69485,Hola,brucella,Non Irrigated,negative
3018,69140,89.2,100,5,120,0,Goat,"Galla Goat, Cross",Female,Adult,BDT073680,BSR016510,AVAQ69140,Hola,brucella,Non Irrigated,positive
3018,69119,89.2,100,5,120,0,Goat,"Galla Goat, Cross",Female,Adult,BDT073684,BSR016489,AVAQ69119,Hola,rvf,Non Irrigated,positive
3018,66375,89.2,100,5,120,0,Goat,"Galla Goat, Cross",Female,Adult,BDT073726,BSR016516,AVAQ66375,Hola,rvf,Non Irrigated,negative
3018,66355,89.2,100,5,120,0,Goat,"Galla Goat, Cross",Female,Adult,BDT073721,BSR016521,AVAQ66355,Hola,rvf,Non Irrigated,positive
3018,65412,89.2,100,5,120,0,Goat,"Galla Goat, Cross",Female,Adult,BDT073692,BSR016507,AVAQ65412,Hola,brucella,Non Irrigated,negative
3018,69470,89.2,100,5,120,0,Goat,"Galla Goat, Cross",Female,Adult,BDT073728,BSR016506,AVAQ69470,Hola,brucella,Non Irrigated,negative
3018,69309,89.2,100,5,120,0,Goat,"Galla Goat, Cross",Male,Adult,BDT073727,BSR016511,AVAQ69309,Hola,brucella,Non Irrigated,positive
3018,69140,89.2,100,5,120,0,Goat,"Galla Goat, Cross",Female,Adult,BDT073680,BSR016510,AVAQ69140,Hola,qfever,Non Irrigated,negative
3019,69285,81.4,120,180,50,9,Cattle,Orma Boran,Female,Adult,BDT073485,BSR015619,AVAQ69285,Hola,brucella,Non Irrigated,negative
3019,69718,81.4,120,180,50,9,Sheep,Black Head Persian,Female,Adult,BDT073498,BSR016286,AVAQ69718,Hola,rvf,Non Irrigated,negative
3019,69760,81.4,120,180,50,9,Sheep,Black Head Persian,Female,Adult,BDT073718,BSR015595,AVAQ69760,Hola,rvf,Non Irrigated,positive
3019,69646,81.4,120,180,50,9,Cattle,Orma Boran,Female,Weaner,BDT073627,BSR016483,AVAQ69646,Hola,brucella,Non Irrigated,negative
3019,69020,81.4,120,180,50,9,Sheep,Black Head Persian,Female,Adult,BDT073494,BSR016307,AVAQ69020,Hola,qfever,Non Irrigated,positive
3019,69453,81.4,120,180,50,9,Goat,"Galla Goat, Cross",Female,Weaner,BDT073720,BSR016479,AVAQ69453,Hola,qfever,Non Irrigated,negative
3019,69705,81.4,120,180,50,9,Cattle,Orma Boran,Male,Weaner,BDT073463,BSR016280,AVAQ69705,Hola,rvf,Non Irrigated,negative
3019,69237,81.4,120,180,50,9,Goat,"Galla Goat, Cross",Female,Adult,BDT073700,BSR015605,AVAQ69237,Hola,rvf,Non Irrigated,positive
3019,69247,81.4,120,180,50,9,Cattle,Orma Boran,Female,Weaner,BDT073733,BSR016484,AVAQ69247,Hola,qfever,Non Irrigated,negative
3019,69247,81.4,120,180,50,9,Cattle,Orma Boran,Female,Weaner,BDT073733,BSR016484,AVAQ69247,Hola,brucella,Non Irrigated,negative
3019,69684,81.4,120,180,50,9,Sheep,Black Head Persian,Female,Adult,BDT072636,BSR016279,AVAQ69684,Hola,brucella,Non Irrigated,negative
3019,69749,81.4,120,180,50,9,Cattle,Orma Boran,Female,Adult,BDT072633,BSR016523,AVAQ69749,Hola,brucella,Non Irrigated,negative
3019,69015,81.4,120,180,50,9,Sheep,Black Head Persian,Female,Adult,BDT073499,BSR016493,AVAQ69015,Hola,brucella,Non Irrigated,negative
3019,69019,81.4,120,180,50,9,Cattle,Orma Boran,Female,Weaner,BDT073475,BSR016299,AVAQ69019,Hola,brucella,Non Irrigated,negative
3019,69429,81.4,120,180,50,9,Sheep,Black Head Persian,Male,Adult,BDT073493,BSR015613,AVAQ69429,Hola,qfever,Non Irrigated,negative
3019,69399,81.4,120,180,50,9,Goat,"Galla Goat, Cross",Female,Adult,BDT073503,BSR016312,AVAQ69399,Hola,brucella,Non Irrigated,negative
3019,69438,81.4,120,180,50,9,Sheep,Black Head Persian,Male,Adult,BDT073508,BSR015588,AVAQ69438,Hola,brucella,Non Irrigated,negative
3019,69808,81.4,120,180,50,9,Cattle,Orma Boran,Male,Weaner,BDT073467,BSR015603,AVAQ69808,Hola,brucella,Non Irrigated,negative
3019,69684,81.4,120,180,50,9,Sheep,Black Head Persian,Female,Adult,BDT072636,BSR016279,AVAQ69684,Hola,qfever,Non Irrigated,negative
3019,69019,81.4,120,180,50,9,Cattle,Orma Boran,Female,Weaner,BDT073475,BSR016299,AVAQ69019,Hola,rvf,Non Irrigated,negative
3019,69410,81.4,120,180,50,9,Goat,"Galla Goat, Cross",Female,Adult,BDT073495,BSR016275,AVAQ69410,Hola,brucella,Non Irrigated,positive
3019,69760,81.4,120,180,50,9,Sheep,Black Head Persian,Female,Adult,BDT073718,BSR015595,AVAQ69760,Hola,brucella,Non Irrigated,negative
3019,69272,81.4,120,180,50,9,Goat,"Galla Goat, Cross",Female,Adult,BDT073706,BSR015600,AVAQ69272,Hola,qfever,Non Irrigated,negative
3019,69237,81.4,120,180,50,9,Goat,"Galla Goat, Cross",Female,Adult,BDT073700,BSR015605,AVAQ69237,Hola,qfever,Non Irrigated,negative
3019,69284,81.4,120,180,50,9,Cattle,Orma Boran,Female,Weaner,BDT073698,BSR016520,AVAQ69284,Hola,brucella,Non Irrigated,negative
3019,69277,81.4,120,180,50,9,Sheep,Black Head Persian,Female,Adult,BDT073459,BSR016324,AVAQ69277,Hola,qfever,Non Irrigated,negative
3019,69410,81.4,120,180,50,9,Goat,"Galla Goat, Cross",Female,Adult,BDT073495,BSR016275,AVAQ69410,Hola,qfever,Non Irrigated,negative
3019,69681,81.4,120,180,50,9,Sheep,Black Head Persian,Male,Adult,BDT073732,BSR015604,AVAQ69681,Hola,rvf,Non Irrigated,negative
3019,69415,81.4,120,180,50,9,Goat,"Galla Goat, Cross",Female,Adult,BDT073505,BSR015601,AVAQ69415,Hola,qfever,Non Irrigated,negative
3019,69429,81.4,120,180,50,9,Sheep,Black Head Persian,Male,Adult,BDT073493,BSR015613,AVAQ69429,Hola,brucella,Non Irrigated,negative
3019,69704,81.4,120,180,50,9,Goat,"Galla Goat, Cross",Female,Adult,BDT073507,BSR015598,AVAQ69704,Hola,qfever,Non Irrigated,negative
3019,69284,81.4,120,180,50,9,Cattle,Orma Boran,Female,Weaner,BDT073698,BSR016520,AVAQ69284,Hola,rvf,Non Irrigated,negative
3019,69795,81.4,120,180,50,9,Cattle,Orma Boran,Female,Adult,BDT073476,BSR015582,AVAQ69795,Hola,brucella,Non Irrigated,negative
3019,69434,81.4,120,180,50,9,Goat,"Galla Goat, Cross",Female,Adult,BDT073492,BSR015618,AVAQ69434,Hola,brucella,Non Irrigated,negative
3019,69701,81.4,120,180,50,9,Cattle,Orma Boran,Female,Weaner,BDT073654,BSR016488,AVAQ69701,Hola,qfever,Non Irrigated,negative
3019,69277,81.4,120,180,50,9,Sheep,Black Head Persian,Female,Adult,BDT073459,BSR016324,AVAQ69277,Hola,rvf,Non Irrigated,negative
3019,69019,81.4,120,180,50,9,Cattle,Orma Boran,Female,Weaner,BDT073475,BSR016299,AVAQ69019,Hola,qfever,Non Irrigated,negative
3019,69472,81.4,120,180,50,9,Goat,"Galla Goat, Cross",Male,Adult,BDT073478,BSR015624,AVAQ69472,Hola,qfever,Non Irrigated,negative
3019,69020,81.4,120,180,50,9,Sheep,Black Head Persian,Female,Adult,BDT073494,BSR016307,AVAQ69020,Hola,brucella,Non Irrigated,negative
3019,69658,81.4,120,180,50,9,Cattle,Orma Boran,Female,Weaner,BDT073470,BSR016281,AVAQ69658,Hola,qfever,Non Irrigated,negative
3019,69705,81.4,120,180,50,9,Cattle,Orma Boran,Male,Weaner,BDT073463,BSR016280,AVAQ69705,Hola,qfever,Non Irrigated,negative
3019,69705,81.4,120,180,50,9,Cattle,Orma Boran,Male,Weaner,BDT073463,BSR016280,AVAQ69705,Hola,brucella,Non Irrigated,negative
3019,69165,81.4,120,180,50,9,Sheep,Black Head Persian,Male,Weaner,BDT073482,BSR016314,AVAQ69165,Hola,rvf,Non Irrigated,negative
3019,69814,81.4,120,180,50,9,Goat,"Galla Goat, Cross",Male,Weaner,BDT073489,BSR015575,AVAQ69814,Hola,rvf,Non Irrigated,negative
3019,69658,81.4,120,180,50,9,Cattle,Orma Boran,Female,Weaner,BDT073470,BSR016281,AVAQ69658,Hola,brucella,Non Irrigated,negative
3019,69327,81.4,120,180,50,9,Goat,"Galla Goat, Cross",Female,Adult,BDT073504,BSR015594,AVAQ69327,Hola,qfever,Non Irrigated,negative
3019,69718,81.4,120,180,50,9,Sheep,Black Head Persian,Female,Adult,BDT073498,BSR016286,AVAQ69718,Hola,qfever,Non Irrigated,negative
3019,69774,81.4,120,180,50,9,Sheep,Black Head Persian,Female,Weaner,BDT073486,BSR015615,AVAQ69774,Hola,qfever,Non Irrigated,negative
3019,69704,81.4,120,180,50,9,Goat,"Galla Goat, Cross",Female,Adult,BDT073507,BSR015598,AVAQ69704,Hola,rvf,Non Irrigated,positive
3019,69020,81.4,120,180,50,9,Sheep,Black Head Persian,Female,Adult,BDT073494,BSR016307,AVAQ69020,Hola,rvf,Non Irrigated,negative
3019,69438,81.4,120,180,50,9,Sheep,Black Head Persian,Male,Adult,BDT073508,BSR015588,AVAQ69438,Hola,qfever,Non Irrigated,negative
3019,69438,81.4,120,180,50,9,Sheep,Black Head Persian,Male,Adult,BDT073508,BSR015588,AVAQ69438,Hola,rvf,Non Irrigated,positive
3019,69405,81.4,120,180,50,9,Sheep,Black Head Persian,Female,Adult,BDT073488,BSR015591,AVAQ69405,Hola,qfever,Non Irrigated,negative
3019,69651,81.4,120,180,50,9,Goat,"Galla Goat, Cross",Female,Adult,BDT073502,BSR016475,AVAQ69651,Hola,rvf,Non Irrigated,negative
3019,69758,81.4,120,180,50,9,Goat,"Galla Goat, Cross",Female,Adult,BDT073477,BSR015610,AVAQ69758,Hola,qfever,Non Irrigated,negative
3019,69429,81.4,120,180,50,9,Sheep,Black Head Persian,Male,Adult,BDT073493,BSR015613,AVAQ69429,Hola,rvf,Non Irrigated,negative
3019,69808,81.4,120,180,50,9,Cattle,Orma Boran,Male,Weaner,BDT073467,BSR015603,AVAQ69808,Hola,rvf,Non Irrigated,negative
3019,69646,81.4,120,180,50,9,Cattle,Orma Boran,Female,Weaner,BDT073627,BSR016483,AVAQ69646,Hola,rvf,Non Irrigated,negative
3019,69718,81.4,120,180,50,9,Sheep,Black Head Persian,Female,Adult,BDT073498,BSR016286,AVAQ69718,Hola,brucella,Non Irrigated,negative
3019,69747,81.4,120,180,50,9,Goat,"Galla Goat, Cross",Female,Adult,BDT073481,BSR015622,AVAQ69747,Hola,rvf,Non Irrigated,negative
3019,69327,81.4,120,180,50,9,Goat,"Galla Goat, Cross",Female,Adult,BDT073504,BSR015594,AVAQ69327,Hola,brucella,Non Irrigated,negative
3019,69707,81.4,120,180,50,9,Cattle,Orma Boran,Female,Weaner,BDT073702,BSR016522,AVAQ69707,Hola,brucella,Non Irrigated,negative
3019,69651,81.4,120,180,50,9,Goat,"Galla Goat, Cross",Female,Adult,BDT073502,BSR016475,AVAQ69651,Hola,brucella,Non Irrigated,negative
3019,69472,81.4,120,180,50,9,Goat,"Galla Goat, Cross",Male,Adult,BDT073478,BSR015624,AVAQ69472,Hola,brucella,Non Irrigated,negative
3019,69247,81.4,120,180,50,9,Cattle,Orma Boran,Female,Weaner,BDT073733,BSR016484,AVAQ69247,Hola,rvf,Non Irrigated,negative
3019,69285,81.4,120,180,50,9,Cattle,Orma Boran,Female,Adult,BDT073485,BSR015619,AVAQ69285,Hola,rvf,Non Irrigated,negative
3019,69681,81.4,120,180,50,9,Sheep,Black Head Persian,Male,Adult,BDT073732,BSR015604,AVAQ69681,Hola,qfever,Non Irrigated,positive
3019,69453,81.4,120,180,50,9,Goat,"Galla Goat, Cross",Female,Weaner,BDT073720,BSR016479,AVAQ69453,Hola,rvf,Non Irrigated,negative
3019,69701,81.4,120,180,50,9,Cattle,Orma Boran,Female,Weaner,BDT073654,BSR016488,AVAQ69701,Hola,brucella,Non Irrigated,negative
3019,69774,81.4,120,180,50,9,Sheep,Black Head Persian,Female,Weaner,BDT073486,BSR015615,AVAQ69774,Hola,brucella,Non Irrigated,negative
3019,69015,81.4,120,180,50,9,Sheep,Black Head Persian,Female,Adult,BDT073499,BSR016493,AVAQ69015,Hola,qfever,Non Irrigated,negative
3019,69415,81.4,120,180,50,9,Goat,"Galla Goat, Cross",Female,Adult,BDT073505,BSR015601,AVAQ69415,Hola,rvf,Non Irrigated,positive
3019,69658,81.4,120,180,50,9,Cattle,Orma Boran,Female,Weaner,BDT073470,BSR016281,AVAQ69658,Hola,rvf,Non Irrigated,negative
3019,69794,81.4,120,180,50,9,Sheep,Black Head Persian,Male,Adult,BDT073710,BSR016290,AVAQ69794,Hola,brucella,Non Irrigated,negative
3019,69165,81.4,120,180,50,9,Sheep,Black Head Persian,Male,Weaner,BDT073482,BSR016314,AVAQ69165,Hola,brucella,Non Irrigated,negative
3019,69704,81.4,120,180,50,9,Goat,"Galla Goat, Cross",Female,Adult,BDT073507,BSR015598,AVAQ69704,Hola,brucella,Non Irrigated,negative
3019,69018,81.4,120,180,50,9,Goat,"Galla Goat, Cross",Male,Adult,BDT073707,BSR015611,AVAQ69018,Hola,brucella,Non Irrigated,negative
3019,69758,81.4,120,180,50,9,Goat,"Galla Goat, Cross",Female,Adult,BDT073477,BSR015610,AVAQ69758,Hola,brucella,Non Irrigated,negative
3019,69725,81.4,120,180,50,9,Cattle,Orma Boran,Female,Adult,BDT073484,BSR015614,AVAQ69725,Hola,qfever,Non Irrigated,positive
3019,69410,81.4,120,180,50,9,Goat,"Galla Goat, Cross",Female,Adult,BDT073495,BSR016275,AVAQ69410,Hola,rvf,Non Irrigated,negative
3019,69707,81.4,120,180,50,9,Cattle,Orma Boran,Female,Weaner,BDT073702,BSR016522,AVAQ69707,Hola,qfever,Non Irrigated,negative
3019,69794,81.4,120,180,50,9,Sheep,Black Head Persian,Male,Adult,BDT073710,BSR016290,AVAQ69794,Hola,rvf,Non Irrigated,positive
3019,69237,81.4,120,180,50,9,Goat,"Galla Goat, Cross",Female,Adult,BDT073700,BSR015605,AVAQ69237,Hola,brucella,Non Irrigated,negative
3019,69814,81.4,120,180,50,9,Goat,"Galla Goat, Cross",Male,Weaner,BDT073489,BSR015575,AVAQ69814,Hola,qfever,Non Irrigated,negative
3019,69434,81.4,120,180,50,9,Goat,"Galla Goat, Cross",Female,Adult,BDT073492,BSR015618,AVAQ69434,Hola,rvf,Non Irrigated,positive
3019,69412,81.4,120,180,50,9,Goat,"Galla Goat, Cross",Female,Adult,BDT073497,BSR015590,AVAQ69412,Hola,brucella,Non Irrigated,negative
3019,69789,81.4,120,180,50,9,Sheep,Black Head Persian,Female,Adult,BDT073468,BSR015606,AVAQ69789,Hola,qfever,Non Irrigated,negative
3019,69018,81.4,120,180,50,9,Goat,"Galla Goat, Cross",Male,Adult,BDT073707,BSR015611,AVAQ69018,Hola,rvf,Non Irrigated,negative
3019,69272,81.4,120,180,50,9,Goat,"Galla Goat, Cross",Female,Adult,BDT073706,BSR015600,AVAQ69272,Hola,brucella,Non Irrigated,negative
3019,69747,81.4,120,180,50,9,Goat,"Galla Goat, Cross",Female,Adult,BDT073481,BSR015622,AVAQ69747,Hola,brucella,Non Irrigated,negative
3019,69749,81.4,120,180,50,9,Cattle,Orma Boran,Female,Adult,BDT072633,BSR016523,AVAQ69749,Hola,rvf,Non Irrigated,negative
3019,69707,81.4,120,180,50,9,Cattle,Orma Boran,Female,Weaner,BDT073702,BSR016522,AVAQ69707,Hola,rvf,Non Irrigated,negative
3019,69399,81.4,120,180,50,9,Goat,"Galla Goat, Cross",Female,Adult,BDT073503,BSR016312,AVAQ69399,Hola,qfever,Non Irrigated,negative
3019,69472,81.4,120,180,50,9,Goat,"Galla Goat, Cross",Male,Adult,BDT073478,BSR015624,AVAQ69472,Hola,rvf,Non Irrigated,positive
3019,69165,81.4,120,180,50,9,Sheep,Black Head Persian,Male,Weaner,BDT073482,BSR016314,AVAQ69165,Hola,qfever,Non Irrigated,negative
3019,69646,81.4,120,180,50,9,Cattle,Orma Boran,Female,Weaner,BDT073627,BSR016483,AVAQ69646,Hola,qfever,Non Irrigated,negative
3019,69340,81.4,120,180,50,9,Sheep,Black Head Persian,Female,Adult,BDT073719,BSR016288,AVAQ69340,Hola,brucella,Non Irrigated,negative
3019,69760,81.4,120,180,50,9,Sheep,Black Head Persian,Female,Adult,BDT073718,BSR015595,AVAQ69760,Hola,qfever,Non Irrigated,negative
3019,69789,81.4,120,180,50,9,Sheep,Black Head Persian,Female,Adult,BDT073468,BSR015606,AVAQ69789,Hola,rvf,Non Irrigated,negative
3019,69453,81.4,120,180,50,9,Goat,"Galla Goat, Cross",Female,Weaner,BDT073720,BSR016479,AVAQ69453,Hola,brucella,Non Irrigated,negative
3019,69015,81.4,120,180,50,9,Sheep,Black Head Persian,Female,Adult,BDT073499,BSR016493,AVAQ69015,Hola,rvf,Non Irrigated,negative
3019,69651,81.4,120,180,50,9,Goat,"Galla Goat, Cross",Female,Adult,BDT073502,BSR016475,AVAQ69651,Hola,qfever,Non Irrigated,negative
3019,69808,81.4,120,180,50,9,Cattle,Orma Boran,Male,Weaner,BDT073467,BSR015603,AVAQ69808,Hola,qfever,Non Irrigated,negative
3019,69794,81.4,120,180,50,9,Sheep,Black Head Persian,Male,Adult,BDT073710,BSR016290,AVAQ69794,Hola,qfever,Non Irrigated,negative
3019,69819,81.4,120,180,50,9,Goat,"Galla Goat, Cross",Female,Adult,BDT073496,BSR016289,AVAQ69819,Hola,brucella,Non Irrigated,negative
3019,69415,81.4,120,180,50,9,Goat,"Galla Goat, Cross",Female,Adult,BDT073505,BSR015601,AVAQ69415,Hola,brucella,Non Irrigated,negative
3019,69277,81.4,120,180,50,9,Sheep,Black Head Persian,Female,Adult,BDT073459,BSR016324,AVAQ69277,Hola,brucella,Non Irrigated,negative
3019,69681,81.4,120,180,50,9,Sheep,Black Head Persian,Male,Adult,BDT073732,BSR015604,AVAQ69681,Hola,brucella,Non Irrigated,negative
3019,69774,81.4,120,180,50,9,Sheep,Black Head Persian,Female,Weaner,BDT073486,BSR015615,AVAQ69774,Hola,rvf,Non Irrigated,negative
3019,69725,81.4,120,180,50,9,Cattle,Orma Boran,Female,Adult,BDT073484,BSR015614,AVAQ69725,Hola,rvf,Non Irrigated,negative
3019,69285,81.4,120,180,50,9,Cattle,Orma Boran,Female,Adult,BDT073485,BSR015619,AVAQ69285,Hola,qfever,Non Irrigated,negative
3019,69789,81.4,120,180,50,9,Sheep,Black Head Persian,Female,Adult,BDT073468,BSR015606,AVAQ69789,Hola,brucella,Non Irrigated,negative
3019,69684,81.4,120,180,50,9,Sheep,Black Head Persian,Female,Adult,BDT072636,BSR016279,AVAQ69684,Hola,rvf,Non Irrigated,positive
3019,69340,81.4,120,180,50,9,Sheep,Black Head Persian,Female,Adult,BDT073719,BSR016288,AVAQ69340,Hola,rvf,Non Irrigated,positive
3019,69412,81.4,120,180,50,9,Goat,"Galla Goat, Cross",Female,Adult,BDT073497,BSR015590,AVAQ69412,Hola,rvf,Non Irrigated,positive
3019,69434,81.4,120,180,50,9,Goat,"Galla Goat, Cross",Female,Adult,BDT073492,BSR015618,AVAQ69434,Hola,qfever,Non Irrigated,negative
3019,69819,81.4,120,180,50,9,Goat,"Galla Goat, Cross",Female,Adult,BDT073496,BSR016289,AVAQ69819,Hola,qfever,Non Irrigated,negative
3019,69747,81.4,120,180,50,9,Goat,"Galla Goat, Cross",Female,Adult,BDT073481,BSR015622,AVAQ69747,Hola,qfever,Non Irrigated,negative
3019,69405,81.4,120,180,50,9,Sheep,Black Head Persian,Female,Adult,BDT073488,BSR015591,AVAQ69405,Hola,rvf,Non Irrigated,negative
3019,69399,81.4,120,180,50,9,Goat,"Galla Goat, Cross",Female,Adult,BDT073503,BSR016312,AVAQ69399,Hola,rvf,Non Irrigated,positive
3019,69795,81.4,120,180,50,9,Cattle,Orma Boran,Female,Adult,BDT073476,BSR015582,AVAQ69795,Hola,rvf,Non Irrigated,negative
3019,69725,81.4,120,180,50,9,Cattle,Orma Boran,Female,Adult,BDT073484,BSR015614,AVAQ69725,Hola,brucella,Non Irrigated,negative
3019,69701,81.4,120,180,50,9,Cattle,Orma Boran,Female,Weaner,BDT073654,BSR016488,AVAQ69701,Hola,rvf,Non Irrigated,negative
3019,69758,81.4,120,180,50,9,Goat,"Galla Goat, Cross",Female,Adult,BDT073477,BSR015610,AVAQ69758,Hola,rvf,Non Irrigated,negative
3019,69272,81.4,120,180,50,9,Goat,"Galla Goat, Cross",Female,Adult,BDT073706,BSR015600,AVAQ69272,Hola,rvf,Non Irrigated,negative
3019,69284,81.4,120,180,50,9,Cattle,Orma Boran,Female,Weaner,BDT073698,BSR016520,AVAQ69284,Hola,qfever,Non Irrigated,negative
3019,69819,81.4,120,180,50,9,Goat,"Galla Goat, Cross",Female,Adult,BDT073496,BSR016289,AVAQ69819,Hola,rvf,Non Irrigated,negative
3019,69814,81.4,120,180,50,9,Goat,"Galla Goat, Cross",Male,Weaner,BDT073489,BSR015575,AVAQ69814,Hola,brucella,Non Irrigated,negative
3019,69018,81.4,120,180,50,9,Goat,"Galla Goat, Cross",Male,Adult,BDT073707,BSR015611,AVAQ69018,Hola,qfever,Non Irrigated,negative
3019,69327,81.4,120,180,50,9,Goat,"Galla Goat, Cross",Female,Adult,BDT073504,BSR015594,AVAQ69327,Hola,rvf,Non Irrigated,positive
3019,69405,81.4,120,180,50,9,Sheep,Black Head Persian,Female,Adult,BDT073488,BSR015591,AVAQ69405,Hola,brucella,Non Irrigated,negative
3019,69749,81.4,120,180,50,9,Cattle,Orma Boran,Female,Adult,BDT072633,BSR016523,AVAQ69749,Hola,qfever,Non Irrigated,negative
3019,69412,81.4,120,180,50,9,Goat,"Galla Goat, Cross",Female,Adult,BDT073497,BSR015590,AVAQ69412,Hola,qfever,Non Irrigated,negative
3020,69657,80.6,36,4,68,0,Cattle,Orma Boran,Female,Kid/Lamb/Calf,BDT073714,BSR016297,AVAQ69657,Hola,brucella,Non Irrigated,negative
3020,69471,80.6,36,4,68,0,Cattle,Orma Boran,Female,Weaner,BDT073501,BSR015621,AVAQ69471,Hola,rvf,Non Irrigated,negative
3020,69656,80.6,36,4,68,0,Cattle,Orma Boran,Female,Weaner,BDT072617,BSR016317,AVAQ69656,Hola,qfever,Non Irrigated,negative
3020,69809,80.6,36,4,68,0,Cattle,Orma Boran,Female,Adult,BDT072630,BSR016322,AVAQ69809,Hola,rvf,Non Irrigated,negative
3020,69657,80.6,36,4,68,0,Cattle,Orma Boran,Female,Kid/Lamb/Calf,BDT073714,BSR016297,AVAQ69657,Hola,qfever,Non Irrigated,negative
3020,69713,80.6,36,4,68,0,Cattle,Orma Boran,Male,Kid/Lamb/Calf,BDT073703,BSR016278,AVAQ69713,Hola,qfever,Non Irrigated,negative
3020,69656,80.6,36,4,68,0,Cattle,Orma Boran,Female,Weaner,BDT072617,BSR016317,AVAQ69656,Hola,brucella,Non Irrigated,negative
3020,69420,80.6,36,4,68,0,Cattle,Orma Boran,Female,Adult,BDT073490,BSR015589,AVAQ69420,Hola,rvf,Non Irrigated,positive
3020,69763,80.6,36,4,68,0,Cattle,Orma Boran,Female,Adult,BDT073716,BSR015607,AVAQ69763,Hola,rvf,Non Irrigated,positive
3020,69780,80.6,36,4,68,0,Cattle,Orma Boran,Male,Kid/Lamb/Calf,BDT073693,BSR016296,AVAQ69780,Hola,rvf,Non Irrigated,negative
3020,69740,80.6,36,4,68,0,Cattle,Orma Boran,Female,Adult,BDT072641,BSR016298,AVAQ69740,Hola,rvf,Non Irrigated,negative
3020,69768,80.6,36,4,68,0,Cattle,Orma Boran,Female,Adult,BDT072616,BSR016323,AVAQ69768,Hola,brucella,Non Irrigated,negative
3020,69447,80.6,36,4,68,0,Cattle,Orma Boran,Female,Adult,BDT072625,BSR016303,AVAQ69447,Hola,qfever,Non Irrigated,negative
3020,69420,80.6,36,4,68,0,Cattle,Orma Boran,Female,Adult,BDT073490,BSR015589,AVAQ69420,Hola,qfever,Non Irrigated,negative
3020,69479,80.6,36,4,68,0,Cattle,Orma Boran,Male,Weaner,BDT073694,BSR015592,AVAQ69479,Hola,rvf,Non Irrigated,negative
3020,69311,80.6,36,4,68,0,Cattle,Orma Boran,Female,Adult,BDT073460,BSR015580,AVAQ69311,Hola,rvf,Non Irrigated,positive
3020,69809,80.6,36,4,68,0,Cattle,Orma Boran,Female,Adult,BDT072630,BSR016322,AVAQ69809,Hola,qfever,Non Irrigated,negative
3020,69447,80.6,36,4,68,0,Cattle,Orma Boran,Female,Adult,BDT072625,BSR016303,AVAQ69447,Hola,rvf,Non Irrigated,negative
3020,69433,80.6,36,4,68,0,Cattle,Orma Boran,Male,Weaner,BDT072632,BSR016310,AVAQ69433,Hola,qfever,Non Irrigated,negative
3020,69742,80.6,36,4,68,0,Cattle,Orma Boran,Female,Adult,BDT073711,BSR015586,AVAQ69742,Hola,rvf,Non Irrigated,negative
3020,69311,80.6,36,4,68,0,Cattle,Orma Boran,Female,Adult,BDT073460,BSR015580,AVAQ69311,Hola,qfever,Non Irrigated,negative
3020,69024,80.6,36,4,68,0,Cattle,Orma Boran,Male,Weaner,BDT072653,BSR016300,AVAQ69024,Hola,brucella,Non Irrigated,negative
3020,69257,80.6,36,4,68,0,Cattle,Orma Boran,Female,Adult,BDT073715,BSR015577,AVAQ69257,Hola,rvf,Non Irrigated,negative
3020,69471,80.6,36,4,68,0,Cattle,Orma Boran,Female,Weaner,BDT073501,BSR015621,AVAQ69471,Hola,brucella,Non Irrigated,negative
3020,69024,80.6,36,4,68,0,Cattle,Orma Boran,Male,Weaner,BDT072653,BSR016300,AVAQ69024,Hola,qfever,Non Irrigated,negative
3020,69479,80.6,36,4,68,0,Cattle,Orma Boran,Male,Weaner,BDT073694,BSR015592,AVAQ69479,Hola,qfever,Non Irrigated,negative
3020,69401,80.6,36,4,68,0,Cattle,Orma Boran,Female,Weaner,BDT072631,BSR016277,AVAQ69401,Hola,rvf,Non Irrigated,negative
3020,69763,80.6,36,4,68,0,Cattle,Orma Boran,Female,Adult,BDT073716,BSR015607,AVAQ69763,Hola,brucella,Non Irrigated,negative
3020,69768,80.6,36,4,68,0,Cattle,Orma Boran,Female,Adult,BDT072616,BSR016323,AVAQ69768,Hola,rvf,Non Irrigated,negative
3020,69420,80.6,36,4,68,0,Cattle,Orma Boran,Female,Adult,BDT073490,BSR015589,AVAQ69420,Hola,brucella,Non Irrigated,negative
3020,69780,80.6,36,4,68,0,Cattle,Orma Boran,Male,Kid/Lamb/Calf,BDT073693,BSR016296,AVAQ69780,Hola,brucella,Non Irrigated,negative
3020,69742,80.6,36,4,68,0,Cattle,Orma Boran,Female,Adult,BDT073711,BSR015586,AVAQ69742,Hola,qfever,Non Irrigated,negative
3020,69433,80.6,36,4,68,0,Cattle,Orma Boran,Male,Weaner,BDT072632,BSR016310,AVAQ69433,Hola,rvf,Non Irrigated,negative
3020,69740,80.6,36,4,68,0,Cattle,Orma Boran,Female,Adult,BDT072641,BSR016298,AVAQ69740,Hola,brucella,Non Irrigated,negative
3020,69768,80.6,36,4,68,0,Cattle,Orma Boran,Female,Adult,BDT072616,BSR016323,AVAQ69768,Hola,qfever,Non Irrigated,negative
3020,69740,80.6,36,4,68,0,Cattle,Orma Boran,Female,Adult,BDT072641,BSR016298,AVAQ69740,Hola,qfever,Non Irrigated,negative
3020,69748,80.6,36,4,68,0,Cattle,Orma Boran,Female,Adult,BDT073487,BSR015596,AVAQ69748,Hola,rvf,Non Irrigated,positive
3020,69748,80.6,36,4,68,0,Cattle,Orma Boran,Female,Adult,BDT073487,BSR015596,AVAQ69748,Hola,qfever,Non Irrigated,negative
3020,69024,80.6,36,4,68,0,Cattle,Orma Boran,Male,Weaner,BDT072653,BSR016300,AVAQ69024,Hola,rvf,Non Irrigated,negative
3020,69311,80.6,36,4,68,0,Cattle,Orma Boran,Female,Adult,BDT073460,BSR015580,AVAQ69311,Hola,brucella,Non Irrigated,negative
3020,69447,80.6,36,4,68,0,Cattle,Orma Boran,Female,Adult,BDT072625,BSR016303,AVAQ69447,Hola,brucella,Non Irrigated,positive
3020,69656,80.6,36,4,68,0,Cattle,Orma Boran,Female,Weaner,BDT072617,BSR016317,AVAQ69656,Hola,rvf,Non Irrigated,positive
3020,69203,80.6,36,4,68,0,Cattle,Orma Boran,Female,Adult,BDT072640,BSR016315,AVAQ69203,Hola,brucella,Non Irrigated,negative
3020,69401,80.6,36,4,68,0,Cattle,Orma Boran,Female,Weaner,BDT072631,BSR016277,AVAQ69401,Hola,qfever,Non Irrigated,negative
3020,69657,80.6,36,4,68,0,Cattle,Orma Boran,Female,Kid/Lamb/Calf,BDT073714,BSR016297,AVAQ69657,Hola,rvf,Non Irrigated,negative
3020,69203,80.6,36,4,68,0,Cattle,Orma Boran,Female,Adult,BDT072640,BSR016315,AVAQ69203,Hola,rvf,Non Irrigated,positive
3020,69742,80.6,36,4,68,0,Cattle,Orma Boran,Female,Adult,BDT073711,BSR015586,AVAQ69742,Hola,brucella,Non Irrigated,positive
3020,69471,80.6,36,4,68,0,Cattle,Orma Boran,Female,Weaner,BDT073501,BSR015621,AVAQ69471,Hola,qfever,Non Irrigated,negative
3020,69809,80.6,36,4,68,0,Cattle,Orma Boran,Female,Adult,BDT072630,BSR016322,AVAQ69809,Hola,brucella,Non Irrigated,negative
3020,69735,80.6,36,4,68,0,Cattle,Orma Boran,Male,Kid/Lamb/Calf,BDT072635,BSR016227,AVAQ69735,Hola,qfever,Non Irrigated,positive
3020,69735,80.6,36,4,68,0,Cattle,Orma Boran,Male,Kid/Lamb/Calf,BDT072635,BSR016227,AVAQ69735,Hola,rvf,Non Irrigated,negative
3020,69713,80.6,36,4,68,0,Cattle,Orma Boran,Male,Kid/Lamb/Calf,BDT073703,BSR016278,AVAQ69713,Hola,rvf,Non Irrigated,negative
3020,69713,80.6,36,4,68,0,Cattle,Orma Boran,Male,Kid/Lamb/Calf,BDT073703,BSR016278,AVAQ69713,Hola,brucella,Non Irrigated,negative
3020,69401,80.6,36,4,68,0,Cattle,Orma Boran,Female,Weaner,BDT072631,BSR016277,AVAQ69401,Hola,brucella,Non Irrigated,negative
3020,69735,80.6,36,4,68,0,Cattle,Orma Boran,Male,Kid/Lamb/Calf,BDT072635,BSR016227,AVAQ69735,Hola,brucella,Non Irrigated,negative
3020,69257,80.6,36,4,68,0,Cattle,Orma Boran,Female,Adult,BDT073715,BSR015577,AVAQ69257,Hola,qfever,Non Irrigated,negative
3020,69433,80.6,36,4,68,0,Cattle,Orma Boran,Male,Weaner,BDT072632,BSR016310,AVAQ69433,Hola,brucella,Non Irrigated,negative
3020,69763,80.6,36,4,68,0,Cattle,Orma Boran,Female,Adult,BDT073716,BSR015607,AVAQ69763,Hola,qfever,Non Irrigated,negative
3020,69257,80.6,36,4,68,0,Cattle,Orma Boran,Female,Adult,BDT073715,BSR015577,AVAQ69257,Hola,brucella,Non Irrigated,negative
3020,69748,80.6,36,4,68,0,Cattle,Orma Boran,Female,Adult,BDT073487,BSR015596,AVAQ69748,Hola,brucella,Non Irrigated,positive
3020,69203,80.6,36,4,68,0,Cattle,Orma Boran,Female,Adult,BDT072640,BSR016315,AVAQ69203,Hola,qfever,Non Irrigated,negative
3020,69479,80.6,36,4,68,0,Cattle,Orma Boran,Male,Weaner,BDT073694,BSR015592,AVAQ69479,Hola,brucella,Non Irrigated,negative
3021,69753,83.3,40,60,60,0,Cattle,Orma Boran,Male,Adult,BDT072654,BSR016240,AVAQ69753,Hola,brucella,Non Irrigated,negative
3021,69682,83.3,40,60,60,0,Cattle,Orma Boran,Male,Kid/Lamb/Calf,BDT072638,BSR016293,AVAQ69682,Hola,qfever,Non Irrigated,negative
3021,69332,83.3,40,60,60,0,Cattle,Orma Boran,Female,Adult,BDT073461,BSR015620,AVAQ69332,Hola,rvf,Non Irrigated,positive
3021,69744,83.3,40,60,60,0,Cattle,Orma Boran,Female,Adult,BDT073686,BSR015599,AVAQ69744,Hola,qfever,Non Irrigated,negative
3021,69803,83.3,40,60,60,0,Cattle,Orma Boran,Female,Weaner,BDT072627,BSR015587,AVAQ69803,Hola,brucella,Non Irrigated,negative
3021,69682,83.3,40,60,60,0,Cattle,Orma Boran,Male,Kid/Lamb/Calf,BDT072638,BSR016293,AVAQ69682,Hola,brucella,Non Irrigated,negative
3021,69332,83.3,40,60,60,0,Cattle,Orma Boran,Female,Adult,BDT073461,BSR015620,AVAQ69332,Hola,brucella,Non Irrigated,negative
3021,69419,83.3,40,60,60,0,Cattle,Orma Boran,Female,Kid/Lamb/Calf,BDT072644,BSR016306,AVAQ69419,Hola,brucella,Non Irrigated,negative
3021,69443,83.3,40,60,60,0,Cattle,Orma Boran,Male,Weaner,BDT073483,BSR015617,AVAQ69443,Hola,qfever,Non Irrigated,negative
3021,69650,83.3,40,60,60,0,Cattle,Orma Boran,Female,Adult,BDT073709,BSR015579,AVAQ69650,Hola,rvf,Non Irrigated,negative
3021,69787,83.3,40,60,60,0,Cattle,Orma Boran,Female,Adult,BDT073708,BSR016318,AVAQ69787,Hola,qfever,Non Irrigated,negative
3021,69465,83.3,40,60,60,0,Cattle,Orma Boran,Male,Weaner,BDT073679,BSR015608,AVAQ69465,Hola,qfever,Non Irrigated,negative
3021,69682,83.3,40,60,60,0,Cattle,Orma Boran,Male,Kid/Lamb/Calf,BDT072638,BSR016293,AVAQ69682,Hola,rvf,Non Irrigated,negative
3021,69443,83.3,40,60,60,0,Cattle,Orma Boran,Male,Weaner,BDT073483,BSR015617,AVAQ69443,Hola,rvf,Non Irrigated,negative
3021,69786,83.3,40,60,60,0,Cattle,Orma Boran,Female,Adult,BDT073631,BSR015578,AVAQ69786,Hola,qfever,Non Irrigated,negative
3021,69419,83.3,40,60,60,0,Cattle,Orma Boran,Female,Kid/Lamb/Calf,BDT072644,BSR016306,AVAQ69419,Hola,rvf,Non Irrigated,negative
3021,69460,83.3,40,60,60,0,Cattle,Orma Boran,Female,Adult,BDT073687,BSR016229,AVAQ69460,Hola,brucella,Non Irrigated,positive
3021,69786,83.3,40,60,60,0,Cattle,Orma Boran,Female,Adult,BDT073631,BSR015578,AVAQ69786,Hola,rvf,Non Irrigated,positive
3021,69803,83.3,40,60,60,0,Cattle,Orma Boran,Female,Weaner,BDT072627,BSR015587,AVAQ69803,Hola,rvf,Non Irrigated,negative
3021,69787,83.3,40,60,60,0,Cattle,Orma Boran,Female,Adult,BDT073708,BSR016318,AVAQ69787,Hola,rvf,Non Irrigated,negative
3021,69744,83.3,40,60,60,0,Cattle,Orma Boran,Female,Adult,BDT073686,BSR015599,AVAQ69744,Hola,rvf,Non Irrigated,negative
3021,69785,83.3,40,60,60,0,Cattle,Orma Boran,Female,Adult,BDT072524,BSR016285,AVAQ69785,Hola,qfever,Non Irrigated,negative
3021,69785,83.3,40,60,60,0,Cattle,Orma Boran,Female,Adult,BDT072524,BSR016285,AVAQ69785,Hola,brucella,Non Irrigated,negative
3021,69803,83.3,40,60,60,0,Cattle,Orma Boran,Female,Weaner,BDT072627,BSR015587,AVAQ69803,Hola,qfever,Non Irrigated,negative
3021,69781,83.3,40,60,60,0,Cattle,Orma Boran,Male,Weaner,BDT072646,BSR016304,AVAQ69781,Hola,brucella,Non Irrigated,negative
3021,69786,83.3,40,60,60,0,Cattle,Orma Boran,Female,Adult,BDT073631,BSR015578,AVAQ69786,Hola,brucella,Non Irrigated,negative
3021,69817,83.3,40,60,60,0,Cattle,Orma Boran,Male,Kid/Lamb/Calf,BDT072629,BSR015616,AVAQ69817,Hola,qfever,Non Irrigated,negative
3021,69460,83.3,40,60,60,0,Cattle,Orma Boran,Female,Adult,BDT073687,BSR016229,AVAQ69460,Hola,rvf,Non Irrigated,positive
3021,69460,83.3,40,60,60,0,Cattle,Orma Boran,Female,Adult,BDT073687,BSR016229,AVAQ69460,Hola,qfever,Non Irrigated,negative
3021,69727,83.3,40,60,60,0,Cattle,Orma Boran,Female,Adult,BDT073705,BSR015584,AVAQ69727,Hola,qfever,Non Irrigated,negative
3021,69650,83.3,40,60,60,0,Cattle,Orma Boran,Female,Adult,BDT073709,BSR015579,AVAQ69650,Hola,qfever,Non Irrigated,negative
3021,69787,83.3,40,60,60,0,Cattle,Orma Boran,Female,Adult,BDT073708,BSR016318,AVAQ69787,Hola,brucella,Non Irrigated,negative
3021,69817,83.3,40,60,60,0,Cattle,Orma Boran,Male,Kid/Lamb/Calf,BDT072629,BSR015616,AVAQ69817,Hola,rvf,Non Irrigated,negative
3021,69419,83.3,40,60,60,0,Cattle,Orma Boran,Female,Kid/Lamb/Calf,BDT072644,BSR016306,AVAQ69419,Hola,qfever,Non Irrigated,negative
3021,69465,83.3,40,60,60,0,Cattle,Orma Boran,Male,Weaner,BDT073679,BSR015608,AVAQ69465,Hola,brucella,Non Irrigated,negative
3021,69727,83.3,40,60,60,0,Cattle,Orma Boran,Female,Adult,BDT073705,BSR015584,AVAQ69727,Hola,rvf,Non Irrigated,negative
3021,69753,83.3,40,60,60,0,Cattle,Orma Boran,Male,Adult,BDT072654,BSR016240,AVAQ69753,Hola,qfever,Non Irrigated,negative
3021,69785,83.3,40,60,60,0,Cattle,Orma Boran,Female,Adult,BDT072524,BSR016285,AVAQ69785,Hola,rvf,Non Irrigated,negative
3021,69781,83.3,40,60,60,0,Cattle,Orma Boran,Male,Weaner,BDT072646,BSR016304,AVAQ69781,Hola,qfever,Non Irrigated,negative
3021,69268,83.3,40,60,60,0,Cattle,Orma Boran,Female,Adult,BDT073723,BSR016292,AVAQ69268,Hola,qfever,Non Irrigated,negative
3021,69465,83.3,40,60,60,0,Cattle,Orma Boran,Male,Weaner,BDT073679,BSR015608,AVAQ69465,Hola,rvf,Non Irrigated,negative
3021,69268,83.3,40,60,60,0,Cattle,Orma Boran,Female,Adult,BDT073723,BSR016292,AVAQ69268,Hola,rvf,Non Irrigated,negative
3021,69817,83.3,40,60,60,0,Cattle,Orma Boran,Male,Kid/Lamb/Calf,BDT072629,BSR015616,AVAQ69817,Hola,brucella,Non Irrigated,negative
3021,69753,83.3,40,60,60,0,Cattle,Orma Boran,Male,Adult,BDT072654,BSR016240,AVAQ69753,Hola,rvf,Non Irrigated,positive
3021,69332,83.3,40,60,60,0,Cattle,Orma Boran,Female,Adult,BDT073461,BSR015620,AVAQ69332,Hola,qfever,Non Irrigated,negative
3021,69268,83.3,40,60,60,0,Cattle,Orma Boran,Female,Adult,BDT073723,BSR016292,AVAQ69268,Hola,brucella,Non Irrigated,positive
3021,69727,83.3,40,60,60,0,Cattle,Orma Boran,Female,Adult,BDT073705,BSR015584,AVAQ69727,Hola,brucella,Non Irrigated,negative
3021,69781,83.3,40,60,60,0,Cattle,Orma Boran,Male,Weaner,BDT072646,BSR016304,AVAQ69781,Hola,rvf,Non Irrigated,negative
3021,69443,83.3,40,60,60,0,Cattle,Orma Boran,Male,Weaner,BDT073483,BSR015617,AVAQ69443,Hola,brucella,Non Irrigated,negative
3021,69650,83.3,40,60,60,0,Cattle,Orma Boran,Female,Adult,BDT073709,BSR015579,AVAQ69650,Hola,brucella,Non Irrigated,negative
3021,69744,83.3,40,60,60,0,Cattle,Orma Boran,Female,Adult,BDT073686,BSR015599,AVAQ69744,Hola,brucella,Non Irrigated,negative
3022,69023,80.8,105,65,160,3,Sheep,Black Head Persian,Female,Adult,BDT073697,BSR016313,AVAQ69023,Hola,rvf,Non Irrigated,positive
3022,69654,80.8,105,65,160,3,Goat,"Galla Goat, Cross",Female,Adult,BDT073688,BSR016236,AVAQ69654,Hola,rvf,Non Irrigated,negative
3022,69679,80.8,105,65,160,3,Cattle,Orma Boran,Male,Weaner,BDT073500,BSR016238,AVAQ69679,Hola,rvf,Non Irrigated,negative
3022,69800,80.8,105,65,160,3,Goat,"Galla Goat, Cross",Female,Adult,BDT073699,BSR016253,AVAQ69800,Hola,rvf,Non Irrigated,negative
3022,69450,80.8,105,65,160,3,Goat,"Galla Goat, Cross",Female,Adult,BDT073464,BSR016242,AVAQ69450,Hola,qfever,Non Irrigated,negative
3022,69679,80.8,105,65,160,3,Cattle,Orma Boran,Male,Weaner,BDT073500,BSR016238,AVAQ69679,Hola,qfever,Non Irrigated,negative
3022,69715,80.8,105,65,160,3,Goat,"Galla Goat, Cross",Female,Adult,BDT073626,BSR015585,AVAQ69715,Hola,rvf,Non Irrigated,positive
3022,69245,80.8,105,65,160,3,Sheep,Black Head Persian,Male,Adult,BDT073472,BSR016319,AVAQ69245,Hola,brucella,Non Irrigated,negative
3022,69668,80.8,105,65,160,3,Cattle,Orma Boran,Female,Weaner,BDT073462,BSR016239,AVAQ69668,Hola,brucella,Non Irrigated,negative
3022,69678,80.8,105,65,160,3,Cattle,Orma Boran,Female,Adult,BDT072613,BSR016228,AVAQ69678,Hola,brucella,Non Irrigated,negative
3022,69021,80.8,105,65,160,3,Cattle,Orma Boran,Male,Weaner,BDT073722,BSR016245,AVAQ69021,Hola,brucella,Non Irrigated,negative
3022,69647,80.8,105,65,160,3,Goat,"Galla Goat, Cross",Female,Adult,BDT073713,BSR016311,AVAQ69647,Hola,rvf,Non Irrigated,negative
3022,69806,80.8,105,65,160,3,Cattle,Orma Boran,Male,Weaner,BDT073635,BSR016249,AVAQ69806,Hola,brucella,Non Irrigated,negative
3022,69779,80.8,105,65,160,3,Goat,"Galla Goat, Cross",Female,Adult,BDT073466,BSR016251,AVAQ69779,Hola,rvf,Non Irrigated,negative
3022,69761,80.8,105,65,160,3,Sheep,Black Head Persian,Female,Adult,BDT073473,BSR016230,AVAQ69761,Hola,qfever,Non Irrigated,negative
3022,69320,80.8,105,65,160,3,Goat,"Galla Goat, Cross",Female,Weaner,BDT073479,BSR016294,AVAQ69320,Hola,brucella,Non Irrigated,negative
3022,69771,80.8,105,65,160,3,Cattle,Orma Boran,Female,Adult,BDT072637,BSR016244,AVAQ69771,Hola,rvf,Non Irrigated,negative
3022,69715,80.8,105,65,160,3,Goat,"Galla Goat, Cross",Female,Adult,BDT073626,BSR015585,AVAQ69715,Hola,brucella,Non Irrigated,negative
3022,69259,80.8,105,65,160,3,Goat,"Galla Goat, Cross",Male,Adult,BDT073623,BSR016254,AVAQ69259,Hola,rvf,Non Irrigated,negative
3022,69320,80.8,105,65,160,3,Goat,"Galla Goat, Cross",Female,Weaner,BDT073479,BSR016294,AVAQ69320,Hola,qfever,Non Irrigated,negative
3022,69668,80.8,105,65,160,3,Cattle,Orma Boran,Female,Weaner,BDT073462,BSR016239,AVAQ69668,Hola,qfever,Non Irrigated,negative
3022,69678,80.8,105,65,160,3,Cattle,Orma Boran,Female,Adult,BDT072613,BSR016228,AVAQ69678,Hola,qfever,Non Irrigated,negative
3022,69023,80.8,105,65,160,3,Sheep,Black Head Persian,Female,Adult,BDT073697,BSR016313,AVAQ69023,Hola,brucella,Non Irrigated,negative
3022,69026,80.8,105,65,160,3,Cattle,Orma Boran,Female,Adult,BDT073717,BSR016321,AVAQ69026,Hola,qfever,Non Irrigated,negative
3022,69710,80.8,105,65,160,3,Goat,"Galla Goat, Cross",Female,Adult,BDT073506,BSR016250,AVAQ69710,Hola,brucella,Non Irrigated,negative
3022,69150,80.8,105,65,160,3,Cattle,Orma Boran,Male,Weaner,BDT073465,BSR016320,AVAQ69150,Hola,brucella,Non Irrigated,negative
3022,69761,80.8,105,65,160,3,Sheep,Black Head Persian,Female,Adult,BDT073473,BSR016230,AVAQ69761,Hola,brucella,Non Irrigated,negative
3022,69032,80.8,105,65,160,3,Cattle,Orma Boran,Female,Adult,BDT072639,BSR016247,AVAQ69032,Hola,rvf,Non Irrigated,negative
3022,69032,80.8,105,65,160,3,Cattle,Orma Boran,Female,Adult,BDT072639,BSR016247,AVAQ69032,Hola,qfever,Non Irrigated,negative
3022,69647,80.8,105,65,160,3,Goat,"Galla Goat, Cross",Female,Adult,BDT073713,BSR016311,AVAQ69647,Hola,qfever,Non Irrigated,positive
3022,69800,80.8,105,65,160,3,Goat,"Galla Goat, Cross",Female,Adult,BDT073699,BSR016253,AVAQ69800,Hola,qfever,Non Irrigated,negative
3022,69197,80.8,105,65,160,3,Goat,"Galla Goat, Cross",Female,Adult,BDT073471,BSR016232,AVAQ69197,Hola,brucella,Non Irrigated,negative
3022,69450,80.8,105,65,160,3,Goat,"Galla Goat, Cross",Female,Adult,BDT073464,BSR016242,AVAQ69450,Hola,brucella,Non Irrigated,negative
3022,69265,80.8,105,65,160,3,Cattle,Orma Boran,Female,Adult,BDT072656,BSR015639,AVAQ69265,Hola,qfever,Non Irrigated,negative
3022,69259,80.8,105,65,160,3,Goat,"Galla Goat, Cross",Male,Adult,BDT073623,BSR016254,AVAQ69259,Hola,qfever,Non Irrigated,negative
3022,69654,80.8,105,65,160,3,Goat,"Galla Goat, Cross",Female,Adult,BDT073688,BSR016236,AVAQ69654,Hola,brucella,Non Irrigated,negative
3022,69679,80.8,105,65,160,3,Cattle,Orma Boran,Male,Weaner,BDT073500,BSR016238,AVAQ69679,Hola,brucella,Non Irrigated,negative
3022,69021,80.8,105,65,160,3,Cattle,Orma Boran,Male,Weaner,BDT073722,BSR016245,AVAQ69021,Hola,qfever,Non Irrigated,negative
3022,69026,80.8,105,65,160,3,Cattle,Orma Boran,Female,Adult,BDT073717,BSR016321,AVAQ69026,Hola,rvf,Non Irrigated,negative
3022,69710,80.8,105,65,160,3,Goat,"Galla Goat, Cross",Female,Adult,BDT073506,BSR016250,AVAQ69710,Hola,qfever,Non Irrigated,negative
3022,69678,80.8,105,65,160,3,Cattle,Orma Boran,Female,Adult,BDT072613,BSR016228,AVAQ69678,Hola,rvf,Non Irrigated,positive
3022,69771,80.8,105,65,160,3,Cattle,Orma Boran,Female,Adult,BDT072637,BSR016244,AVAQ69771,Hola,brucella,Non Irrigated,negative
3022,69032,80.8,105,65,160,3,Cattle,Orma Boran,Female,Adult,BDT072639,BSR016247,AVAQ69032,Hola,brucella,Non Irrigated,negative
3022,69746,80.8,105,65,160,3,Cattle,Orma Boran,Female,Weaner,BDT073704,BSR016246,AVAQ69746,Hola,brucella,Non Irrigated,negative
3022,69431,80.8,105,65,160,3,Sheep,Black Head Persian,Female,Weaner,BDT072634,BSR016243,AVAQ69431,Hola,rvf,Non Irrigated,negative
3022,69647,80.8,105,65,160,3,Goat,"Galla Goat, Cross",Female,Adult,BDT073713,BSR016311,AVAQ69647,Hola,brucella,Non Irrigated,negative
3022,69766,80.8,105,65,160,3,Sheep,Black Head Persian,Female,Adult,BDT073695,BSR015670,AVAQ69766,Hola,rvf,Non Irrigated,negative
3022,69806,80.8,105,65,160,3,Cattle,Orma Boran,Male,Weaner,BDT073635,BSR016249,AVAQ69806,Hola,rvf,Non Irrigated,negative
3022,69150,80.8,105,65,160,3,Cattle,Orma Boran,Male,Weaner,BDT073465,BSR016320,AVAQ69150,Hola,qfever,Non Irrigated,negative
3022,69021,80.8,105,65,160,3,Cattle,Orma Boran,Male,Weaner,BDT073722,BSR016245,AVAQ69021,Hola,rvf,Non Irrigated,negative
3022,69431,80.8,105,65,160,3,Sheep,Black Head Persian,Female,Weaner,BDT072634,BSR016243,AVAQ69431,Hola,brucella,Non Irrigated,negative
3022,69431,80.8,105,65,160,3,Sheep,Black Head Persian,Female,Weaner,BDT072634,BSR016243,AVAQ69431,Hola,qfever,Non Irrigated,negative
3022,69668,80.8,105,65,160,3,Cattle,Orma Boran,Female,Weaner,BDT073462,BSR016239,AVAQ69668,Hola,rvf,Non Irrigated,negative
3022,69197,80.8,105,65,160,3,Goat,"Galla Goat, Cross",Female,Adult,BDT073471,BSR016232,AVAQ69197,Hola,qfever,Non Irrigated,negative
3022,69654,80.8,105,65,160,3,Goat,"Galla Goat, Cross",Female,Adult,BDT073688,BSR016236,AVAQ69654,Hola,qfever,Non Irrigated,negative
3022,69800,80.8,105,65,160,3,Goat,"Galla Goat, Cross",Female,Adult,BDT073699,BSR016253,AVAQ69800,Hola,brucella,Non Irrigated,negative
3022,69320,80.8,105,65,160,3,Goat,"Galla Goat, Cross",Female,Weaner,BDT073479,BSR016294,AVAQ69320,Hola,rvf,Non Irrigated,negative
3022,69746,80.8,105,65,160,3,Cattle,Orma Boran,Female,Weaner,BDT073704,BSR016246,AVAQ69746,Hola,qfever,Non Irrigated,negative
3022,69265,80.8,105,65,160,3,Cattle,Orma Boran,Female,Adult,BDT072656,BSR015639,AVAQ69265,Hola,brucella,Non Irrigated,negative
3022,69197,80.8,105,65,160,3,Goat,"Galla Goat, Cross",Female,Adult,BDT073471,BSR016232,AVAQ69197,Hola,rvf,Non Irrigated,positive
3022,69150,80.8,105,65,160,3,Cattle,Orma Boran,Male,Weaner,BDT073465,BSR016320,AVAQ69150,Hola,rvf,Non Irrigated,negative
3022,69779,80.8,105,65,160,3,Goat,"Galla Goat, Cross",Female,Adult,BDT073466,BSR016251,AVAQ69779,Hola,brucella,Non Irrigated,negative
3022,69766,80.8,105,65,160,3,Sheep,Black Head Persian,Female,Adult,BDT073695,BSR015670,AVAQ69766,Hola,qfever,Non Irrigated,negative
3022,69245,80.8,105,65,160,3,Sheep,Black Head Persian,Male,Adult,BDT073472,BSR016319,AVAQ69245,Hola,rvf,Non Irrigated,negative
3022,69265,80.8,105,65,160,3,Cattle,Orma Boran,Female,Adult,BDT072656,BSR015639,AVAQ69265,Hola,rvf,Non Irrigated,negative
3022,69259,80.8,105,65,160,3,Goat,"Galla Goat, Cross",Male,Adult,BDT073623,BSR016254,AVAQ69259,Hola,brucella,Non Irrigated,negative
3022,69761,80.8,105,65,160,3,Sheep,Black Head Persian,Female,Adult,BDT073473,BSR016230,AVAQ69761,Hola,rvf,Non Irrigated,negative
3022,69450,80.8,105,65,160,3,Goat,"Galla Goat, Cross",Female,Adult,BDT073464,BSR016242,AVAQ69450,Hola,rvf,Non Irrigated,positive
3022,69779,80.8,105,65,160,3,Goat,"Galla Goat, Cross",Female,Adult,BDT073466,BSR016251,AVAQ69779,Hola,qfever,Non Irrigated,negative
3022,69766,80.8,105,65,160,3,Sheep,Black Head Persian,Female,Adult,BDT073695,BSR015670,AVAQ69766,Hola,brucella,Non Irrigated,negative
3022,69715,80.8,105,65,160,3,Goat,"Galla Goat, Cross",Female,Adult,BDT073626,BSR015585,AVAQ69715,Hola,qfever,Non Irrigated,negative
3022,69710,80.8,105,65,160,3,Goat,"Galla Goat, Cross",Female,Adult,BDT073506,BSR016250,AVAQ69710,Hola,rvf,Non Irrigated,negative
3022,69023,80.8,105,65,160,3,Sheep,Black Head Persian,Female,Adult,BDT073697,BSR016313,AVAQ69023,Hola,qfever,Non Irrigated,negative
3022,69771,80.8,105,65,160,3,Cattle,Orma Boran,Female,Adult,BDT072637,BSR016244,AVAQ69771,Hola,qfever,Non Irrigated,negative
3022,69245,80.8,105,65,160,3,Sheep,Black Head Persian,Male,Adult,BDT073472,BSR016319,AVAQ69245,Hola,qfever,Non Irrigated,negative
3022,69746,80.8,105,65,160,3,Cattle,Orma Boran,Female,Weaner,BDT073704,BSR016246,AVAQ69746,Hola,rvf,Non Irrigated,negative
3022,69026,80.8,105,65,160,3,Cattle,Orma Boran,Female,Adult,BDT073717,BSR016321,AVAQ69026,Hola,brucella,Non Irrigated,negative
3022,69806,80.8,105,65,160,3,Cattle,Orma Boran,Male,Weaner,BDT073635,BSR016249,AVAQ69806,Hola,qfever,Non Irrigated,negative
3023,67143,142.9,35,35,120,0,Sheep,Black Head Persian,Female,Adult,BDT072721,BSR016225,AVAQ67143,Hola,brucella,Non Irrigated,negative
3023,67098,142.9,35,35,120,0,Cattle,Orma Boran,Female,Adult,BDT072756,BSR016259,AVAQ67098,Hola,rvf,Non Irrigated,positive
3023,67163,142.9,35,35,120,0,Cattle,Orma Boran,Male,Weaner,BDT072733,BSR016266,AVAQ67163,Hola,rvf,Non Irrigated,negative
3023,66990,142.9,35,35,120,0,Cattle,Orma Boran,Female,Adult,BDT072732,BSR016273,AVAQ66990,Hola,rvf,Non Irrigated,negative
3023,67034,142.9,35,35,120,0,Cattle,Orma Boran,Female,Adult,BDT072712,BSR016258,AVAQ67034,Hola,qfever,Non Irrigated,negative
3023,65763,142.9,35,35,120,0,Sheep,Black Head Persian,Male,Adult,BDT072738,BSR016235,AVAQ65763,Hola,rvf,Non Irrigated,negative
3023,66156,142.9,35,35,120,0,Goat,"Galla Goat, Cross",Female,Adult,BDT072730,BSR016255,AVAQ66156,Hola,rvf,Non Irrigated,positive
3023,65730,142.9,35,35,120,0,Cattle,Orma Boran,Female,Kid/Lamb/Calf,BDT072723,BSR016267,AVAQ65730,Hola,rvf,Non Irrigated,positive
3023,67334,142.9,35,35,120,0,Goat,"Galla Goat, Cross",Female,Adult,BDT072737,BSR016271,AVAQ67334,Hola,brucella,Non Irrigated,negative
3023,67098,142.9,35,35,120,0,Cattle,Orma Boran,Female,Adult,BDT072756,BSR016259,AVAQ67098,Hola,brucella,Non Irrigated,negative
3023,66909,142.9,35,35,120,0,Goat,"Galla Goat, Cross",Female,Adult,BDT072731,BSR016291,AVAQ66909,Hola,brucella,Non Irrigated,negative
3023,65790,142.9,35,35,120,0,Sheep,Black Head Persian,Female,Adult,BDT072740,BSR016282,AVAQ65790,Hola,qfever,Non Irrigated,negative
3023,65763,142.9,35,35,120,0,Sheep,Black Head Persian,Male,Adult,BDT072738,BSR016235,AVAQ65763,Hola,brucella,Non Irrigated,negative
3023,67137,142.9,35,35,120,0,Cattle,Orma Boran,Female,Kid/Lamb/Calf,BDT072754,BSR016287,AVAQ67137,Hola,qfever,Non Irrigated,negative
3023,65772,142.9,35,35,120,0,Cattle,Orma Boran,Female,Adult,BDT072746,BSR016241,AVAQ65772,Hola,rvf,Non Irrigated,negative
3023,66972,142.9,35,35,120,0,Sheep,Black Head Persian,Female,Kid/Lamb/Calf,BDT072745,BSR016252,AVAQ66972,Hola,rvf,Non Irrigated,negative
3023,66156,142.9,35,35,120,0,Goat,"Galla Goat, Cross",Female,Adult,BDT072730,BSR016255,AVAQ66156,Hola,brucella,Non Irrigated,negative
3023,67294,142.9,35,35,120,0,Goat,"Galla Goat, Cross",Female,Adult,BDT072710,BSR016257,AVAQ67294,Hola,brucella,Non Irrigated,negative
3023,67214,142.9,35,35,120,0,Cattle,Orma Boran,Female,Adult,BDT072734,BSR016268,AVAQ67214,Hola,rvf,Non Irrigated,negative
3023,66992,142.9,35,35,120,0,Cattle,Orma Boran,Male,Kid/Lamb/Calf,BDT072742,BSR016233,AVAQ66992,Hola,brucella,Non Irrigated,negative
3023,67298,142.9,35,35,120,0,Goat,"Galla Goat, Cross",Male,Adult,BDT072736,BSR016265,AVAQ67298,Hola,qfever,Non Irrigated,negative
3023,67338,142.9,35,35,120,0,Cattle,Orma Boran,Female,Weaner,BDT072728,BSR016276,AVAQ67338,Hola,qfever,Non Irrigated,negative
3023,67082,142.9,35,35,120,0,Cattle,Orma Boran,Female,Adult,BDT072709,BSR016226,AVAQ67082,Hola,rvf,Non Irrigated,negative
3023,65772,142.9,35,35,120,0,Cattle,Orma Boran,Female,Adult,BDT072746,BSR016241,AVAQ65772,Hola,qfever,Non Irrigated,negative
3023,67300,142.9,35,35,120,0,Goat,"Galla Goat, Cross",Female,Adult,BDT072643,BSR016262,AVAQ67300,Hola,rvf,Non Irrigated,negative
3023,66971,142.9,35,35,120,0,Cattle,Orma Boran,Female,Kid/Lamb/Calf,BDT072735,BSR016269,AVAQ66971,Hola,brucella,Non Irrigated,negative
3023,67214,142.9,35,35,120,0,Cattle,Orma Boran,Female,Adult,BDT072734,BSR016268,AVAQ67214,Hola,brucella,Non Irrigated,negative
3023,66974,142.9,35,35,120,0,Goat,"Galla Goat, Cross",Female,Kid/Lamb/Calf,BDT072726,BSR016274,AVAQ66974,Hola,qfever,Non Irrigated,negative
3023,67137,142.9,35,35,120,0,Cattle,Orma Boran,Female,Kid/Lamb/Calf,BDT072754,BSR016287,AVAQ67137,Hola,brucella,Non Irrigated,negative
3023,66298,142.9,35,35,120,0,Sheep,Black Head Persian,Female,Kid/Lamb/Calf,BDT072748,BSR016256,AVAQ66298,Hola,rvf,Non Irrigated,negative
3023,67031,142.9,35,35,120,0,Cattle,Orma Boran,Female,Adult,BDT072713,BSR016263,AVAQ67031,Hola,rvf,Non Irrigated,negative
3023,67338,142.9,35,35,120,0,Cattle,Orma Boran,Female,Weaner,BDT072728,BSR016276,AVAQ67338,Hola,brucella,Non Irrigated,negative
3023,67300,142.9,35,35,120,0,Goat,"Galla Goat, Cross",Female,Adult,BDT072643,BSR016262,AVAQ67300,Hola,brucella,Non Irrigated,negative
3023,66990,142.9,35,35,120,0,Cattle,Orma Boran,Female,Adult,BDT072732,BSR016273,AVAQ66990,Hola,brucella,Non Irrigated,negative
3023,67337,142.9,35,35,120,0,Sheep,Black Head Persian,Female,Adult,BDT072757,BSR016301,AVAQ67337,Hola,qfever,Non Irrigated,positive
3023,65776,142.9,35,35,120,0,Sheep,Black Head Persian,Female,Adult,BDT072715,BSR016264,AVAQ65776,Hola,qfever,Non Irrigated,negative
3023,66298,142.9,35,35,120,0,Sheep,Black Head Persian,Female,Kid/Lamb/Calf,BDT072748,BSR016256,AVAQ66298,Hola,qfever,Non Irrigated,negative
3023,65776,142.9,35,35,120,0,Sheep,Black Head Persian,Female,Adult,BDT072715,BSR016264,AVAQ65776,Hola,brucella,Non Irrigated,negative
3023,66975,142.9,35,35,120,0,Cattle,Orma Boran,Female,Adult,BDT072711,BSR016272,AVAQ66975,Hola,rvf,Non Irrigated,positive
3023,67137,142.9,35,35,120,0,Cattle,Orma Boran,Female,Kid/Lamb/Calf,BDT072754,BSR016287,AVAQ67137,Hola,rvf,Non Irrigated,negative
3023,67337,142.9,35,35,120,0,Sheep,Black Head Persian,Female,Adult,BDT072757,BSR016301,AVAQ67337,Hola,brucella,Non Irrigated,negative
3023,66909,142.9,35,35,120,0,Goat,"Galla Goat, Cross",Female,Adult,BDT072731,BSR016291,AVAQ66909,Hola,qfever,Non Irrigated,negative
3023,67163,142.9,35,35,120,0,Cattle,Orma Boran,Male,Weaner,BDT072733,BSR016266,AVAQ67163,Hola,brucella,Non Irrigated,negative
3023,67298,142.9,35,35,120,0,Goat,"Galla Goat, Cross",Male,Adult,BDT072736,BSR016265,AVAQ67298,Hola,rvf,Non Irrigated,negative
3023,67034,142.9,35,35,120,0,Cattle,Orma Boran,Female,Adult,BDT072712,BSR016258,AVAQ67034,Hola,rvf,Non Irrigated,negative
3023,67337,142.9,35,35,120,0,Sheep,Black Head Persian,Female,Adult,BDT072757,BSR016301,AVAQ67337,Hola,rvf,Non Irrigated,positive
3023,66974,142.9,35,35,120,0,Goat,"Galla Goat, Cross",Female,Kid/Lamb/Calf,BDT072726,BSR016274,AVAQ66974,Hola,rvf,Non Irrigated,positive
3023,66298,142.9,35,35,120,0,Sheep,Black Head Persian,Female,Kid/Lamb/Calf,BDT072748,BSR016256,AVAQ66298,Hola,brucella,Non Irrigated,negative
3023,67082,142.9,35,35,120,0,Cattle,Orma Boran,Female,Adult,BDT072709,BSR016226,AVAQ67082,Hola,qfever,Non Irrigated,negative
3023,67294,142.9,35,35,120,0,Goat,"Galla Goat, Cross",Female,Adult,BDT072710,BSR016257,AVAQ67294,Hola,rvf,Non Irrigated,positive
3023,66992,142.9,35,35,120,0,Cattle,Orma Boran,Male,Kid/Lamb/Calf,BDT072742,BSR016233,AVAQ66992,Hola,rvf,Non Irrigated,negative
3023,67294,142.9,35,35,120,0,Goat,"Galla Goat, Cross",Female,Adult,BDT072710,BSR016257,AVAQ67294,Hola,qfever,Non Irrigated,negative
3023,65776,142.9,35,35,120,0,Sheep,Black Head Persian,Female,Adult,BDT072715,BSR016264,AVAQ65776,Hola,rvf,Non Irrigated,positive
3023,66156,142.9,35,35,120,0,Goat,"Galla Goat, Cross",Female,Adult,BDT072730,BSR016255,AVAQ66156,Hola,qfever,Non Irrigated,negative
3023,65721,142.9,35,35,120,0,Cattle,Orma Boran,Female,Adult,BDT072749,BSR016283,AVAQ65721,Hola,brucella,Non Irrigated,negative
3023,67087,142.9,35,35,120,0,Cattle,Orma Boran,Male,Kid/Lamb/Calf,BDT072741,BSR016231,AVAQ67087,Hola,brucella,Non Irrigated,negative
3023,67082,142.9,35,35,120,0,Cattle,Orma Boran,Female,Adult,BDT072709,BSR016226,AVAQ67082,Hola,brucella,Non Irrigated,negative
3023,65721,142.9,35,35,120,0,Cattle,Orma Boran,Female,Adult,BDT072749,BSR016283,AVAQ65721,Hola,rvf,Non Irrigated,negative
3023,67143,142.9,35,35,120,0,Sheep,Black Head Persian,Female,Adult,BDT072721,BSR016225,AVAQ67143,Hola,rvf,Non Irrigated,positive
3023,67086,142.9,35,35,120,0,Cattle,Orma Boran,Female,Adult,BDT072718,BSR016234,AVAQ67086,Hola,rvf,Non Irrigated,negative
3023,66971,142.9,35,35,120,0,Cattle,Orma Boran,Female,Kid/Lamb/Calf,BDT072735,BSR016269,AVAQ66971,Hola,qfever,Non Irrigated,negative
3023,66972,142.9,35,35,120,0,Sheep,Black Head Persian,Female,Kid/Lamb/Calf,BDT072745,BSR016252,AVAQ66972,Hola,qfever,Non Irrigated,negative
3023,67087,142.9,35,35,120,0,Cattle,Orma Boran,Male,Kid/Lamb/Calf,BDT072741,BSR016231,AVAQ67087,Hola,qfever,Non Irrigated,negative
3023,65790,142.9,35,35,120,0,Sheep,Black Head Persian,Female,Adult,BDT072740,BSR016282,AVAQ65790,Hola,rvf,Non Irrigated,positive
3023,67087,142.9,35,35,120,0,Cattle,Orma Boran,Male,Kid/Lamb/Calf,BDT072741,BSR016231,AVAQ67087,Hola,rvf,Non Irrigated,negative
3023,65763,142.9,35,35,120,0,Sheep,Black Head Persian,Male,Adult,BDT072738,BSR016235,AVAQ65763,Hola,qfever,Non Irrigated,negative
3023,66992,142.9,35,35,120,0,Cattle,Orma Boran,Male,Kid/Lamb/Calf,BDT072742,BSR016233,AVAQ66992,Hola,qfever,Non Irrigated,negative
3023,66990,142.9,35,35,120,0,Cattle,Orma Boran,Female,Adult,BDT072732,BSR016273,AVAQ66990,Hola,qfever,Non Irrigated,positive
3023,67031,142.9,35,35,120,0,Cattle,Orma Boran,Female,Adult,BDT072713,BSR016263,AVAQ67031,Hola,brucella,Non Irrigated,negative
3023,65772,142.9,35,35,120,0,Cattle,Orma Boran,Female,Adult,BDT072746,BSR016241,AVAQ65772,Hola,brucella,Non Irrigated,negative
3023,67214,142.9,35,35,120,0,Cattle,Orma Boran,Female,Adult,BDT072734,BSR016268,AVAQ67214,Hola,qfever,Non Irrigated,negative
3023,66974,142.9,35,35,120,0,Goat,"Galla Goat, Cross",Female,Kid/Lamb/Calf,BDT072726,BSR016274,AVAQ66974,Hola,brucella,Non Irrigated,negative
3023,66909,142.9,35,35,120,0,Goat,"Galla Goat, Cross",Female,Adult,BDT072731,BSR016291,AVAQ66909,Hola,rvf,Non Irrigated,negative
3023,67098,142.9,35,35,120,0,Cattle,Orma Boran,Female,Adult,BDT072756,BSR016259,AVAQ67098,Hola,qfever,Non Irrigated,positive
3023,66975,142.9,35,35,120,0,Cattle,Orma Boran,Female,Adult,BDT072711,BSR016272,AVAQ66975,Hola,brucella,Non Irrigated,negative
3023,66972,142.9,35,35,120,0,Sheep,Black Head Persian,Female,Kid/Lamb/Calf,BDT072745,BSR016252,AVAQ66972,Hola,brucella,Non Irrigated,negative
3023,67334,142.9,35,35,120,0,Goat,"Galla Goat, Cross",Female,Adult,BDT072737,BSR016271,AVAQ67334,Hola,rvf,Non Irrigated,positive
3023,67086,142.9,35,35,120,0,Cattle,Orma Boran,Female,Adult,BDT072718,BSR016234,AVAQ67086,Hola,qfever,Non Irrigated,negative
3023,67338,142.9,35,35,120,0,Cattle,Orma Boran,Female,Weaner,BDT072728,BSR016276,AVAQ67338,Hola,rvf,Non Irrigated,negative
3023,67143,142.9,35,35,120,0,Sheep,Black Head Persian,Female,Adult,BDT072721,BSR016225,AVAQ67143,Hola,qfever,Non Irrigated,negative
3023,67298,142.9,35,35,120,0,Goat,"Galla Goat, Cross",Male,Adult,BDT072736,BSR016265,AVAQ67298,Hola,brucella,Non Irrigated,negative
3023,67334,142.9,35,35,120,0,Goat,"Galla Goat, Cross",Female,Adult,BDT072737,BSR016271,AVAQ67334,Hola,qfever,Non Irrigated,negative
3023,67300,142.9,35,35,120,0,Goat,"Galla Goat, Cross",Female,Adult,BDT072643,BSR016262,AVAQ67300,Hola,qfever,Non Irrigated,positive
3023,66971,142.9,35,35,120,0,Cattle,Orma Boran,Female,Kid/Lamb/Calf,BDT072735,BSR016269,AVAQ66971,Hola,rvf,Non Irrigated,negative
3023,65790,142.9,35,35,120,0,Sheep,Black Head Persian,Female,Adult,BDT072740,BSR016282,AVAQ65790,Hola,brucella,Non Irrigated,negative
3023,66975,142.9,35,35,120,0,Cattle,Orma Boran,Female,Adult,BDT072711,BSR016272,AVAQ66975,Hola,qfever,Non Irrigated,negative
3023,65730,142.9,35,35,120,0,Cattle,Orma Boran,Female,Kid/Lamb/Calf,BDT072723,BSR016267,AVAQ65730,Hola,brucella,Non Irrigated,negative
3023,67031,142.9,35,35,120,0,Cattle,Orma Boran,Female,Adult,BDT072713,BSR016263,AVAQ67031,Hola,qfever,Non Irrigated,positive
3023,67086,142.9,35,35,120,0,Cattle,Orma Boran,Female,Adult,BDT072718,BSR016234,AVAQ67086,Hola,brucella,Non Irrigated,negative
3023,65730,142.9,35,35,120,0,Cattle,Orma Boran,Female,Kid/Lamb/Calf,BDT072723,BSR016267,AVAQ65730,Hola,qfever,Non Irrigated,negative
3023,67163,142.9,35,35,120,0,Cattle,Orma Boran,Male,Weaner,BDT072733,BSR016266,AVAQ67163,Hola,qfever,Non Irrigated,negative
3023,67034,142.9,35,35,120,0,Cattle,Orma Boran,Female,Adult,BDT072712,BSR016258,AVAQ67034,Hola,brucella,Non Irrigated,negative
3023,65721,142.9,35,35,120,0,Cattle,Orma Boran,Female,Adult,BDT072749,BSR016283,AVAQ65721,Hola,qfever,Non Irrigated,negative
3024,67037,131.8,30,20,30,0,Cattle,Orma Boran,Female,Weaner,BDT072727,BSR016270,AVAQ67037,Hola,qfever,Non Irrigated,negative
3024,67146,131.8,30,20,30,0,Cattle,Orma Boran,Female,Weaner,BDT072720,BSR015583,AVAQ67146,Hola,rvf,Non Irrigated,negative
3024,67037,131.8,30,20,30,0,Cattle,Orma Boran,Female,Weaner,BDT072727,BSR016270,AVAQ67037,Hola,brucella,Non Irrigated,negative
3024,67037,131.8,30,20,30,0,Cattle,Orma Boran,Female,Weaner,BDT072727,BSR016270,AVAQ67037,Hola,rvf,Non Irrigated,positive
3024,67146,131.8,30,20,30,0,Cattle,Orma Boran,Female,Weaner,BDT072720,BSR015583,AVAQ67146,Hola,qfever,Non Irrigated,negative
3024,67146,131.8,30,20,30,0,Cattle,Orma Boran,Female,Weaner,BDT072720,BSR015583,AVAQ67146,Hola,brucella,Non Irrigated,negative
3025,65805,131.9,50,60,120,20,Cattle,Orma Boran,Female,Weaner,BDT072370,BSR016126,AVAQ65805,Hola,rvf,Non Irrigated,negative
3025,67094,131.9,50,60,120,20,Cattle,Orma Boran,Female,Weaner,BDT072366,BSR016141,AVAQ67094,Hola,qfever,Non Irrigated,negative
3025,67094,131.9,50,60,120,20,Cattle,Orma Boran,Female,Weaner,BDT072366,BSR016141,AVAQ67094,Hola,brucella,Non Irrigated,negative
3025,67094,131.9,50,60,120,20,Cattle,Orma Boran,Female,Weaner,BDT072366,BSR016141,AVAQ67094,Hola,rvf,Non Irrigated,positive
3025,65766,131.9,50,60,120,20,Cattle,Orma Boran,Male,Adult,BDT072371,BSR016153,AVAQ65766,Hola,qfever,Non Irrigated,negative
3025,67100,131.9,50,60,120,20,Cattle,Orma Boran,Female,Adult,BDT072372,BSR016163,AVAQ67100,Hola,qfever,Non Irrigated,negative
3025,65766,131.9,50,60,120,20,Cattle,Orma Boran,Male,Adult,BDT072371,BSR016153,AVAQ65766,Hola,brucella,Non Irrigated,negative
3025,66973,131.9,50,60,120,20,Cattle,Orma Boran,Female,Weaner,BDT072717,BSR016260,AVAQ66973,Hola,brucella,Non Irrigated,negative
3025,67100,131.9,50,60,120,20,Cattle,Orma Boran,Female,Adult,BDT072372,BSR016163,AVAQ67100,Hola,rvf,Non Irrigated,positive
3025,67204,131.9,50,60,120,20,Cattle,Orma Boran,Male,Weaner,BDT072743,BSR016147,AVAQ67204,Hola,brucella,Non Irrigated,negative
3025,65805,131.9,50,60,120,20,Cattle,Orma Boran,Female,Weaner,BDT072370,BSR016126,AVAQ65805,Hola,brucella,Non Irrigated,negative
3025,65805,131.9,50,60,120,20,Cattle,Orma Boran,Female,Weaner,BDT072370,BSR016126,AVAQ65805,Hola,qfever,Non Irrigated,negative
3025,65766,131.9,50,60,120,20,Cattle,Orma Boran,Male,Adult,BDT072371,BSR016153,AVAQ65766,Hola,rvf,Non Irrigated,negative
3025,67100,131.9,50,60,120,20,Cattle,Orma Boran,Female,Adult,BDT072372,BSR016163,AVAQ67100,Hola,brucella,Non Irrigated,positive
3025,66978,131.9,50,60,120,20,Cattle,Orma Boran,Female,Adult,BDT072369,BSR016172,AVAQ66978,Hola,brucella,Non Irrigated,negative
3025,66978,131.9,50,60,120,20,Cattle,Orma Boran,Female,Adult,BDT072369,BSR016172,AVAQ66978,Hola,rvf,Non Irrigated,negative
3025,66973,131.9,50,60,120,20,Cattle,Orma Boran,Female,Weaner,BDT072717,BSR016260,AVAQ66973,Hola,qfever,Non Irrigated,negative
3025,66978,131.9,50,60,120,20,Cattle,Orma Boran,Female,Adult,BDT072369,BSR016172,AVAQ66978,Hola,qfever,Non Irrigated,negative
3025,67204,131.9,50,60,120,20,Cattle,Orma Boran,Male,Weaner,BDT072743,BSR016147,AVAQ67204,Hola,rvf,Non Irrigated,negative
3025,66973,131.9,50,60,120,20,Cattle,Orma Boran,Female,Weaner,BDT072717,BSR016260,AVAQ66973,Hola,rvf,Non Irrigated,positive
3025,67204,131.9,50,60,120,20,Cattle,Orma Boran,Male,Weaner,BDT072743,BSR016147,AVAQ67204,Hola,qfever,Non Irrigated,negative
3026,65797,135.8,35,35,2,0,Sheep,Black Head Persian,Female,Adult,BDT072391,BSR016426,AVAQ65797,Hola,qfever,Non Irrigated,negative
3026,67089,135.8,35,35,2,0,Goat,"Galla Goat, Cross",Male,Adult,BDT072389,BSR016168,AVAQ67089,Hola,rvf,Non Irrigated,positive
3026,65773,135.8,35,35,2,0,Goat,"Galla Goat, Cross",Female,Adult,BDT072383,BSR016127,AVAQ65773,Hola,qfever,Non Irrigated,negative
3026,67111,135.8,35,35,2,0,Goat,"Galla Goat, Cross",Female,Adult,BDT072739,BSR016295,AVAQ67111,Hola,brucella,Non Irrigated,negative
3026,67115,135.8,35,35,2,0,Goat,"Galla Goat, Cross",Female,Adult,BDT072376,BSR016133,AVAQ67115,Hola,brucella,Non Irrigated,negative
3026,66251,135.8,35,35,2,0,Goat,"Galla Goat, Cross",Female,Weaner,BDT072378,BSR016130,AVAQ66251,Hola,rvf,Non Irrigated,negative
3026,67105,135.8,35,35,2,0,Goat,"Galla Goat, Cross",Female,Adult,BDT072360,BSR016173,AVAQ67105,Hola,rvf,Non Irrigated,negative
3026,65773,135.8,35,35,2,0,Goat,"Galla Goat, Cross",Female,Adult,BDT072383,BSR016127,AVAQ65773,Hola,brucella,Non Irrigated,negative
3026,66133,135.8,35,35,2,0,Goat,"Galla Goat, Cross",Female,Adult,BDT072716,BSR016159,AVAQ66133,Hola,rvf,Non Irrigated,positive
3026,66206,135.8,35,35,2,0,Goat,"Galla Goat, Cross",Female,Weaner,BDT072384,BSR016134,AVAQ66206,Hola,rvf,Non Irrigated,negative
3026,65727,135.8,35,35,2,0,Sheep,Black Head Persian,Male,Weaner,BDT072729,BSR016143,AVAQ65727,Hola,brucella,Non Irrigated,negative
3026,67115,135.8,35,35,2,0,Goat,"Galla Goat, Cross",Female,Adult,BDT072376,BSR016133,AVAQ67115,Hola,rvf,Non Irrigated,positive
3026,67142,135.8,35,35,2,0,Sheep,Black Head Persian,Male,Adult,BDT072724,BSR016166,AVAQ67142,Hola,qfever,Non Irrigated,negative
3026,66242,135.8,35,35,2,0,Sheep,Black Head Persian,Female,Adult,BDT072747,BSR016156,AVAQ66242,Hola,rvf,Non Irrigated,positive
3026,67131,135.8,35,35,2,0,Goat,"Galla Goat, Cross",Male,Adult,BDT072377,BSR016135,AVAQ67131,Hola,brucella,Non Irrigated,negative
3026,67051,135.8,35,35,2,0,Sheep,Black Head Persian,Female,Adult,BDT072394,BSR016162,AVAQ67051,Hola,qfever,Non Irrigated,positive
3026,66189,135.8,35,35,2,0,Sheep,Black Head Persian,Female,Adult,BDT072386,BSR016158,AVAQ66189,Hola,rvf,Non Irrigated,positive
3026,65773,135.8,35,35,2,0,Goat,"Galla Goat, Cross",Female,Adult,BDT072383,BSR016127,AVAQ65773,Hola,rvf,Non Irrigated,positive
3026,66259,135.8,35,35,2,0,Goat,"Galla Goat, Cross",Male,Adult,BDT072362,BSR016149,AVAQ66259,Hola,qfever,Non Irrigated,negative
3026,67051,135.8,35,35,2,0,Sheep,Black Head Persian,Female,Adult,BDT072394,BSR016162,AVAQ67051,Hola,rvf,Non Irrigated,positive
3026,66259,135.8,35,35,2,0,Goat,"Galla Goat, Cross",Male,Adult,BDT072362,BSR016149,AVAQ66259,Hola,rvf,Non Irrigated,negative
3026,67327,135.8,35,35,2,0,Goat,"Galla Goat, Cross",Female,Adult,BDT072367,BSR016140,AVAQ67327,Hola,qfever,Non Irrigated,negative
3026,66141,135.8,35,35,2,0,Sheep,Black Head Persian,Female,Adult,BDT072385,BSR016169,AVAQ66141,Hola,brucella,Non Irrigated,negative
3026,65727,135.8,35,35,2,0,Sheep,Black Head Persian,Male,Weaner,BDT072729,BSR016143,AVAQ65727,Hola,rvf,Non Irrigated,positive
3026,67089,135.8,35,35,2,0,Goat,"Galla Goat, Cross",Male,Adult,BDT072389,BSR016168,AVAQ67089,Hola,brucella,Non Irrigated,negative
3026,66147,135.8,35,35,2,0,Sheep,Black Head Persian,Female,Adult,BDT072403,BSR016431,AVAQ66147,Hola,brucella,Non Irrigated,negative
3026,67044,135.8,35,35,2,0,Sheep,Black Head Persian,Male,Weaner,BDT072396,BSR016429,AVAQ67044,Hola,rvf,Non Irrigated,negative
3026,67030,135.8,35,35,2,0,Sheep,Black Head Persian,Female,Weaner,BDT072390,BSR016164,AVAQ67030,Hola,qfever,Non Irrigated,negative
3026,67149,135.8,35,35,2,0,Goat,"Galla Goat, Cross",Female,Adult,BDT072365,BSR016261,AVAQ67149,Hola,rvf,Non Irrigated,positive
3026,67230,135.8,35,35,2,0,Goat,"Galla Goat, Cross",Male,Adult,BDT072361,BSR016144,AVAQ67230,Hola,qfever,Non Irrigated,negative
3026,66098,135.8,35,35,2,0,Sheep,Black Head Persian,Female,Adult,BDT072722,BSR016150,AVAQ66098,Hola,rvf,Non Irrigated,positive
3026,66144,135.8,35,35,2,0,Goat,"Galla Goat, Cross",Male,Adult,BDT072380,BSR016138,AVAQ66144,Hola,qfever,Non Irrigated,positive
3026,67111,135.8,35,35,2,0,Goat,"Galla Goat, Cross",Female,Adult,BDT072739,BSR016295,AVAQ67111,Hola,qfever,Non Irrigated,positive
3026,67327,135.8,35,35,2,0,Goat,"Galla Goat, Cross",Female,Adult,BDT072367,BSR016140,AVAQ67327,Hola,rvf,Non Irrigated,negative
3026,67051,135.8,35,35,2,0,Sheep,Black Head Persian,Female,Adult,BDT072394,BSR016162,AVAQ67051,Hola,brucella,Non Irrigated,negative
3026,67044,135.8,35,35,2,0,Sheep,Black Head Persian,Male,Weaner,BDT072396,BSR016429,AVAQ67044,Hola,qfever,Non Irrigated,negative
3026,66133,135.8,35,35,2,0,Goat,"Galla Goat, Cross",Female,Adult,BDT072716,BSR016159,AVAQ66133,Hola,qfever,Non Irrigated,negative
3026,67030,135.8,35,35,2,0,Sheep,Black Head Persian,Female,Weaner,BDT072390,BSR016164,AVAQ67030,Hola,brucella,Non Irrigated,negative
3026,67131,135.8,35,35,2,0,Goat,"Galla Goat, Cross",Male,Adult,BDT072377,BSR016135,AVAQ67131,Hola,qfever,Non Irrigated,positive
3026,65761,135.8,35,35,2,0,Sheep,Black Head Persian,Female,Adult,BDT072725,BSR016152,AVAQ65761,Hola,brucella,Non Irrigated,negative
3026,67316,135.8,35,35,2,0,Goat,"Galla Goat, Cross",Male,Weaner,BDT072752,BSR016302,AVAQ67316,Hola,brucella,Non Irrigated,negative
3026,67139,135.8,35,35,2,0,Sheep,Black Head Persian,Female,Adult,BDT072395,BSR016427,AVAQ67139,Hola,brucella,Non Irrigated,negative
3026,66251,135.8,35,35,2,0,Goat,"Galla Goat, Cross",Female,Weaner,BDT072378,BSR016130,AVAQ66251,Hola,brucella,Non Irrigated,negative
3026,67245,135.8,35,35,2,0,Goat,"Galla Goat, Cross",Female,Adult,BDT072751,BSR016145,AVAQ67245,Hola,qfever,Non Irrigated,negative
3026,66098,135.8,35,35,2,0,Sheep,Black Head Persian,Female,Adult,BDT072722,BSR016150,AVAQ66098,Hola,brucella,Non Irrigated,negative
3026,67243,135.8,35,35,2,0,Goat,"Galla Goat, Cross",Female,Adult,BDT072364,BSR016151,AVAQ67243,Hola,qfever,Non Irrigated,negative
3026,65847,135.8,35,35,2,0,Goat,"Galla Goat, Cross",Female,Adult,BDT072363,BSR016161,AVAQ65847,Hola,rvf,Non Irrigated,positive
3026,67139,135.8,35,35,2,0,Sheep,Black Head Persian,Female,Adult,BDT072395,BSR016427,AVAQ67139,Hola,qfever,Non Irrigated,negative
3026,67149,135.8,35,35,2,0,Goat,"Galla Goat, Cross",Female,Adult,BDT072365,BSR016261,AVAQ67149,Hola,qfever,Non Irrigated,negative
3026,65830,135.8,35,35,2,0,Goat,"Galla Goat, Cross",Female,Weaner,BDT072381,BSR016136,AVAQ65830,Hola,qfever,Non Irrigated,negative
3026,66189,135.8,35,35,2,0,Sheep,Black Head Persian,Female,Adult,BDT072386,BSR016158,AVAQ66189,Hola,qfever,Non Irrigated,positive
3026,67044,135.8,35,35,2,0,Sheep,Black Head Persian,Male,Weaner,BDT072396,BSR016429,AVAQ67044,Hola,brucella,Non Irrigated,negative
3026,67139,135.8,35,35,2,0,Sheep,Black Head Persian,Female,Adult,BDT072395,BSR016427,AVAQ67139,Hola,rvf,Non Irrigated,positive
3026,67211,135.8,35,35,2,0,Sheep,Black Head Persian,Female,Adult,BDT072714,BSR016132,AVAQ67211,Hola,qfever,Non Irrigated,positive
3026,65786,135.8,35,35,2,0,Goat,"Galla Goat, Cross",Female,Adult,BDT072382,BSR016174,AVAQ65786,Hola,qfever,Non Irrigated,negative
3026,65830,135.8,35,35,2,0,Goat,"Galla Goat, Cross",Female,Weaner,BDT072381,BSR016136,AVAQ65830,Hola,brucella,Non Irrigated,negative
3026,66242,135.8,35,35,2,0,Sheep,Black Head Persian,Female,Adult,BDT072747,BSR016156,AVAQ66242,Hola,qfever,Non Irrigated,positive
3026,67316,135.8,35,35,2,0,Goat,"Galla Goat, Cross",Male,Weaner,BDT072752,BSR016302,AVAQ67316,Hola,qfever,Non Irrigated,negative
3026,66259,135.8,35,35,2,0,Goat,"Galla Goat, Cross",Male,Adult,BDT072362,BSR016149,AVAQ66259,Hola,brucella,Non Irrigated,negative
3026,66147,135.8,35,35,2,0,Sheep,Black Head Persian,Female,Adult,BDT072403,BSR016431,AVAQ66147,Hola,qfever,Non Irrigated,negative
3026,66141,135.8,35,35,2,0,Sheep,Black Head Persian,Female,Adult,BDT072385,BSR016169,AVAQ66141,Hola,rvf,Non Irrigated,positive
3026,66147,135.8,35,35,2,0,Sheep,Black Head Persian,Female,Adult,BDT072403,BSR016431,AVAQ66147,Hola,rvf,Non Irrigated,positive
3026,67089,135.8,35,35,2,0,Goat,"Galla Goat, Cross",Male,Adult,BDT072389,BSR016168,AVAQ67089,Hola,qfever,Non Irrigated,negative
3026,65814,135.8,35,35,2,0,Goat,"Galla Goat, Cross",Female,Adult,BDT072744,BSR016146,AVAQ65814,Hola,brucella,Non Irrigated,negative
3026,67240,135.8,35,35,2,0,Goat,"Galla Goat, Cross",Male,Adult,BDT072368,BSR016160,AVAQ67240,Hola,qfever,Non Irrigated,negative
3026,66206,135.8,35,35,2,0,Goat,"Galla Goat, Cross",Female,Weaner,BDT072384,BSR016134,AVAQ66206,Hola,qfever,Non Irrigated,negative
3026,67052,135.8,35,35,2,0,Goat,"Galla Goat, Cross",Female,Adult,BDT072758,BSR016142,AVAQ67052,Hola,qfever,Non Irrigated,negative
3026,65814,135.8,35,35,2,0,Goat,"Galla Goat, Cross",Female,Adult,BDT072744,BSR016146,AVAQ65814,Hola,qfever,Non Irrigated,negative
3026,65797,135.8,35,35,2,0,Sheep,Black Head Persian,Female,Adult,BDT072391,BSR016426,AVAQ65797,Hola,brucella,Non Irrigated,negative
3026,65786,135.8,35,35,2,0,Goat,"Galla Goat, Cross",Female,Adult,BDT072382,BSR016174,AVAQ65786,Hola,rvf,Non Irrigated,positive
3026,67111,135.8,35,35,2,0,Goat,"Galla Goat, Cross",Female,Adult,BDT072739,BSR016295,AVAQ67111,Hola,rvf,Non Irrigated,negative
3026,67131,135.8,35,35,2,0,Goat,"Galla Goat, Cross",Male,Adult,BDT072377,BSR016135,AVAQ67131,Hola,rvf,Non Irrigated,negative
3026,67124,135.8,35,35,2,0,Goat,"Galla Goat, Cross",Female,Adult,BDT072359,BSR016125,AVAQ67124,Hola,qfever,Non Irrigated,negative
3026,67124,135.8,35,35,2,0,Goat,"Galla Goat, Cross",Female,Adult,BDT072359,BSR016125,AVAQ67124,Hola,rvf,Non Irrigated,positive
3026,65830,135.8,35,35,2,0,Goat,"Galla Goat, Cross",Female,Weaner,BDT072381,BSR016136,AVAQ65830,Hola,rvf,Non Irrigated,negative
3026,67149,135.8,35,35,2,0,Goat,"Galla Goat, Cross",Female,Adult,BDT072365,BSR016261,AVAQ67149,Hola,brucella,Non Irrigated,negative
3026,67243,135.8,35,35,2,0,Goat,"Galla Goat, Cross",Female,Adult,BDT072364,BSR016151,AVAQ67243,Hola,rvf,Non Irrigated,positive
3026,66141,135.8,35,35,2,0,Sheep,Black Head Persian,Female,Adult,BDT072385,BSR016169,AVAQ66141,Hola,qfever,Non Irrigated,positive
3026,67245,135.8,35,35,2,0,Goat,"Galla Goat, Cross",Female,Adult,BDT072751,BSR016145,AVAQ67245,Hola,rvf,Non Irrigated,positive
3026,66144,135.8,35,35,2,0,Goat,"Galla Goat, Cross",Male,Adult,BDT072380,BSR016138,AVAQ66144,Hola,brucella,Non Irrigated,negative
3026,66189,135.8,35,35,2,0,Sheep,Black Head Persian,Female,Adult,BDT072386,BSR016158,AVAQ66189,Hola,brucella,Non Irrigated,negative
3026,67230,135.8,35,35,2,0,Goat,"Galla Goat, Cross",Male,Adult,BDT072361,BSR016144,AVAQ67230,Hola,brucella,Non Irrigated,negative
3026,65778,135.8,35,35,2,0,Goat,"Galla Goat, Cross",Female,Adult,BDT072373,BSR016131,AVAQ65778,Hola,rvf,Non Irrigated,positive
3026,65786,135.8,35,35,2,0,Goat,"Galla Goat, Cross",Female,Adult,BDT072382,BSR016174,AVAQ65786,Hola,brucella,Non Irrigated,negative
3026,66098,135.8,35,35,2,0,Sheep,Black Head Persian,Female,Adult,BDT072722,BSR016150,AVAQ66098,Hola,qfever,Non Irrigated,positive
3026,65738,135.8,35,35,2,0,Sheep,Black Head Persian,Male,Adult,BDT072400,BSR016439,AVAQ65738,Hola,qfever,Non Irrigated,negative
3026,67211,135.8,35,35,2,0,Sheep,Black Head Persian,Female,Adult,BDT072714,BSR016132,AVAQ67211,Hola,brucella,Non Irrigated,negative
3026,66133,135.8,35,35,2,0,Goat,"Galla Goat, Cross",Female,Adult,BDT072716,BSR016159,AVAQ66133,Hola,brucella,Non Irrigated,negative
3026,67052,135.8,35,35,2,0,Goat,"Galla Goat, Cross",Female,Adult,BDT072758,BSR016142,AVAQ67052,Hola,brucella,Non Irrigated,negative
3026,65738,135.8,35,35,2,0,Sheep,Black Head Persian,Male,Adult,BDT072400,BSR016439,AVAQ65738,Hola,rvf,Non Irrigated,positive
3026,65847,135.8,35,35,2,0,Goat,"Galla Goat, Cross",Female,Adult,BDT072363,BSR016161,AVAQ65847,Hola,brucella,Non Irrigated,negative
3026,66251,135.8,35,35,2,0,Goat,"Galla Goat, Cross",Female,Weaner,BDT072378,BSR016130,AVAQ66251,Hola,qfever,Non Irrigated,negative
3026,66206,135.8,35,35,2,0,Goat,"Galla Goat, Cross",Female,Weaner,BDT072384,BSR016134,AVAQ66206,Hola,brucella,Non Irrigated,negative
3026,65778,135.8,35,35,2,0,Goat,"Galla Goat, Cross",Female,Adult,BDT072373,BSR016131,AVAQ65778,Hola,qfever,Non Irrigated,positive
3026,67105,135.8,35,35,2,0,Goat,"Galla Goat, Cross",Female,Adult,BDT072360,BSR016173,AVAQ67105,Hola,qfever,Non Irrigated,negative
3026,67142,135.8,35,35,2,0,Sheep,Black Head Persian,Male,Adult,BDT072724,BSR016166,AVAQ67142,Hola,brucella,Non Irrigated,negative
3026,65797,135.8,35,35,2,0,Sheep,Black Head Persian,Female,Adult,BDT072391,BSR016426,AVAQ65797,Hola,rvf,Non Irrigated,positive
3026,65761,135.8,35,35,2,0,Sheep,Black Head Persian,Female,Adult,BDT072725,BSR016152,AVAQ65761,Hola,rvf,Non Irrigated,negative
3026,65814,135.8,35,35,2,0,Goat,"Galla Goat, Cross",Female,Adult,BDT072744,BSR016146,AVAQ65814,Hola,rvf,Non Irrigated,positive
3026,67211,135.8,35,35,2,0,Sheep,Black Head Persian,Female,Adult,BDT072714,BSR016132,AVAQ67211,Hola,rvf,Non Irrigated,negative
3026,65738,135.8,35,35,2,0,Sheep,Black Head Persian,Male,Adult,BDT072400,BSR016439,AVAQ65738,Hola,brucella,Non Irrigated,negative
3026,65847,135.8,35,35,2,0,Goat,"Galla Goat, Cross",Female,Adult,BDT072363,BSR016161,AVAQ65847,Hola,qfever,Non Irrigated,negative
3026,65727,135.8,35,35,2,0,Sheep,Black Head Persian,Male,Weaner,BDT072729,BSR016143,AVAQ65727,Hola,qfever,Non Irrigated,negative
3026,67240,135.8,35,35,2,0,Goat,"Galla Goat, Cross",Male,Adult,BDT072368,BSR016160,AVAQ67240,Hola,rvf,Non Irrigated,positive
3026,67124,135.8,35,35,2,0,Goat,"Galla Goat, Cross",Female,Adult,BDT072359,BSR016125,AVAQ67124,Hola,brucella,Non Irrigated,negative
3026,67105,135.8,35,35,2,0,Goat,"Galla Goat, Cross",Female,Adult,BDT072360,BSR016173,AVAQ67105,Hola,brucella,Non Irrigated,negative
3026,65761,135.8,35,35,2,0,Sheep,Black Head Persian,Female,Adult,BDT072725,BSR016152,AVAQ65761,Hola,qfever,Non Irrigated,negative
3026,67327,135.8,35,35,2,0,Goat,"Galla Goat, Cross",Female,Adult,BDT072367,BSR016140,AVAQ67327,Hola,brucella,Non Irrigated,negative
3026,67243,135.8,35,35,2,0,Goat,"Galla Goat, Cross",Female,Adult,BDT072364,BSR016151,AVAQ67243,Hola,brucella,Non Irrigated,negative
3026,67030,135.8,35,35,2,0,Sheep,Black Head Persian,Female,Weaner,BDT072390,BSR016164,AVAQ67030,Hola,rvf,Non Irrigated,negative
3026,66144,135.8,35,35,2,0,Goat,"Galla Goat, Cross",Male,Adult,BDT072380,BSR016138,AVAQ66144,Hola,rvf,Non Irrigated,positive
3026,66242,135.8,35,35,2,0,Sheep,Black Head Persian,Female,Adult,BDT072747,BSR016156,AVAQ66242,Hola,brucella,Non Irrigated,negative
3026,67230,135.8,35,35,2,0,Goat,"Galla Goat, Cross",Male,Adult,BDT072361,BSR016144,AVAQ67230,Hola,rvf,Non Irrigated,positive
3026,65778,135.8,35,35,2,0,Goat,"Galla Goat, Cross",Female,Adult,BDT072373,BSR016131,AVAQ65778,Hola,brucella,Non Irrigated,negative
3026,67052,135.8,35,35,2,0,Goat,"Galla Goat, Cross",Female,Adult,BDT072758,BSR016142,AVAQ67052,Hola,rvf,Non Irrigated,positive
3026,67316,135.8,35,35,2,0,Goat,"Galla Goat, Cross",Male,Weaner,BDT072752,BSR016302,AVAQ67316,Hola,rvf,Non Irrigated,negative
3026,67142,135.8,35,35,2,0,Sheep,Black Head Persian,Male,Adult,BDT072724,BSR016166,AVAQ67142,Hola,rvf,Non Irrigated,positive
3026,67245,135.8,35,35,2,0,Goat,"Galla Goat, Cross",Female,Adult,BDT072751,BSR016145,AVAQ67245,Hola,brucella,Non Irrigated,negative
3026,67240,135.8,35,35,2,0,Goat,"Galla Goat, Cross",Male,Adult,BDT072368,BSR016160,AVAQ67240,Hola,brucella,Non Irrigated,negative
3027,65768,134,20,40,10,2,Goat,"Galla Goat, Cross",Male,Adult,BDT072397,BSR016434,AVAQ65768,Hola,brucella,Non Irrigated,negative
3027,67029,134,20,40,10,2,Goat,"Galla Goat, Cross",Female,Adult,BDT072388,BSR016430,AVAQ67029,Hola,rvf,Non Irrigated,positive
3027,65836,134,20,40,10,2,Goat,"Galla Goat, Cross",Female,Adult,BDT072393,BSR016129,AVAQ65836,Hola,rvf,Non Irrigated,negative
3027,65719,134,20,40,10,2,Goat,"Galla Goat, Cross",Female,Adult,BDT072392,BSR016432,AVAQ65719,Hola,brucella,Non Irrigated,negative
3027,66132,134,20,40,10,2,Goat,"Galla Goat, Cross",Female,Adult,BDT072399,BSR016446,AVAQ66132,Hola,brucella,Non Irrigated,negative
3027,65770,134,20,40,10,2,Goat,"Galla Goat, Cross",Female,Adult,BDT072719,BSR016137,AVAQ65770,Hola,rvf,Non Irrigated,negative
3027,65719,134,20,40,10,2,Goat,"Galla Goat, Cross",Female,Adult,BDT072392,BSR016432,AVAQ65719,Hola,qfever,Non Irrigated,negative
3027,65719,134,20,40,10,2,Goat,"Galla Goat, Cross",Female,Adult,BDT072392,BSR016432,AVAQ65719,Hola,rvf,Non Irrigated,negative
3027,66996,134,20,40,10,2,Goat,"Galla Goat, Cross",Male,Weaner,BDT072401,BSR016453,AVAQ66996,Hola,qfever,Non Irrigated,negative
3027,66996,134,20,40,10,2,Goat,"Galla Goat, Cross",Male,Weaner,BDT072401,BSR016453,AVAQ66996,Hola,rvf,Non Irrigated,positive
3027,65836,134,20,40,10,2,Goat,"Galla Goat, Cross",Female,Adult,BDT072393,BSR016129,AVAQ65836,Hola,qfever,Non Irrigated,positive
3027,65717,134,20,40,10,2,Goat,"Galla Goat, Cross",Female,Kid/Lamb/Calf,BDT072402,BSR016445,AVAQ65717,Hola,brucella,Non Irrigated,negative
3027,66132,134,20,40,10,2,Goat,"Galla Goat, Cross",Female,Adult,BDT072399,BSR016446,AVAQ66132,Hola,qfever,Non Irrigated,positive
3027,65770,134,20,40,10,2,Goat,"Galla Goat, Cross",Female,Adult,BDT072719,BSR016137,AVAQ65770,Hola,qfever,Non Irrigated,negative
3027,67029,134,20,40,10,2,Goat,"Galla Goat, Cross",Female,Adult,BDT072388,BSR016430,AVAQ67029,Hola,qfever,Non Irrigated,negative
3027,65836,134,20,40,10,2,Goat,"Galla Goat, Cross",Female,Adult,BDT072393,BSR016129,AVAQ65836,Hola,brucella,Non Irrigated,negative
3027,66996,134,20,40,10,2,Goat,"Galla Goat, Cross",Male,Weaner,BDT072401,BSR016453,AVAQ66996,Hola,brucella,Non Irrigated,negative
3027,65768,134,20,40,10,2,Goat,"Galla Goat, Cross",Male,Adult,BDT072397,BSR016434,AVAQ65768,Hola,qfever,Non Irrigated,negative
3027,65770,134,20,40,10,2,Goat,"Galla Goat, Cross",Female,Adult,BDT072719,BSR016137,AVAQ65770,Hola,brucella,Non Irrigated,negative
3027,66132,134,20,40,10,2,Goat,"Galla Goat, Cross",Female,Adult,BDT072399,BSR016446,AVAQ66132,Hola,rvf,Non Irrigated,negative
3027,66096,134,20,40,10,2,Goat,"Galla Goat, Cross",Female,Adult,BDT072407,BSR016452,AVAQ66096,Hola,rvf,Non Irrigated,negative
3027,65728,134,20,40,10,2,Goat,"Galla Goat, Cross",Female,Adult,BDT072408,BSR016450,AVAQ65728,Hola,rvf,Non Irrigated,negative
3027,66096,134,20,40,10,2,Goat,"Galla Goat, Cross",Female,Adult,BDT072407,BSR016452,AVAQ66096,Hola,brucella,Non Irrigated,negative
3027,65728,134,20,40,10,2,Goat,"Galla Goat, Cross",Female,Adult,BDT072408,BSR016450,AVAQ65728,Hola,brucella,Non Irrigated,negative
3027,66096,134,20,40,10,2,Goat,"Galla Goat, Cross",Female,Adult,BDT072407,BSR016452,AVAQ66096,Hola,qfever,Non Irrigated,negative
3027,65717,134,20,40,10,2,Goat,"Galla Goat, Cross",Female,Kid/Lamb/Calf,BDT072402,BSR016445,AVAQ65717,Hola,qfever,Non Irrigated,negative
3027,67029,134,20,40,10,2,Goat,"Galla Goat, Cross",Female,Adult,BDT072388,BSR016430,AVAQ67029,Hola,brucella,Non Irrigated,negative
3027,65728,134,20,40,10,2,Goat,"Galla Goat, Cross",Female,Adult,BDT072408,BSR016450,AVAQ65728,Hola,qfever,Non Irrigated,negative
3027,65768,134,20,40,10,2,Goat,"Galla Goat, Cross",Male,Adult,BDT072397,BSR016434,AVAQ65768,Hola,rvf,Non Irrigated,negative
3027,65717,134,20,40,10,2,Goat,"Galla Goat, Cross",Female,Kid/Lamb/Calf,BDT072402,BSR016445,AVAQ65717,Hola,rvf,Non Irrigated,negative
3028,66192,134.5,28,80,50,0,Cattle,Orma Boran,Male,Kid/Lamb/Calf,BDT072669,BSR016155,AVAQ66192,Hola,qfever,Non Irrigated,negative
3028,65781,134.5,28,80,50,0,Cattle,Orma Boran,Male,Kid/Lamb/Calf,BDT072398,BSR016157,AVAQ65781,Hola,brucella,Non Irrigated,negative
3028,65781,134.5,28,80,50,0,Cattle,Orma Boran,Male,Kid/Lamb/Calf,BDT072398,BSR016157,AVAQ65781,Hola,rvf,Non Irrigated,negative
3028,66192,134.5,28,80,50,0,Cattle,Orma Boran,Male,Kid/Lamb/Calf,BDT072669,BSR016155,AVAQ66192,Hola,rvf,Non Irrigated,negative
3028,66192,134.5,28,80,50,0,Cattle,Orma Boran,Male,Kid/Lamb/Calf,BDT072669,BSR016155,AVAQ66192,Hola,brucella,Non Irrigated,negative
3028,65796,134.5,28,80,50,0,Cattle,Orma Boran,Female,Kid/Lamb/Calf,BDT072684,BSR016448,AVAQ65796,Hola,qfever,Non Irrigated,negative
3028,65781,134.5,28,80,50,0,Cattle,Orma Boran,Male,Kid/Lamb/Calf,BDT072398,BSR016157,AVAQ65781,Hola,qfever,Non Irrigated,negative
3028,65796,134.5,28,80,50,0,Cattle,Orma Boran,Female,Kid/Lamb/Calf,BDT072684,BSR016448,AVAQ65796,Hola,brucella,Non Irrigated,negative
3028,65796,134.5,28,80,50,0,Cattle,Orma Boran,Female,Kid/Lamb/Calf,BDT072684,BSR016448,AVAQ65796,Hola,rvf,Non Irrigated,positive
3029,66981,137.8,30,50,100,3,Goat,"Galla Goat, Cross",Male,Kid/Lamb/Calf,BDT072662,BSR016443,AVAQ66981,Hola,qfever,Non Irrigated,negative
3029,66246,137.8,30,50,100,3,Goat,"Galla Goat, Cross",Male,Kid/Lamb/Calf,BDT072688,BSR016316,AVAQ66246,Hola,brucella,Non Irrigated,negative
3029,65758,137.8,30,50,100,3,Goat,"Galla Goat, Cross",Female,Adult,BDT072387,BSR016470,AVAQ65758,Hola,qfever,Non Irrigated,negative
3029,65802,137.8,30,50,100,3,Goat,"Galla Goat, Cross",Female,Adult,BDT072676,BSR016461,AVAQ65802,Hola,brucella,Non Irrigated,negative
3029,65758,137.8,30,50,100,3,Goat,"Galla Goat, Cross",Female,Adult,BDT072387,BSR016470,AVAQ65758,Hola,rvf,Non Irrigated,positive
3029,67033,137.8,30,50,100,3,Goat,"Galla Goat, Cross",Male,Adult,BDT072675,BSR016435,AVAQ67033,Hola,brucella,Non Irrigated,negative
3029,67033,137.8,30,50,100,3,Goat,"Galla Goat, Cross",Male,Adult,BDT072675,BSR016435,AVAQ67033,Hola,rvf,Non Irrigated,positive
3029,65755,137.8,30,50,100,3,Goat,"Galla Goat, Cross",Female,Adult,BDT072404,BSR016148,AVAQ65755,Hola,qfever,Non Irrigated,positive
3029,65743,137.8,30,50,100,3,Goat,"Galla Goat, Cross",Female,Adult,BDT072692,BSR016154,AVAQ65743,Hola,brucella,Non Irrigated,negative
3029,65749,137.8,30,50,100,3,Goat,"Galla Goat, Cross",Female,Adult,BDT072702,BSR016466,AVAQ65749,Hola,qfever,Non Irrigated,negative
3029,65780,137.8,30,50,100,3,Goat,"Galla Goat, Cross",Female,Adult,BDT072666,BSR016309,AVAQ65780,Hola,rvf,Non Irrigated,positive
3029,67033,137.8,30,50,100,3,Goat,"Galla Goat, Cross",Male,Adult,BDT072675,BSR016435,AVAQ67033,Hola,qfever,Non Irrigated,negative
3029,66246,137.8,30,50,100,3,Goat,"Galla Goat, Cross",Male,Kid/Lamb/Calf,BDT072688,BSR016316,AVAQ66246,Hola,rvf,Non Irrigated,negative
3029,65743,137.8,30,50,100,3,Goat,"Galla Goat, Cross",Female,Adult,BDT072692,BSR016154,AVAQ65743,Hola,qfever,Non Irrigated,positive
3029,66981,137.8,30,50,100,3,Goat,"Galla Goat, Cross",Male,Kid/Lamb/Calf,BDT072662,BSR016443,AVAQ66981,Hola,brucella,Non Irrigated,negative
3029,65802,137.8,30,50,100,3,Goat,"Galla Goat, Cross",Female,Adult,BDT072676,BSR016461,AVAQ65802,Hola,qfever,Non Irrigated,negative
3029,65780,137.8,30,50,100,3,Goat,"Galla Goat, Cross",Female,Adult,BDT072666,BSR016309,AVAQ65780,Hola,brucella,Non Irrigated,negative
3029,65777,137.8,30,50,100,3,Goat,"Galla Goat, Cross",Female,Adult,BDT072674,BSR016165,AVAQ65777,Hola,qfever,Non Irrigated,negative
3029,65755,137.8,30,50,100,3,Goat,"Galla Goat, Cross",Female,Adult,BDT072404,BSR016148,AVAQ65755,Hola,rvf,Non Irrigated,positive
3029,65741,137.8,30,50,100,3,Goat,"Galla Goat, Cross",Female,Adult,BDT072405,BSR016467,AVAQ65741,Hola,rvf,Non Irrigated,positive
3029,66246,137.8,30,50,100,3,Goat,"Galla Goat, Cross",Male,Kid/Lamb/Calf,BDT072688,BSR016316,AVAQ66246,Hola,qfever,Non Irrigated,negative
3029,66981,137.8,30,50,100,3,Goat,"Galla Goat, Cross",Male,Kid/Lamb/Calf,BDT072662,BSR016443,AVAQ66981,Hola,rvf,Non Irrigated,negative
3029,65726,137.8,30,50,100,3,Goat,"Galla Goat, Cross",Female,Adult,BDT072685,BSR016433,AVAQ65726,Hola,rvf,Non Irrigated,positive
3029,65749,137.8,30,50,100,3,Goat,"Galla Goat, Cross",Female,Adult,BDT072702,BSR016466,AVAQ65749,Hola,rvf,Non Irrigated,positive
3029,65802,137.8,30,50,100,3,Goat,"Galla Goat, Cross",Female,Adult,BDT072676,BSR016461,AVAQ65802,Hola,rvf,Non Irrigated,negative
3029,65749,137.8,30,50,100,3,Goat,"Galla Goat, Cross",Female,Adult,BDT072702,BSR016466,AVAQ65749,Hola,brucella,Non Irrigated,negative
3029,65758,137.8,30,50,100,3,Goat,"Galla Goat, Cross",Female,Adult,BDT072387,BSR016470,AVAQ65758,Hola,brucella,Non Irrigated,negative
3029,65726,137.8,30,50,100,3,Goat,"Galla Goat, Cross",Female,Adult,BDT072685,BSR016433,AVAQ65726,Hola,brucella,Non Irrigated,negative
3029,65726,137.8,30,50,100,3,Goat,"Galla Goat, Cross",Female,Adult,BDT072685,BSR016433,AVAQ65726,Hola,qfever,Non Irrigated,positive
3029,65741,137.8,30,50,100,3,Goat,"Galla Goat, Cross",Female,Adult,BDT072405,BSR016467,AVAQ65741,Hola,brucella,Non Irrigated,negative
3029,65777,137.8,30,50,100,3,Goat,"Galla Goat, Cross",Female,Adult,BDT072674,BSR016165,AVAQ65777,Hola,brucella,Non Irrigated,negative
3029,65777,137.8,30,50,100,3,Goat,"Galla Goat, Cross",Female,Adult,BDT072674,BSR016165,AVAQ65777,Hola,rvf,Non Irrigated,positive
3029,65741,137.8,30,50,100,3,Goat,"Galla Goat, Cross",Female,Adult,BDT072405,BSR016467,AVAQ65741,Hola,qfever,Non Irrigated,negative
3029,65743,137.8,30,50,100,3,Goat,"Galla Goat, Cross",Female,Adult,BDT072692,BSR016154,AVAQ65743,Hola,rvf,Non Irrigated,positive
3029,65755,137.8,30,50,100,3,Goat,"Galla Goat, Cross",Female,Adult,BDT072404,BSR016148,AVAQ65755,Hola,brucella,Non Irrigated,negative
3029,65780,137.8,30,50,100,3,Goat,"Galla Goat, Cross",Female,Adult,BDT072666,BSR016309,AVAQ65780,Hola,qfever,Non Irrigated,negative
3030,67357,138.3,76,40,28,5,Goat,"Galla Goat, Cross",Male,Adult,BDT072707,BSR016248,AVAQ67357,Hola,brucella,Non Irrigated,negative
3030,67104,138.3,76,40,28,5,Sheep,Black Head Persian,Female,Adult,BDT072708,BSR016438,AVAQ67104,Hola,brucella,Non Irrigated,negative
3030,67339,138.3,76,40,28,5,Sheep,Black Head Persian,Female,Adult,BDT072659,BSR016167,AVAQ67339,Hola,brucella,Non Irrigated,negative
3030,67331,138.3,76,40,28,5,Sheep,Black Head Persian,Male,Adult,BDT072406,BSR016469,AVAQ67331,Hola,rvf,Non Irrigated,positive
3030,66988,138.3,76,40,28,5,Goat,"Galla Goat, Cross",Male,Adult,BDT072689,BSR016139,AVAQ66988,Hola,brucella,Non Irrigated,negative
3030,67126,138.3,76,40,28,5,Goat,"Galla Goat, Cross",Female,Weaner,BDT072701,BSR016308,AVAQ67126,Hola,rvf,Non Irrigated,negative
3030,67104,138.3,76,40,28,5,Sheep,Black Head Persian,Female,Adult,BDT072708,BSR016438,AVAQ67104,Hola,qfever,Non Irrigated,negative
3030,67331,138.3,76,40,28,5,Sheep,Black Head Persian,Male,Adult,BDT072406,BSR016469,AVAQ67331,Hola,brucella,Non Irrigated,negative
3030,67104,138.3,76,40,28,5,Sheep,Black Head Persian,Female,Adult,BDT072708,BSR016438,AVAQ67104,Hola,rvf,Non Irrigated,positive
3030,65724,138.3,76,40,28,5,Sheep,Black Head Persian,Female,Weaner,BDT072682,BSR016437,AVAQ65724,Hola,qfever,Non Irrigated,negative
3030,67357,138.3,76,40,28,5,Goat,"Galla Goat, Cross",Male,Adult,BDT072707,BSR016248,AVAQ67357,Hola,rvf,Non Irrigated,negative
3030,66969,138.3,76,40,28,5,Goat,"Galla Goat, Cross",Female,Adult,BDT072695,BSR016460,AVAQ66969,Hola,qfever,Non Irrigated,negative
3030,66988,138.3,76,40,28,5,Goat,"Galla Goat, Cross",Male,Adult,BDT072689,BSR016139,AVAQ66988,Hola,rvf,Non Irrigated,negative
3030,66969,138.3,76,40,28,5,Goat,"Galla Goat, Cross",Female,Adult,BDT072695,BSR016460,AVAQ66969,Hola,rvf,Non Irrigated,positive
3030,65744,138.3,76,40,28,5,Goat,"Galla Goat, Cross",Female,Adult,BDT072703,BSR016436,AVAQ65744,Hola,brucella,Non Irrigated,negative
3030,67126,138.3,76,40,28,5,Goat,"Galla Goat, Cross",Female,Weaner,BDT072701,BSR016308,AVAQ67126,Hola,brucella,Non Irrigated,negative
3030,67339,138.3,76,40,28,5,Sheep,Black Head Persian,Female,Adult,BDT072659,BSR016167,AVAQ67339,Hola,rvf,Non Irrigated,positive
3030,65724,138.3,76,40,28,5,Sheep,Black Head Persian,Female,Weaner,BDT072682,BSR016437,AVAQ65724,Hola,brucella,Non Irrigated,negative
3030,67357,138.3,76,40,28,5,Goat,"Galla Goat, Cross",Male,Adult,BDT072707,BSR016248,AVAQ67357,Hola,qfever,Non Irrigated,negative
3030,66983,138.3,76,40,28,5,Sheep,Black Head Persian,Male,Weaner,BDT072677,BSR016458,AVAQ66983,Hola,brucella,Non Irrigated,negative
3030,65744,138.3,76,40,28,5,Goat,"Galla Goat, Cross",Female,Adult,BDT072703,BSR016436,AVAQ65744,Hola,qfever,Non Irrigated,negative
3030,65744,138.3,76,40,28,5,Goat,"Galla Goat, Cross",Female,Adult,BDT072703,BSR016436,AVAQ65744,Hola,rvf,Non Irrigated,positive
3030,66969,138.3,76,40,28,5,Goat,"Galla Goat, Cross",Female,Adult,BDT072695,BSR016460,AVAQ66969,Hola,brucella,Non Irrigated,negative
3030,65724,138.3,76,40,28,5,Sheep,Black Head Persian,Female,Weaner,BDT072682,BSR016437,AVAQ65724,Hola,rvf,Non Irrigated,negative
3030,67126,138.3,76,40,28,5,Goat,"Galla Goat, Cross",Female,Weaner,BDT072701,BSR016308,AVAQ67126,Hola,qfever,Non Irrigated,negative
3030,67339,138.3,76,40,28,5,Sheep,Black Head Persian,Female,Adult,BDT072659,BSR016167,AVAQ67339,Hola,qfever,Non Irrigated,negative
3030,66988,138.3,76,40,28,5,Goat,"Galla Goat, Cross",Male,Adult,BDT072689,BSR016139,AVAQ66988,Hola,qfever,Non Irrigated,negative
3030,66983,138.3,76,40,28,5,Sheep,Black Head Persian,Male,Weaner,BDT072677,BSR016458,AVAQ66983,Hola,qfever,Non Irrigated,negative
3030,66983,138.3,76,40,28,5,Sheep,Black Head Persian,Male,Weaner,BDT072677,BSR016458,AVAQ66983,Hola,rvf,Non Irrigated,negative
3031,70140,67.7,40,0,110,0,Cattle,Orma Boran,Female,Adult,BDT072699,BSR015727,AVAQ70140,Bura,qfever,Irrigated,negative
3031,69994,67.7,40,0,110,0,Goat,"Galla Goat, Cross",Female,Adult,BDT072672,BSR016459,AVAQ69994,Bura,rvf,Irrigated,negative
3031,70216,67.7,40,0,110,0,Cattle,Orma Boran,Female,Adult,BDT072667,BSR015747,AVAQ70216,Bura,brucella,Irrigated,negative
3031,70140,67.7,40,0,110,0,Cattle,Orma Boran,Female,Adult,BDT072699,BSR015727,AVAQ70140,Bura,rvf,Irrigated,negative
3031,70145,67.7,40,0,110,0,Cattle,Orma Boran,Female,Adult,BDT072375,BSR015732,AVAQ70145,Bura,qfever,Irrigated,negative
3031,70161,67.7,40,0,110,0,Goat,"Galla Goat, Cross",Female,Weaner,BDT072660,BSR016171,AVAQ70161,Bura,rvf,Irrigated,negative
3031,70113,67.7,40,0,110,0,Cattle,Orma Boran,Female,Kid/Lamb/Calf,BDT072663,BSR016472,AVAQ70113,Bura,brucella,Irrigated,negative
3031,70123,67.7,40,0,110,0,Goat,"Galla Goat, Cross",Female,Adult,BDT072697,BSR016463,AVAQ70123,Bura,qfever,Irrigated,negative
3031,70126,67.7,40,0,110,0,Goat,"Galla Goat, Cross",Male,Kid/Lamb/Calf,BDT072661,BSR016474,AVAQ70126,Bura,qfever,Irrigated,negative
3031,70131,67.7,40,0,110,0,Cattle,Orma Boran,Male,Weaner,BDT072679,BSR015739,AVAQ70131,Bura,rvf,Irrigated,positive
3031,70164,67.7,40,0,110,0,Cattle,Orma Boran,Female,Kid/Lamb/Calf,BDT072691,BSR016471,AVAQ70164,Bura,rvf,Irrigated,positive
3031,70113,67.7,40,0,110,0,Cattle,Orma Boran,Female,Kid/Lamb/Calf,BDT072663,BSR016472,AVAQ70113,Bura,qfever,Irrigated,negative
3031,70131,67.7,40,0,110,0,Cattle,Orma Boran,Male,Weaner,BDT072679,BSR015739,AVAQ70131,Bura,brucella,Irrigated,negative
3031,70077,67.7,40,0,110,0,Cattle,Orma Boran,Female,Adult,BDT072686,BSR015726,AVAQ70077,Bura,qfever,Irrigated,negative
3031,70180,67.7,40,0,110,0,Cattle,Orma Boran,Female,Adult,BDT072687,BSR015736,AVAQ70180,Bura,rvf,Irrigated,positive
3031,70147,67.7,40,0,110,0,Cattle,Orma Boran,Female,Adult,BDT072673,BSR015746,AVAQ70147,Bura,rvf,Irrigated,positive
3031,70124,67.7,40,0,110,0,Cattle,Orma Boran,Female,Kid/Lamb/Calf,BDT072664,BSR016425,AVAQ70124,Bura,brucella,Irrigated,negative
3031,70111,67.7,40,0,110,0,Cattle,Orma Boran,Female,Adult,BDT072693,BSR015749,AVAQ70111,Bura,qfever,Irrigated,negative
3031,70181,67.7,40,0,110,0,Goat,"Galla Goat, Cross",Female,Kid/Lamb/Calf,BDT072696,BSR016441,AVAQ70181,Bura,rvf,Irrigated,positive
3031,70240,67.7,40,0,110,0,Goat,"Galla Goat, Cross",Female,Adult,BDT072678,BSR016457,AVAQ70240,Bura,brucella,Irrigated,negative
3031,70134,67.7,40,0,110,0,Cattle,Orma Boran,Female,Weaner,BDT072704,BSR015738,AVAQ70134,Bura,rvf,Irrigated,positive
3031,70135,67.7,40,0,110,0,Cattle,Orma Boran,Male,Weaner,BDT072670,BSR015730,AVAQ70135,Bura,brucella,Irrigated,negative
3031,70124,67.7,40,0,110,0,Cattle,Orma Boran,Female,Kid/Lamb/Calf,BDT072664,BSR016425,AVAQ70124,Bura,rvf,Irrigated,negative
3031,70154,67.7,40,0,110,0,Cattle,Orma Boran,Female,Adult,BDT072694,BSR015729,AVAQ70154,Bura,qfever,Irrigated,negative
3031,70216,67.7,40,0,110,0,Cattle,Orma Boran,Female,Adult,BDT072667,BSR015747,AVAQ70216,Bura,qfever,Irrigated,negative
3031,70140,67.7,40,0,110,0,Cattle,Orma Boran,Female,Adult,BDT072699,BSR015727,AVAQ70140,Bura,brucella,Irrigated,negative
3031,70180,67.7,40,0,110,0,Cattle,Orma Boran,Female,Adult,BDT072687,BSR015736,AVAQ70180,Bura,qfever,Irrigated,negative
3031,70123,67.7,40,0,110,0,Goat,"Galla Goat, Cross",Female,Adult,BDT072697,BSR016463,AVAQ70123,Bura,brucella,Irrigated,negative
3031,70126,67.7,40,0,110,0,Goat,"Galla Goat, Cross",Male,Kid/Lamb/Calf,BDT072661,BSR016474,AVAQ70126,Bura,rvf,Irrigated,positive
3031,69994,67.7,40,0,110,0,Goat,"Galla Goat, Cross",Female,Adult,BDT072672,BSR016459,AVAQ69994,Bura,qfever,Irrigated,positive
3031,70148,67.7,40,0,110,0,Goat,"Galla Goat, Cross",Female,Weaner,BDT072683,BSR016442,AVAQ70148,Bura,rvf,Irrigated,negative
3031,70064,67.7,40,0,110,0,Cattle,Orma Boran,Male,Weaner,BDT073440,BSR015754,AVAQ70064,Bura,brucella,Irrigated,negative
3031,70134,67.7,40,0,110,0,Cattle,Orma Boran,Female,Weaner,BDT072704,BSR015738,AVAQ70134,Bura,qfever,Irrigated,negative
3031,70154,67.7,40,0,110,0,Cattle,Orma Boran,Female,Adult,BDT072694,BSR015729,AVAQ70154,Bura,rvf,Irrigated,positive
3031,70117,67.7,40,0,110,0,Cattle,Orma Boran,Female,Kid/Lamb/Calf,BDT072665,BSR016468,AVAQ70117,Bura,brucella,Irrigated,negative
3031,70135,67.7,40,0,110,0,Cattle,Orma Boran,Male,Weaner,BDT072670,BSR015730,AVAQ70135,Bura,qfever,Irrigated,negative
3031,70084,67.7,40,0,110,0,Cattle,Orma Boran,Male,Weaner,BDT072379,BSR015735,AVAQ70084,Bura,brucella,Irrigated,negative
3031,70180,67.7,40,0,110,0,Cattle,Orma Boran,Female,Adult,BDT072687,BSR015736,AVAQ70180,Bura,brucella,Irrigated,positive
3031,70115,67.7,40,0,110,0,Goat,"Galla Goat, Cross",Female,Adult,BDT072698,BSR016473,AVAQ70115,Bura,rvf,Irrigated,negative
3031,70123,67.7,40,0,110,0,Goat,"Galla Goat, Cross",Female,Adult,BDT072697,BSR016463,AVAQ70123,Bura,rvf,Irrigated,negative
3031,70084,67.7,40,0,110,0,Cattle,Orma Boran,Male,Weaner,BDT072379,BSR015735,AVAQ70084,Bura,qfever,Irrigated,negative
3031,70148,67.7,40,0,110,0,Goat,"Galla Goat, Cross",Female,Weaner,BDT072683,BSR016442,AVAQ70148,Bura,qfever,Irrigated,negative
3031,70069,67.7,40,0,110,0,Cattle,Orma Boran,Female,Kid/Lamb/Calf,BDT072671,BSR016462,AVAQ70069,Bura,rvf,Irrigated,negative
3031,70154,67.7,40,0,110,0,Cattle,Orma Boran,Female,Adult,BDT072694,BSR015729,AVAQ70154,Bura,brucella,Irrigated,negative
3031,69994,67.7,40,0,110,0,Goat,"Galla Goat, Cross",Female,Adult,BDT072672,BSR016459,AVAQ69994,Bura,brucella,Irrigated,negative
3031,70115,67.7,40,0,110,0,Goat,"Galla Goat, Cross",Female,Adult,BDT072698,BSR016473,AVAQ70115,Bura,qfever,Irrigated,negative
3031,70115,67.7,40,0,110,0,Goat,"Galla Goat, Cross",Female,Adult,BDT072698,BSR016473,AVAQ70115,Bura,brucella,Irrigated,negative
3031,70240,67.7,40,0,110,0,Goat,"Galla Goat, Cross",Female,Adult,BDT072678,BSR016457,AVAQ70240,Bura,qfever,Irrigated,negative
3031,70117,67.7,40,0,110,0,Cattle,Orma Boran,Female,Kid/Lamb/Calf,BDT072665,BSR016468,AVAQ70117,Bura,qfever,Irrigated,negative
3031,70145,67.7,40,0,110,0,Cattle,Orma Boran,Female,Adult,BDT072375,BSR015732,AVAQ70145,Bura,rvf,Irrigated,negative
3031,70135,67.7,40,0,110,0,Cattle,Orma Boran,Male,Weaner,BDT072670,BSR015730,AVAQ70135,Bura,rvf,Irrigated,negative
3031,70131,67.7,40,0,110,0,Cattle,Orma Boran,Male,Weaner,BDT072679,BSR015739,AVAQ70131,Bura,qfever,Irrigated,negative
3031,70064,67.7,40,0,110,0,Cattle,Orma Boran,Male,Weaner,BDT073440,BSR015754,AVAQ70064,Bura,qfever,Irrigated,negative
3031,70148,67.7,40,0,110,0,Goat,"Galla Goat, Cross",Female,Weaner,BDT072683,BSR016442,AVAQ70148,Bura,brucella,Irrigated,negative
3031,70117,67.7,40,0,110,0,Cattle,Orma Boran,Female,Kid/Lamb/Calf,BDT072665,BSR016468,AVAQ70117,Bura,rvf,Irrigated,negative
3031,70077,67.7,40,0,110,0,Cattle,Orma Boran,Female,Adult,BDT072686,BSR015726,AVAQ70077,Bura,rvf,Irrigated,positive
3031,70161,67.7,40,0,110,0,Goat,"Galla Goat, Cross",Female,Weaner,BDT072660,BSR016171,AVAQ70161,Bura,brucella,Irrigated,negative
3031,70111,67.7,40,0,110,0,Cattle,Orma Boran,Female,Adult,BDT072693,BSR015749,AVAQ70111,Bura,rvf,Irrigated,positive
3031,70124,67.7,40,0,110,0,Cattle,Orma Boran,Female,Kid/Lamb/Calf,BDT072664,BSR016425,AVAQ70124,Bura,qfever,Irrigated,negative
3031,70147,67.7,40,0,110,0,Cattle,Orma Boran,Female,Adult,BDT072673,BSR015746,AVAQ70147,Bura,qfever,Irrigated,negative
3031,70126,67.7,40,0,110,0,Goat,"Galla Goat, Cross",Male,Kid/Lamb/Calf,BDT072661,BSR016474,AVAQ70126,Bura,brucella,Irrigated,negative
3031,70181,67.7,40,0,110,0,Goat,"Galla Goat, Cross",Female,Kid/Lamb/Calf,BDT072696,BSR016441,AVAQ70181,Bura,brucella,Irrigated,negative
3031,70157,67.7,40,0,110,0,Cattle,Orma Boran,Male,Adult,BDT072690,BSR015731,AVAQ70157,Bura,rvf,Irrigated,positive
3031,70145,67.7,40,0,110,0,Cattle,Orma Boran,Female,Adult,BDT072375,BSR015732,AVAQ70145,Bura,brucella,Irrigated,negative
3031,70157,67.7,40,0,110,0,Cattle,Orma Boran,Male,Adult,BDT072690,BSR015731,AVAQ70157,Bura,qfever,Irrigated,negative
3031,70113,67.7,40,0,110,0,Cattle,Orma Boran,Female,Kid/Lamb/Calf,BDT072663,BSR016472,AVAQ70113,Bura,rvf,Irrigated,negative
3031,70084,67.7,40,0,110,0,Cattle,Orma Boran,Male,Weaner,BDT072379,BSR015735,AVAQ70084,Bura,rvf,Irrigated,positive
3031,70077,67.7,40,0,110,0,Cattle,Orma Boran,Female,Adult,BDT072686,BSR015726,AVAQ70077,Bura,brucella,Irrigated,negative
3031,70136,67.7,40,0,110,0,Cattle,Orma Boran,Female,Weaner,BDT072706,BSR015734,AVAQ70136,Bura,brucella,Irrigated,negative
3031,70096,67.7,40,0,110,0,Goat,"Galla Goat, Cross",Female,Adult,BDT072700,BSR016440,AVAQ70096,Bura,brucella,Irrigated,negative
3031,70127,67.7,40,0,110,0,Goat,"Galla Goat, Cross",Female,Adult,BDT072668,BSR016454,AVAQ70127,Bura,brucella,Irrigated,negative
3031,70157,67.7,40,0,110,0,Cattle,Orma Boran,Male,Adult,BDT072690,BSR015731,AVAQ70157,Bura,brucella,Irrigated,negative
3031,70164,67.7,40,0,110,0,Cattle,Orma Boran,Female,Kid/Lamb/Calf,BDT072691,BSR016471,AVAQ70164,Bura,brucella,Irrigated,negative
3031,70134,67.7,40,0,110,0,Cattle,Orma Boran,Female,Weaner,BDT072704,BSR015738,AVAQ70134,Bura,brucella,Irrigated,negative
3031,70064,67.7,40,0,110,0,Cattle,Orma Boran,Male,Weaner,BDT073440,BSR015754,AVAQ70064,Bura,rvf,Irrigated,negative
3031,70181,67.7,40,0,110,0,Goat,"Galla Goat, Cross",Female,Kid/Lamb/Calf,BDT072696,BSR016441,AVAQ70181,Bura,qfever,Irrigated,negative
3031,70216,67.7,40,0,110,0,Cattle,Orma Boran,Female,Adult,BDT072667,BSR015747,AVAQ70216,Bura,rvf,Irrigated,positive
3031,70069,67.7,40,0,110,0,Cattle,Orma Boran,Female,Kid/Lamb/Calf,BDT072671,BSR016462,AVAQ70069,Bura,qfever,Irrigated,negative
3031,70111,67.7,40,0,110,0,Cattle,Orma Boran,Female,Adult,BDT072693,BSR015749,AVAQ70111,Bura,brucella,Irrigated,negative
3031,70127,67.7,40,0,110,0,Goat,"Galla Goat, Cross",Female,Adult,BDT072668,BSR016454,AVAQ70127,Bura,rvf,Irrigated,negative
3031,70096,67.7,40,0,110,0,Goat,"Galla Goat, Cross",Female,Adult,BDT072700,BSR016440,AVAQ70096,Bura,qfever,Irrigated,negative
3031,70096,67.7,40,0,110,0,Goat,"Galla Goat, Cross",Female,Adult,BDT072700,BSR016440,AVAQ70096,Bura,rvf,Irrigated,negative
3031,70136,67.7,40,0,110,0,Cattle,Orma Boran,Female,Weaner,BDT072706,BSR015734,AVAQ70136,Bura,rvf,Irrigated,negative
3031,70069,67.7,40,0,110,0,Cattle,Orma Boran,Female,Kid/Lamb/Calf,BDT072671,BSR016462,AVAQ70069,Bura,brucella,Irrigated,negative
3031,70136,67.7,40,0,110,0,Cattle,Orma Boran,Female,Weaner,BDT072706,BSR015734,AVAQ70136,Bura,qfever,Irrigated,negative
3031,70164,67.7,40,0,110,0,Cattle,Orma Boran,Female,Kid/Lamb/Calf,BDT072691,BSR016471,AVAQ70164,Bura,qfever,Irrigated,negative
3031,70147,67.7,40,0,110,0,Cattle,Orma Boran,Female,Adult,BDT072673,BSR015746,AVAQ70147,Bura,brucella,Irrigated,negative
3031,70240,67.7,40,0,110,0,Goat,"Galla Goat, Cross",Female,Adult,BDT072678,BSR016457,AVAQ70240,Bura,rvf,Irrigated,negative
3032,70247,67.8,10,10,10,0,Goat,"Galla Goat, Cross",Female,Adult,BDT073444,BSR015745,AVAQ70247,Bura,rvf,Irrigated,positive
3032,70258,67.8,10,10,10,0,Cattle,Orma Boran,Female,Adult,BDT073422,BSR015767,AVAQ70258,Bura,rvf,Irrigated,negative
3032,70050,67.8,10,10,10,0,Sheep,Black Head Persian,Male,Adult,BDT073451,BSR015878,AVAQ70050,Bura,qfever,Irrigated,negative
3032,70053,67.8,10,10,10,0,Cattle,Orma Boran,Male,Weaner,BDT073432,BSR015774,AVAQ70053,Bura,rvf,Irrigated,negative
3032,70056,67.8,10,10,10,0,Sheep,Black Head Persian,Female,Adult,BDT073442,BSR015740,AVAQ70056,Bura,rvf,Irrigated,positive
3032,70231,67.8,10,10,10,0,Cattle,Orma Boran,Male,Kid/Lamb/Calf,BDT073454,BSR016464,AVAQ70231,Bura,qfever,Irrigated,negative
3032,70204,67.8,10,10,10,0,Sheep,Black Head Persian,Male,Adult,BDT073446,BSR015763,AVAQ70204,Bura,rvf,Irrigated,negative
3032,70258,67.8,10,10,10,0,Cattle,Orma Boran,Female,Adult,BDT073422,BSR015767,AVAQ70258,Bura,brucella,Irrigated,positive
3032,70243,67.8,10,10,10,0,Cattle,Orma Boran,Female,Weaner,BDT073437,BSR016456,AVAQ70243,Bura,brucella,Irrigated,negative
3032,69956,67.8,10,10,10,0,Sheep,Black Head Persian,Female,Adult,BDT073435,BSR015766,AVAQ69956,Bura,brucella,Irrigated,negative
3032,70056,67.8,10,10,10,0,Sheep,Black Head Persian,Female,Adult,BDT073442,BSR015740,AVAQ70056,Bura,brucella,Irrigated,negative
3032,69956,67.8,10,10,10,0,Sheep,Black Head Persian,Female,Adult,BDT073435,BSR015766,AVAQ69956,Bura,qfever,Irrigated,negative
3032,70245,67.8,10,10,10,0,Cattle,Orma Boran,Female,Adult,BDT073428,BSR015773,AVAQ70245,Bura,rvf,Irrigated,negative
3032,70160,67.8,10,10,10,0,Cattle,Orma Boran,Female,Adult,BDT073421,BSR015771,AVAQ70160,Bura,qfever,Irrigated,negative
3032,70243,67.8,10,10,10,0,Cattle,Orma Boran,Female,Weaner,BDT073437,BSR016456,AVAQ70243,Bura,rvf,Irrigated,negative
3032,70243,67.8,10,10,10,0,Cattle,Orma Boran,Female,Weaner,BDT073437,BSR016456,AVAQ70243,Bura,qfever,Irrigated,negative
3032,69956,67.8,10,10,10,0,Sheep,Black Head Persian,Female,Adult,BDT073435,BSR015766,AVAQ69956,Bura,rvf,Irrigated,negative
3032,70160,67.8,10,10,10,0,Cattle,Orma Boran,Female,Adult,BDT073421,BSR015771,AVAQ70160,Bura,brucella,Irrigated,negative
3032,70160,67.8,10,10,10,0,Cattle,Orma Boran,Female,Adult,BDT073421,BSR015771,AVAQ70160,Bura,rvf,Irrigated,positive
3032,70245,67.8,10,10,10,0,Cattle,Orma Boran,Female,Adult,BDT073428,BSR015773,AVAQ70245,Bura,brucella,Irrigated,negative
3032,70231,67.8,10,10,10,0,Cattle,Orma Boran,Male,Kid/Lamb/Calf,BDT073454,BSR016464,AVAQ70231,Bura,brucella,Irrigated,negative
3032,70050,67.8,10,10,10,0,Sheep,Black Head Persian,Male,Adult,BDT073451,BSR015878,AVAQ70050,Bura,brucella,Irrigated,negative
3032,70053,67.8,10,10,10,0,Cattle,Orma Boran,Male,Weaner,BDT073432,BSR015774,AVAQ70053,Bura,qfever,Irrigated,negative
3032,70247,67.8,10,10,10,0,Goat,"Galla Goat, Cross",Female,Adult,BDT073444,BSR015745,AVAQ70247,Bura,brucella,Irrigated,negative
3032,70053,67.8,10,10,10,0,Cattle,Orma Boran,Male,Weaner,BDT073432,BSR015774,AVAQ70053,Bura,brucella,Irrigated,negative
3032,70040,67.8,10,10,10,0,Cattle,Orma Boran,Female,Adult,BDT073416,BSR015772,AVAQ70040,Bura,brucella,Irrigated,negative
3032,70247,67.8,10,10,10,0,Goat,"Galla Goat, Cross",Female,Adult,BDT073444,BSR015745,AVAQ70247,Bura,qfever,Irrigated,negative
3032,70050,67.8,10,10,10,0,Sheep,Black Head Persian,Male,Adult,BDT073451,BSR015878,AVAQ70050,Bura,rvf,Irrigated,negative
3032,70040,67.8,10,10,10,0,Cattle,Orma Boran,Female,Adult,BDT073416,BSR015772,AVAQ70040,Bura,qfever,Irrigated,negative
3032,70204,67.8,10,10,10,0,Sheep,Black Head Persian,Male,Adult,BDT073446,BSR015763,AVAQ70204,Bura,brucella,Irrigated,negative
3032,70204,67.8,10,10,10,0,Sheep,Black Head Persian,Male,Adult,BDT073446,BSR015763,AVAQ70204,Bura,qfever,Irrigated,negative
3032,70056,67.8,10,10,10,0,Sheep,Black Head Persian,Female,Adult,BDT073442,BSR015740,AVAQ70056,Bura,qfever,Irrigated,negative
3032,70245,67.8,10,10,10,0,Cattle,Orma Boran,Female,Adult,BDT073428,BSR015773,AVAQ70245,Bura,qfever,Irrigated,negative
3032,70231,67.8,10,10,10,0,Cattle,Orma Boran,Male,Kid/Lamb/Calf,BDT073454,BSR016464,AVAQ70231,Bura,rvf,Irrigated,negative
3032,70040,67.8,10,10,10,0,Cattle,Orma Boran,Female,Adult,BDT073416,BSR015772,AVAQ70040,Bura,rvf,Irrigated,negative
3032,70258,67.8,10,10,10,0,Cattle,Orma Boran,Female,Adult,BDT073422,BSR015767,AVAQ70258,Bura,qfever,Irrigated,positive
3033,70238,66.6,12,13,0,0,Sheep,Black Head Persian,Male,Kid/Lamb/Calf,BDT073456,BSR016455,AVAQ70238,Bura,qfever,Irrigated,negative
3033,70073,66.6,12,13,0,0,Goat,"Galla Goat, Cross",Male,Adult,BDT073452,BSR015751,AVAQ70073,Bura,rvf,Irrigated,negative
3033,70190,66.6,12,13,0,0,Goat,"Galla Goat, Cross",Male,Adult,BDT073457,BSR016465,AVAQ70190,Bura,rvf,Irrigated,positive
3033,70039,66.6,12,13,0,0,Sheep,Black Head Persian,Female,Adult,BDT073434,BSR015770,AVAQ70039,Bura,qfever,Irrigated,negative
3033,70072,66.6,12,13,0,0,Goat,"Galla Goat, Cross",Female,Adult,BDT073433,BSR015768,AVAQ70072,Bura,qfever,Irrigated,negative
3033,70221,66.6,12,13,0,0,Sheep,Black Head Persian,Female,Adult,BDT073458,BSR015755,AVAQ70221,Bura,brucella,Irrigated,negative
3033,70072,66.6,12,13,0,0,Goat,"Galla Goat, Cross",Female,Adult,BDT073433,BSR015768,AVAQ70072,Bura,rvf,Irrigated,positive
3033,70004,66.6,12,13,0,0,Sheep,Black Head Persian,Female,Weaner,BDT073439,BSR015879,AVAQ70004,Bura,brucella,Irrigated,negative
3033,70193,66.6,12,13,0,0,Goat,"Galla Goat, Cross",Male,Kid/Lamb/Calf,BDT073443,BSR015741,AVAQ70193,Bura,rvf,Irrigated,positive
3033,70197,66.6,12,13,0,0,Goat,"Galla Goat, Cross",Female,Adult,BDT073436,BSR015762,AVAQ70197,Bura,brucella,Irrigated,negative
3033,70236,66.6,12,13,0,0,Sheep,Black Head Persian,Male,Adult,BDT072705,BSR015728,AVAQ70236,Bura,brucella,Irrigated,negative
3033,70215,66.6,12,13,0,0,Goat,"Galla Goat, Cross",Female,Kid/Lamb/Calf,BDT073441,BSR015756,AVAQ70215,Bura,qfever,Irrigated,negative
3033,70066,66.6,12,13,0,0,Sheep,Black Head Persian,Female,Weaner,BDT073455,BSR015757,AVAQ70066,Bura,qfever,Irrigated,negative
3033,70190,66.6,12,13,0,0,Goat,"Galla Goat, Cross",Male,Adult,BDT073457,BSR016465,AVAQ70190,Bura,brucella,Irrigated,negative
3033,70192,66.6,12,13,0,0,Goat,"Galla Goat, Cross",Male,Adult,BDT073448,BSR015758,AVAQ70192,Bura,rvf,Irrigated,negative
3033,70072,66.6,12,13,0,0,Goat,"Galla Goat, Cross",Female,Adult,BDT073433,BSR015768,AVAQ70072,Bura,brucella,Irrigated,negative
3033,70215,66.6,12,13,0,0,Goat,"Galla Goat, Cross",Female,Kid/Lamb/Calf,BDT073441,BSR015756,AVAQ70215,Bura,brucella,Irrigated,negative
3033,70004,66.6,12,13,0,0,Sheep,Black Head Persian,Female,Weaner,BDT073439,BSR015879,AVAQ70004,Bura,rvf,Irrigated,negative
3033,70215,66.6,12,13,0,0,Goat,"Galla Goat, Cross",Female,Kid/Lamb/Calf,BDT073441,BSR015756,AVAQ70215,Bura,rvf,Irrigated,positive
3033,70004,66.6,12,13,0,0,Sheep,Black Head Persian,Female,Weaner,BDT073439,BSR015879,AVAQ70004,Bura,qfever,Irrigated,negative
3033,70192,66.6,12,13,0,0,Goat,"Galla Goat, Cross",Male,Adult,BDT073448,BSR015758,AVAQ70192,Bura,qfever,Irrigated,negative
3033,70193,66.6,12,13,0,0,Goat,"Galla Goat, Cross",Male,Kid/Lamb/Calf,BDT073443,BSR015741,AVAQ70193,Bura,qfever,Irrigated,negative
3033,70039,66.6,12,13,0,0,Sheep,Black Head Persian,Female,Adult,BDT073434,BSR015770,AVAQ70039,Bura,brucella,Irrigated,negative
3033,70221,66.6,12,13,0,0,Sheep,Black Head Persian,Female,Adult,BDT073458,BSR015755,AVAQ70221,Bura,rvf,Irrigated,positive
3033,70197,66.6,12,13,0,0,Goat,"Galla Goat, Cross",Female,Adult,BDT073436,BSR015762,AVAQ70197,Bura,qfever,Irrigated,negative
3033,70197,66.6,12,13,0,0,Goat,"Galla Goat, Cross",Female,Adult,BDT073436,BSR015762,AVAQ70197,Bura,rvf,Irrigated,positive
3033,70190,66.6,12,13,0,0,Goat,"Galla Goat, Cross",Male,Adult,BDT073457,BSR016465,AVAQ70190,Bura,qfever,Irrigated,negative
3033,70073,66.6,12,13,0,0,Goat,"Galla Goat, Cross",Male,Adult,BDT073452,BSR015751,AVAQ70073,Bura,brucella,Irrigated,negative
3033,70236,66.6,12,13,0,0,Sheep,Black Head Persian,Male,Adult,BDT072705,BSR015728,AVAQ70236,Bura,qfever,Irrigated,negative
3033,70066,66.6,12,13,0,0,Sheep,Black Head Persian,Female,Weaner,BDT073455,BSR015757,AVAQ70066,Bura,rvf,Irrigated,negative
3033,70039,66.6,12,13,0,0,Sheep,Black Head Persian,Female,Adult,BDT073434,BSR015770,AVAQ70039,Bura,rvf,Irrigated,positive
3033,70193,66.6,12,13,0,0,Goat,"Galla Goat, Cross",Male,Kid/Lamb/Calf,BDT073443,BSR015741,AVAQ70193,Bura,brucella,Irrigated,negative
3033,70221,66.6,12,13,0,0,Sheep,Black Head Persian,Female,Adult,BDT073458,BSR015755,AVAQ70221,Bura,qfever,Irrigated,negative
3033,70073,66.6,12,13,0,0,Goat,"Galla Goat, Cross",Male,Adult,BDT073452,BSR015751,AVAQ70073,Bura,qfever,Irrigated,negative
3033,70238,66.6,12,13,0,0,Sheep,Black Head Persian,Male,Kid/Lamb/Calf,BDT073456,BSR016455,AVAQ70238,Bura,brucella,Irrigated,negative
3033,70066,66.6,12,13,0,0,Sheep,Black Head Persian,Female,Weaner,BDT073455,BSR015757,AVAQ70066,Bura,brucella,Irrigated,negative
3033,70238,66.6,12,13,0,0,Sheep,Black Head Persian,Male,Kid/Lamb/Calf,BDT073456,BSR016455,AVAQ70238,Bura,rvf,Irrigated,negative
3033,70192,66.6,12,13,0,0,Goat,"Galla Goat, Cross",Male,Adult,BDT073448,BSR015758,AVAQ70192,Bura,brucella,Irrigated,negative
3033,70236,66.6,12,13,0,0,Sheep,Black Head Persian,Male,Adult,BDT072705,BSR015728,AVAQ70236,Bura,rvf,Irrigated,negative
3034,69971,71.3,120,200,140,0,Goat,"Galla Goat, Cross",Male,Weaner,BDT073412,BSR015759,AVAQ69971,Bura,rvf,Irrigated,negative
3034,70242,71.3,120,200,140,0,Cattle,Orma Boran,Female,Adult,BDT073426,BSR016392,AVAQ70242,Bura,qfever,Irrigated,negative
3034,70074,71.3,120,200,140,0,Goat,"Galla Goat, Cross",Female,Adult,BDT073417,BSR016390,AVAQ70074,Bura,brucella,Irrigated,negative
3034,70201,71.3,120,200,140,0,Goat,"Galla Goat, Cross",Male,Adult,BDT073447,BSR015769,AVAQ70201,Bura,rvf,Irrigated,negative
3034,70227,71.3,120,200,140,0,Goat,"Galla Goat, Cross",Female,Adult,BDT073425,BSR016388,AVAQ70227,Bura,rvf,Irrigated,negative
3034,70249,71.3,120,200,140,0,Cattle,Orma Boran,Male,Weaner,BDT073411,BSR015752,AVAQ70249,Bura,rvf,Irrigated,negative
3034,70159,71.3,120,200,140,0,Goat,"Galla Goat, Cross",Male,Weaner,BDT073450,BSR015742,AVAQ70159,Bura,rvf,Irrigated,negative
3034,70224,71.3,120,200,140,0,Cattle,"Orma Boran, Cross",Female,Kid/Lamb/Calf,BDT073418,BSR016391,AVAQ70224,Bura,qfever,Irrigated,negative
3034,70159,71.3,120,200,140,0,Goat,"Galla Goat, Cross",Male,Weaner,BDT073450,BSR015742,AVAQ70159,Bura,qfever,Irrigated,negative
3034,70214,71.3,120,200,140,0,Goat,"Galla Goat, Cross",Male,Adult,BDT073430,BSR016393,AVAQ70214,Bura,brucella,Irrigated,negative
3034,70074,71.3,120,200,140,0,Goat,"Galla Goat, Cross",Female,Adult,BDT073417,BSR016390,AVAQ70074,Bura,rvf,Irrigated,negative
3034,70052,71.3,120,200,140,0,Goat,"Galla Goat, Cross",Male,Adult,BDT073438,BSR016389,AVAQ70052,Bura,rvf,Irrigated,negative
3034,70191,71.3,120,200,140,0,Sheep,Black Head Persian,Female,Adult,BDT072681,BSR016379,AVAQ70191,Bura,qfever,Irrigated,negative
3034,70195,71.3,120,200,140,0,Goat,"Galla Goat, Cross",Male,Kid/Lamb/Calf,BDT073415,BSR016385,AVAQ70195,Bura,qfever,Irrigated,negative
3034,70242,71.3,120,200,140,0,Cattle,Orma Boran,Female,Adult,BDT073426,BSR016392,AVAQ70242,Bura,brucella,Irrigated,positive
3034,70063,71.3,120,200,140,0,Goat,"Galla Goat, Cross",Male,Adult,BDT073419,BSR016387,AVAQ70063,Bura,brucella,Irrigated,negative
3034,70214,71.3,120,200,140,0,Goat,"Galla Goat, Cross",Male,Adult,BDT073430,BSR016393,AVAQ70214,Bura,qfever,Irrigated,negative
3034,70232,71.3,120,200,140,0,Goat,"Galla Goat, Cross",Male,Weaner,BDT073429,BSR016386,AVAQ70232,Bura,rvf,Irrigated,negative
3034,70225,71.3,120,200,140,0,Goat,"Galla Goat, Cross",Male,Weaner,BDT073410,BSR015761,AVAQ70225,Bura,rvf,Irrigated,negative
3034,70195,71.3,120,200,140,0,Goat,"Galla Goat, Cross",Male,Kid/Lamb/Calf,BDT073415,BSR016385,AVAQ70195,Bura,brucella,Irrigated,positive
3034,70052,71.3,120,200,140,0,Goat,"Galla Goat, Cross",Male,Adult,BDT073438,BSR016389,AVAQ70052,Bura,qfever,Irrigated,negative
3034,70235,71.3,120,200,140,0,Goat,"Galla Goat, Cross",Male,Adult,BDT073431,BSR016394,AVAQ70235,Bura,brucella,Irrigated,negative
3034,70046,71.3,120,200,140,0,Goat,"Galla Goat, Cross",Male,Weaner,BDT073445,BSR015744,AVAQ70046,Bura,brucella,Irrigated,negative
3034,70090,71.3,120,200,140,0,Sheep,Black Head Persian,Male,Kid/Lamb/Calf,BDT072750,BSR016384,AVAQ70090,Bura,rvf,Irrigated,negative
3034,70225,71.3,120,200,140,0,Goat,"Galla Goat, Cross",Male,Weaner,BDT073410,BSR015761,AVAQ70225,Bura,brucella,Irrigated,negative
3034,69971,71.3,120,200,140,0,Goat,"Galla Goat, Cross",Male,Weaner,BDT073412,BSR015759,AVAQ69971,Bura,qfever,Irrigated,negative
3034,70232,71.3,120,200,140,0,Goat,"Galla Goat, Cross",Male,Weaner,BDT073429,BSR016386,AVAQ70232,Bura,brucella,Irrigated,negative
3034,70071,71.3,120,200,140,0,Goat,"Galla Goat, Cross",Male,Adult,BDT073414,BSR016382,AVAQ70071,Bura,rvf,Irrigated,negative
3034,70063,71.3,120,200,140,0,Goat,"Galla Goat, Cross",Male,Adult,BDT073419,BSR016387,AVAQ70063,Bura,rvf,Irrigated,negative
3034,70201,71.3,120,200,140,0,Goat,"Galla Goat, Cross",Male,Adult,BDT073447,BSR015769,AVAQ70201,Bura,qfever,Irrigated,negative
3034,70045,71.3,120,200,140,0,Sheep,Black Head Persian,Female,Adult,BDT073420,BSR016383,AVAQ70045,Bura,rvf,Irrigated,negative
3034,70191,71.3,120,200,140,0,Sheep,Black Head Persian,Female,Adult,BDT072681,BSR016379,AVAQ70191,Bura,rvf,Irrigated,negative
3034,69993,71.3,120,200,140,0,Cattle,Orma Boran,Female,Adult,BDT073453,BSR015753,AVAQ69993,Bura,brucella,Irrigated,negative
3034,70045,71.3,120,200,140,0,Sheep,Black Head Persian,Female,Adult,BDT073420,BSR016383,AVAQ70045,Bura,qfever,Irrigated,negative
3034,70249,71.3,120,200,140,0,Cattle,Orma Boran,Male,Weaner,BDT073411,BSR015752,AVAQ70249,Bura,qfever,Irrigated,negative
3034,70071,71.3,120,200,140,0,Goat,"Galla Goat, Cross",Male,Adult,BDT073414,BSR016382,AVAQ70071,Bura,brucella,Irrigated,negative
3034,69971,71.3,120,200,140,0,Goat,"Galla Goat, Cross",Male,Weaner,BDT073412,BSR015759,AVAQ69971,Bura,brucella,Irrigated,negative
3034,70224,71.3,120,200,140,0,Cattle,"Orma Boran, Cross",Female,Kid/Lamb/Calf,BDT073418,BSR016391,AVAQ70224,Bura,rvf,Irrigated,negative
3034,70227,71.3,120,200,140,0,Goat,"Galla Goat, Cross",Female,Adult,BDT073425,BSR016388,AVAQ70227,Bura,brucella,Irrigated,positive
3034,70222,71.3,120,200,140,0,Sheep,Black Head Persian,Female,Adult,BDT072504,BSR016408,AVAQ70222,Bura,brucella,Irrigated,negative
3034,70198,71.3,120,200,140,0,Goat,"Galla Goat, Cross",Male,Weaner,BDT073413,BSR015764,AVAQ70198,Bura,brucella,Irrigated,negative
3034,70214,71.3,120,200,140,0,Goat,"Galla Goat, Cross",Male,Adult,BDT073430,BSR016393,AVAQ70214,Bura,rvf,Irrigated,negative
3034,70232,71.3,120,200,140,0,Goat,"Galla Goat, Cross",Male,Weaner,BDT073429,BSR016386,AVAQ70232,Bura,qfever,Irrigated,negative
3034,70074,71.3,120,200,140,0,Goat,"Galla Goat, Cross",Female,Adult,BDT073417,BSR016390,AVAQ70074,Bura,qfever,Irrigated,negative
3034,70061,71.3,120,200,140,0,Sheep,Black Head Persian,Female,Adult,BDT073427,BSR016378,AVAQ70061,Bura,qfever,Irrigated,negative
3034,70222,71.3,120,200,140,0,Sheep,Black Head Persian,Female,Adult,BDT072504,BSR016408,AVAQ70222,Bura,rvf,Irrigated,negative
3034,70195,71.3,120,200,140,0,Goat,"Galla Goat, Cross",Male,Kid/Lamb/Calf,BDT073415,BSR016385,AVAQ70195,Bura,rvf,Irrigated,negative
3034,70046,71.3,120,200,140,0,Goat,"Galla Goat, Cross",Male,Weaner,BDT073445,BSR015744,AVAQ70046,Bura,qfever,Irrigated,negative
3034,70242,71.3,120,200,140,0,Cattle,Orma Boran,Female,Adult,BDT073426,BSR016392,AVAQ70242,Bura,rvf,Irrigated,positive
3034,70090,71.3,120,200,140,0,Sheep,Black Head Persian,Male,Kid/Lamb/Calf,BDT072750,BSR016384,AVAQ70090,Bura,qfever,Irrigated,negative
3034,70222,71.3,120,200,140,0,Sheep,Black Head Persian,Female,Adult,BDT072504,BSR016408,AVAQ70222,Bura,qfever,Irrigated,negative
3034,70049,71.3,120,200,140,0,Goat,"Galla Goat, Cross",Male,Weaner,BDT073424,BSR016381,AVAQ70049,Bura,qfever,Irrigated,negative
3034,70052,71.3,120,200,140,0,Goat,"Galla Goat, Cross",Male,Adult,BDT073438,BSR016389,AVAQ70052,Bura,brucella,Irrigated,negative
3034,70235,71.3,120,200,140,0,Goat,"Galla Goat, Cross",Male,Adult,BDT073431,BSR016394,AVAQ70235,Bura,rvf,Irrigated,negative
3034,70198,71.3,120,200,140,0,Goat,"Galla Goat, Cross",Male,Weaner,BDT073413,BSR015764,AVAQ70198,Bura,rvf,Irrigated,negative
3034,70159,71.3,120,200,140,0,Goat,"Galla Goat, Cross",Male,Weaner,BDT073450,BSR015742,AVAQ70159,Bura,brucella,Irrigated,negative
3034,70235,71.3,120,200,140,0,Goat,"Galla Goat, Cross",Male,Adult,BDT073431,BSR016394,AVAQ70235,Bura,qfever,Irrigated,negative
3034,70061,71.3,120,200,140,0,Sheep,Black Head Persian,Female,Adult,BDT073427,BSR016378,AVAQ70061,Bura,brucella,Irrigated,negative
3034,70063,71.3,120,200,140,0,Goat,"Galla Goat, Cross",Male,Adult,BDT073419,BSR016387,AVAQ70063,Bura,qfever,Irrigated,negative
3034,70198,71.3,120,200,140,0,Goat,"Galla Goat, Cross",Male,Weaner,BDT073413,BSR015764,AVAQ70198,Bura,qfever,Irrigated,negative
3034,69993,71.3,120,200,140,0,Cattle,Orma Boran,Female,Adult,BDT073453,BSR015753,AVAQ69993,Bura,qfever,Irrigated,negative
3034,70049,71.3,120,200,140,0,Goat,"Galla Goat, Cross",Male,Weaner,BDT073424,BSR016381,AVAQ70049,Bura,brucella,Irrigated,negative
3034,70225,71.3,120,200,140,0,Goat,"Galla Goat, Cross",Male,Weaner,BDT073410,BSR015761,AVAQ70225,Bura,qfever,Irrigated,negative
3034,70191,71.3,120,200,140,0,Sheep,Black Head Persian,Female,Adult,BDT072681,BSR016379,AVAQ70191,Bura,brucella,Irrigated,negative
3034,70224,71.3,120,200,140,0,Cattle,"Orma Boran, Cross",Female,Kid/Lamb/Calf,BDT073418,BSR016391,AVAQ70224,Bura,brucella,Irrigated,negative
3034,70249,71.3,120,200,140,0,Cattle,Orma Boran,Male,Weaner,BDT073411,BSR015752,AVAQ70249,Bura,brucella,Irrigated,negative
3034,70046,71.3,120,200,140,0,Goat,"Galla Goat, Cross",Male,Weaner,BDT073445,BSR015744,AVAQ70046,Bura,rvf,Irrigated,negative
3034,70045,71.3,120,200,140,0,Sheep,Black Head Persian,Female,Adult,BDT073420,BSR016383,AVAQ70045,Bura,brucella,Irrigated,negative
3034,70071,71.3,120,200,140,0,Goat,"Galla Goat, Cross",Male,Adult,BDT073414,BSR016382,AVAQ70071,Bura,qfever,Irrigated,negative
3034,70090,71.3,120,200,140,0,Sheep,Black Head Persian,Male,Kid/Lamb/Calf,BDT072750,BSR016384,AVAQ70090,Bura,brucella,Irrigated,negative
3034,70201,71.3,120,200,140,0,Goat,"Galla Goat, Cross",Male,Adult,BDT073447,BSR015769,AVAQ70201,Bura,brucella,Irrigated,negative
3034,70061,71.3,120,200,140,0,Sheep,Black Head Persian,Female,Adult,BDT073427,BSR016378,AVAQ70061,Bura,rvf,Irrigated,negative
3034,70049,71.3,120,200,140,0,Goat,"Galla Goat, Cross",Male,Weaner,BDT073424,BSR016381,AVAQ70049,Bura,rvf,Irrigated,negative
3034,69993,71.3,120,200,140,0,Cattle,Orma Boran,Female,Adult,BDT073453,BSR015753,AVAQ69993,Bura,rvf,Irrigated,negative
3035,69924,71.9,18,0,0,0,Goat,"Galla Goat, Cross",Female,Weaner,BDT072473,BSR016422,AVAQ69924,Bura,rvf,Irrigated,positive
3035,70166,71.9,18,0,0,0,Goat,"Galla Goat, Cross",Female,Adult,BDT072753,BSR016396,AVAQ70166,Bura,brucella,Irrigated,positive
3035,70087,71.9,18,0,0,0,Goat,"Galla Goat, Cross",Female,Adult,BDT072479,BSR016402,AVAQ70087,Bura,rvf,Irrigated,positive
3035,69924,71.9,18,0,0,0,Goat,"Galla Goat, Cross",Female,Weaner,BDT072473,BSR016422,AVAQ69924,Bura,qfever,Irrigated,negative
3035,70116,71.9,18,0,0,0,Goat,"Galla Goat, Cross",Female,Adult,BDT073423,BSR016397,AVAQ70116,Bura,qfever,Irrigated,negative
3035,69941,71.9,18,0,0,0,Goat,"Galla Goat, Cross",Male,Kid/Lamb/Calf,BDT072495,BSR016416,AVAQ69941,Bura,rvf,Irrigated,negative
3035,69924,71.9,18,0,0,0,Goat,"Galla Goat, Cross",Female,Weaner,BDT072473,BSR016422,AVAQ69924,Bura,brucella,Irrigated,negative
3035,70116,71.9,18,0,0,0,Goat,"Galla Goat, Cross",Female,Adult,BDT073423,BSR016397,AVAQ70116,Bura,brucella,Irrigated,negative
3035,69941,71.9,18,0,0,0,Goat,"Galla Goat, Cross",Male,Kid/Lamb/Calf,BDT072495,BSR016416,AVAQ69941,Bura,qfever,Irrigated,negative
3035,70166,71.9,18,0,0,0,Goat,"Galla Goat, Cross",Female,Adult,BDT072753,BSR016396,AVAQ70166,Bura,rvf,Irrigated,positive
3035,70116,71.9,18,0,0,0,Goat,"Galla Goat, Cross",Female,Adult,BDT073423,BSR016397,AVAQ70116,Bura,rvf,Irrigated,positive
3035,70087,71.9,18,0,0,0,Goat,"Galla Goat, Cross",Female,Adult,BDT072479,BSR016402,AVAQ70087,Bura,brucella,Irrigated,negative
3035,69941,71.9,18,0,0,0,Goat,"Galla Goat, Cross",Male,Kid/Lamb/Calf,BDT072495,BSR016416,AVAQ69941,Bura,brucella,Irrigated,negative
3035,70166,71.9,18,0,0,0,Goat,"Galla Goat, Cross",Female,Adult,BDT072753,BSR016396,AVAQ70166,Bura,qfever,Irrigated,negative
3036,70015,67.8,12,13,0,0,Sheep,Black Head Persian,Female,Adult,BDT072501,BSR016412,AVAQ70015,Bura,rvf,Irrigated,negative
3036,70133,67.8,12,13,0,0,Sheep,Black Head Persian,Female,Kid/Lamb/Calf,BDT072506,BSR016406,AVAQ70133,Bura,rvf,Irrigated,negative
3036,70105,67.8,12,13,0,0,Sheep,Black Head Persian,Female,Adult,BDT072485,BSR016401,AVAQ70105,Bura,qfever,Irrigated,positive
3036,70105,67.8,12,13,0,0,Sheep,Black Head Persian,Female,Adult,BDT072485,BSR016401,AVAQ70105,Bura,rvf,Irrigated,positive
3036,70144,67.8,12,13,0,0,Goat,"Galla Goat, Cross",Female,Adult,BDT072471,BSR016400,AVAQ70144,Bura,qfever,Irrigated,negative
3036,70144,67.8,12,13,0,0,Goat,"Galla Goat, Cross",Female,Adult,BDT072471,BSR016400,AVAQ70144,Bura,brucella,Irrigated,negative
3036,70100,67.8,12,13,0,0,Goat,"Galla Goat, Cross",Female,Kid/Lamb/Calf,BDT072493,BSR016404,AVAQ70100,Bura,rvf,Irrigated,negative
3036,70015,67.8,12,13,0,0,Sheep,Black Head Persian,Female,Adult,BDT072501,BSR016412,AVAQ70015,Bura,brucella,Irrigated,negative
3036,70144,67.8,12,13,0,0,Goat,"Galla Goat, Cross",Female,Adult,BDT072471,BSR016400,AVAQ70144,Bura,rvf,Irrigated,positive
3036,70101,67.8,12,13,0,0,Sheep,Black Head Persian,Female,Weaner,BDT072482,BSR016407,AVAQ70101,Bura,rvf,Irrigated,negative
3036,70105,67.8,12,13,0,0,Sheep,Black Head Persian,Female,Adult,BDT072485,BSR016401,AVAQ70105,Bura,brucella,Irrigated,negative
3036,70133,67.8,12,13,0,0,Sheep,Black Head Persian,Female,Kid/Lamb/Calf,BDT072506,BSR016406,AVAQ70133,Bura,brucella,Irrigated,negative
3036,70101,67.8,12,13,0,0,Sheep,Black Head Persian,Female,Weaner,BDT072482,BSR016407,AVAQ70101,Bura,brucella,Irrigated,negative
3036,70194,67.8,12,13,0,0,Goat,"Galla Goat, Cross",Male,Adult,BDT072507,BSR016398,AVAQ70194,Bura,rvf,Irrigated,positive
3036,70163,67.8,12,13,0,0,Sheep,Black Head Persian,Male,Adult,BDT072477,BSR016405,AVAQ70163,Bura,brucella,Irrigated,negative
3036,70015,67.8,12,13,0,0,Sheep,Black Head Persian,Female,Adult,BDT072501,BSR016412,AVAQ70015,Bura,qfever,Irrigated,positive
3036,70100,67.8,12,13,0,0,Goat,"Galla Goat, Cross",Female,Kid/Lamb/Calf,BDT072493,BSR016404,AVAQ70100,Bura,brucella,Irrigated,negative
3036,70133,67.8,12,13,0,0,Sheep,Black Head Persian,Female,Kid/Lamb/Calf,BDT072506,BSR016406,AVAQ70133,Bura,qfever,Irrigated,negative
3036,70165,67.8,12,13,0,0,Goat,"Galla Goat, Cross",Male,Weaner,BDT072468,BSR016421,AVAQ70165,Bura,brucella,Irrigated,negative
3036,70165,67.8,12,13,0,0,Goat,"Galla Goat, Cross",Male,Weaner,BDT072468,BSR016421,AVAQ70165,Bura,qfever,Irrigated,negative
3036,70194,67.8,12,13,0,0,Goat,"Galla Goat, Cross",Male,Adult,BDT072507,BSR016398,AVAQ70194,Bura,brucella,Irrigated,negative
3036,70163,67.8,12,13,0,0,Sheep,Black Head Persian,Male,Adult,BDT072477,BSR016405,AVAQ70163,Bura,rvf,Irrigated,negative
3036,70165,67.8,12,13,0,0,Goat,"Galla Goat, Cross",Male,Weaner,BDT072468,BSR016421,AVAQ70165,Bura,rvf,Irrigated,negative
3036,70109,67.8,12,13,0,0,Goat,"Galla Goat, Cross",Female,Adult,BDT072488,BSR016395,AVAQ70109,Bura,rvf,Irrigated,positive
3036,70194,67.8,12,13,0,0,Goat,"Galla Goat, Cross",Male,Adult,BDT072507,BSR016398,AVAQ70194,Bura,qfever,Irrigated,negative
3036,70163,67.8,12,13,0,0,Sheep,Black Head Persian,Male,Adult,BDT072477,BSR016405,AVAQ70163,Bura,qfever,Irrigated,negative
3036,70101,67.8,12,13,0,0,Sheep,Black Head Persian,Female,Weaner,BDT072482,BSR016407,AVAQ70101,Bura,qfever,Irrigated,negative
3036,70109,67.8,12,13,0,0,Goat,"Galla Goat, Cross",Female,Adult,BDT072488,BSR016395,AVAQ70109,Bura,brucella,Irrigated,negative
3036,70100,67.8,12,13,0,0,Goat,"Galla Goat, Cross",Female,Kid/Lamb/Calf,BDT072493,BSR016404,AVAQ70100,Bura,qfever,Irrigated,negative
3037,70012,72.4,9,25,8,0,Sheep,Black Head Persian,Female,Adult,BDT072478,BSR016380,AVAQ70012,Bura,rvf,Irrigated,positive
3037,69943,72.4,9,25,8,0,Sheep,Black Head Persian,Male,Kid/Lamb/Calf,BDT072497,BSR016418,AVAQ69943,Bura,rvf,Irrigated,positive
3037,70012,72.4,9,25,8,0,Sheep,Black Head Persian,Female,Adult,BDT072478,BSR016380,AVAQ70012,Bura,qfever,Irrigated,negative
3037,69943,72.4,9,25,8,0,Sheep,Black Head Persian,Male,Kid/Lamb/Calf,BDT072497,BSR016418,AVAQ69943,Bura,qfever,Irrigated,negative
3037,70230,72.4,9,25,8,0,Goat,"Galla Goat, Cross",Male,Kid/Lamb/Calf,BDT072490,BSR016410,AVAQ70230,Bura,rvf,Irrigated,positive
3037,70230,72.4,9,25,8,0,Goat,"Galla Goat, Cross",Male,Kid/Lamb/Calf,BDT072490,BSR016410,AVAQ70230,Bura,brucella,Irrigated,negative
3037,70230,72.4,9,25,8,0,Goat,"Galla Goat, Cross",Male,Kid/Lamb/Calf,BDT072490,BSR016410,AVAQ70230,Bura,qfever,Irrigated,negative
3037,70122,72.4,9,25,8,0,Sheep,Black Head Persian,Female,Weaner,BDT072492,BSR016449,AVAQ70122,Bura,rvf,Irrigated,negative
3037,70122,72.4,9,25,8,0,Sheep,Black Head Persian,Female,Weaner,BDT072492,BSR016449,AVAQ70122,Bura,brucella,Irrigated,negative
3037,70012,72.4,9,25,8,0,Sheep,Black Head Persian,Female,Adult,BDT072478,BSR016380,AVAQ70012,Bura,brucella,Irrigated,positive
3037,69943,72.4,9,25,8,0,Sheep,Black Head Persian,Male,Kid/Lamb/Calf,BDT072497,BSR016418,AVAQ69943,Bura,brucella,Irrigated,negative
3037,70122,72.4,9,25,8,0,Sheep,Black Head Persian,Female,Weaner,BDT072492,BSR016449,AVAQ70122,Bura,qfever,Irrigated,negative
3038,68526,69.2,37,58,0,0,Sheep,Black Head Persian,Female,Kid/Lamb/Calf,BDT072460,BSR015733,AVAQ68526,Bura,brucella,Irrigated,negative
3038,68333,69.2,37,58,0,0,Sheep,Black Head Persian,Male,Adult,BDT072465,BSR016582,AVAQ68333,Bura,qfever,Irrigated,negative
3038,68526,69.2,37,58,0,0,Sheep,Black Head Persian,Female,Kid/Lamb/Calf,BDT072460,BSR015733,AVAQ68526,Bura,qfever,Irrigated,negative
3038,68513,69.2,37,58,0,0,Goat,"Galla Goat, Cross",Female,Adult,BDT073409,BSR016413,AVAQ68513,Bura,qfever,Irrigated,negative
3038,68494,69.2,37,58,0,0,Sheep,Black Head Persian,Female,Adult,BDT072500,BSR016624,AVAQ68494,Bura,rvf,Irrigated,negative
3038,68520,69.2,37,58,0,0,Goat,"Galla Goat, Cross",Female,Adult,BDT072487,BSR016619,AVAQ68520,Bura,brucella,Irrigated,negative
3038,68333,69.2,37,58,0,0,Sheep,Black Head Persian,Male,Adult,BDT072465,BSR016582,AVAQ68333,Bura,brucella,Irrigated,negative
3038,68179,69.2,37,58,0,0,Sheep,Black Head Persian,Male,Adult,BDT072469,BSR016415,AVAQ68179,Bura,rvf,Irrigated,negative
3038,68512,69.2,37,58,0,0,Sheep,Black Head Persian,Male,Kid/Lamb/Calf,BDT072463,BSR016575,AVAQ68512,Bura,brucella,Irrigated,negative
3038,68172,69.2,37,58,0,0,Goat,"Galla Goat, Cross",Female,Adult,BDT072475,BSR016414,AVAQ68172,Bura,qfever,Irrigated,negative
3038,68172,69.2,37,58,0,0,Goat,"Galla Goat, Cross",Female,Adult,BDT072475,BSR016414,AVAQ68172,Bura,rvf,Irrigated,negative
3038,68333,69.2,37,58,0,0,Sheep,Black Head Persian,Male,Adult,BDT072465,BSR016582,AVAQ68333,Bura,rvf,Irrigated,positive
3038,68490,69.2,37,58,0,0,Goat,"Galla Goat, Cross",Male,Kid/Lamb/Calf,BDT072499,BSR016417,AVAQ68490,Bura,qfever,Irrigated,negative
3038,68446,69.2,37,58,0,0,Goat,"Galla Goat, Cross",Male,Adult,BDT072480,BSR016444,AVAQ68446,Bura,rvf,Irrigated,negative
3038,68512,69.2,37,58,0,0,Sheep,Black Head Persian,Male,Kid/Lamb/Calf,BDT072463,BSR016575,AVAQ68512,Bura,qfever,Irrigated,negative
3038,68501,69.2,37,58,0,0,Goat,"Galla Goat, Cross",Female,Weaner,BDT072466,BSR016409,AVAQ68501,Bura,rvf,Irrigated,negative
3038,68493,69.2,37,58,0,0,Sheep,Black Head Persian,Female,Kid/Lamb/Calf,BDT072481,BSR016593,AVAQ68493,Bura,qfever,Irrigated,negative
3038,68499,69.2,37,58,0,0,Goat,"Galla Goat, Cross",Female,Weaner,BDT072483,BSR016419,AVAQ68499,Bura,qfever,Irrigated,negative
3038,68172,69.2,37,58,0,0,Goat,"Galla Goat, Cross",Female,Adult,BDT072475,BSR016414,AVAQ68172,Bura,brucella,Irrigated,negative
3038,68328,69.2,37,58,0,0,Sheep,Black Head Persian,Male,Weaner,BDT072489,BSR016585,AVAQ68328,Bura,rvf,Irrigated,negative
3038,68332,69.2,37,58,0,0,Sheep,Black Head Persian,Male,Adult,BDT072474,BSR016587,AVAQ68332,Bura,brucella,Irrigated,negative
3038,68219,69.2,37,58,0,0,Sheep,Black Head Persian,Female,Adult,BDT072486,BSR016420,AVAQ68219,Bura,qfever,Irrigated,negative
3038,68328,69.2,37,58,0,0,Sheep,Black Head Persian,Male,Weaner,BDT072489,BSR016585,AVAQ68328,Bura,qfever,Irrigated,negative
3038,68328,69.2,37,58,0,0,Sheep,Black Head Persian,Male,Weaner,BDT072489,BSR016585,AVAQ68328,Bura,brucella,Irrigated,negative
3038,68318,69.2,37,58,0,0,Sheep,Black Head Persian,Female,Adult,BDT072505,BSR016622,AVAQ68318,Bura,qfever,Irrigated,negative
3038,68443,69.2,37,58,0,0,Sheep,Black Head Persian,Male,Weaner,BDT072459,BSR016423,AVAQ68443,Bura,qfever,Irrigated,negative
3038,68512,69.2,37,58,0,0,Sheep,Black Head Persian,Male,Kid/Lamb/Calf,BDT072463,BSR016575,AVAQ68512,Bura,rvf,Irrigated,negative
3038,68443,69.2,37,58,0,0,Sheep,Black Head Persian,Male,Weaner,BDT072459,BSR016423,AVAQ68443,Bura,rvf,Irrigated,negative
3038,68428,69.2,37,58,0,0,Sheep,Black Head Persian,Female,Adult,BDT072467,BSR016590,AVAQ68428,Bura,brucella,Irrigated,negative
3038,68499,69.2,37,58,0,0,Goat,"Galla Goat, Cross",Female,Weaner,BDT072483,BSR016419,AVAQ68499,Bura,brucella,Irrigated,negative
3038,68513,69.2,37,58,0,0,Goat,"Galla Goat, Cross",Female,Adult,BDT073409,BSR016413,AVAQ68513,Bura,brucella,Irrigated,negative
3038,68316,69.2,37,58,0,0,Sheep,Black Head Persian,Female,Adult,BDT073449,BSR016588,AVAQ68316,Bura,rvf,Irrigated,positive
3038,68177,69.2,37,58,0,0,Goat,"Galla Goat, Cross",Female,Weaner,BDT072508,BSR016615,AVAQ68177,Bura,qfever,Irrigated,negative
3038,68499,69.2,37,58,0,0,Goat,"Galla Goat, Cross",Female,Weaner,BDT072483,BSR016419,AVAQ68499,Bura,rvf,Irrigated,negative
3038,68179,69.2,37,58,0,0,Sheep,Black Head Persian,Male,Adult,BDT072469,BSR016415,AVAQ68179,Bura,qfever,Irrigated,negative
3038,68197,69.2,37,58,0,0,Goat,"Galla Goat, Cross",Male,Kid/Lamb/Calf,BDT072462,BSR016578,AVAQ68197,Bura,brucella,Irrigated,negative
3038,68494,69.2,37,58,0,0,Sheep,Black Head Persian,Female,Adult,BDT072500,BSR016624,AVAQ68494,Bura,qfever,Irrigated,negative
3038,68332,69.2,37,58,0,0,Sheep,Black Head Persian,Male,Adult,BDT072474,BSR016587,AVAQ68332,Bura,qfever,Irrigated,negative
3038,68490,69.2,37,58,0,0,Goat,"Galla Goat, Cross",Male,Kid/Lamb/Calf,BDT072499,BSR016417,AVAQ68490,Bura,brucella,Irrigated,negative
3038,68197,69.2,37,58,0,0,Goat,"Galla Goat, Cross",Male,Kid/Lamb/Calf,BDT072462,BSR016578,AVAQ68197,Bura,rvf,Irrigated,negative
3038,68443,69.2,37,58,0,0,Sheep,Black Head Persian,Male,Weaner,BDT072459,BSR016423,AVAQ68443,Bura,brucella,Irrigated,negative
3038,68493,69.2,37,58,0,0,Sheep,Black Head Persian,Female,Kid/Lamb/Calf,BDT072481,BSR016593,AVAQ68493,Bura,rvf,Irrigated,negative
3038,68428,69.2,37,58,0,0,Sheep,Black Head Persian,Female,Adult,BDT072467,BSR016590,AVAQ68428,Bura,qfever,Irrigated,negative
3038,68494,69.2,37,58,0,0,Sheep,Black Head Persian,Female,Adult,BDT072500,BSR016624,AVAQ68494,Bura,brucella,Irrigated,negative
3038,68505,69.2,37,58,0,0,Sheep,Black Head Persian,Female,Adult,BDT073324,BSR016607,AVAQ68505,Bura,rvf,Irrigated,positive
3038,68179,69.2,37,58,0,0,Sheep,Black Head Persian,Male,Adult,BDT072469,BSR016415,AVAQ68179,Bura,brucella,Irrigated,negative
3038,68520,69.2,37,58,0,0,Goat,"Galla Goat, Cross",Female,Adult,BDT072487,BSR016619,AVAQ68520,Bura,qfever,Irrigated,positive
3038,68318,69.2,37,58,0,0,Sheep,Black Head Persian,Female,Adult,BDT072505,BSR016622,AVAQ68318,Bura,brucella,Irrigated,positive
3038,68446,69.2,37,58,0,0,Goat,"Galla Goat, Cross",Male,Adult,BDT072480,BSR016444,AVAQ68446,Bura,qfever,Irrigated,negative
3038,68501,69.2,37,58,0,0,Goat,"Galla Goat, Cross",Female,Weaner,BDT072466,BSR016409,AVAQ68501,Bura,brucella,Irrigated,negative
3038,68316,69.2,37,58,0,0,Sheep,Black Head Persian,Female,Adult,BDT073449,BSR016588,AVAQ68316,Bura,qfever,Irrigated,negative
3038,68493,69.2,37,58,0,0,Sheep,Black Head Persian,Female,Kid/Lamb/Calf,BDT072481,BSR016593,AVAQ68493,Bura,brucella,Irrigated,negative
3038,68526,69.2,37,58,0,0,Sheep,Black Head Persian,Female,Kid/Lamb/Calf,BDT072460,BSR015733,AVAQ68526,Bura,rvf,Irrigated,positive
3038,68318,69.2,37,58,0,0,Sheep,Black Head Persian,Female,Adult,BDT072505,BSR016622,AVAQ68318,Bura,rvf,Irrigated,positive
3038,68529,69.2,37,58,0,0,Sheep,Black Head Persian,Female,Weaner,BDT072502,BSR016586,AVAQ68529,Bura,qfever,Irrigated,negative
3038,68440,69.2,37,58,0,0,Goat,"Galla Goat, Cross",Female,Weaner,BDT072498,BSR016399,AVAQ68440,Bura,qfever,Irrigated,negative
3038,68513,69.2,37,58,0,0,Goat,"Galla Goat, Cross",Female,Adult,BDT073409,BSR016413,AVAQ68513,Bura,rvf,Irrigated,negative
3038,68501,69.2,37,58,0,0,Goat,"Galla Goat, Cross",Female,Weaner,BDT072466,BSR016409,AVAQ68501,Bura,qfever,Irrigated,negative
3038,68316,69.2,37,58,0,0,Sheep,Black Head Persian,Female,Adult,BDT073449,BSR016588,AVAQ68316,Bura,brucella,Irrigated,negative
3038,68219,69.2,37,58,0,0,Sheep,Black Head Persian,Female,Adult,BDT072486,BSR016420,AVAQ68219,Bura,brucella,Irrigated,negative
3038,68529,69.2,37,58,0,0,Sheep,Black Head Persian,Female,Weaner,BDT072502,BSR016586,AVAQ68529,Bura,rvf,Irrigated,negative
3038,68197,69.2,37,58,0,0,Goat,"Galla Goat, Cross",Male,Kid/Lamb/Calf,BDT072462,BSR016578,AVAQ68197,Bura,qfever,Irrigated,negative
3038,68505,69.2,37,58,0,0,Sheep,Black Head Persian,Female,Adult,BDT073324,BSR016607,AVAQ68505,Bura,brucella,Irrigated,negative
3038,68490,69.2,37,58,0,0,Goat,"Galla Goat, Cross",Male,Kid/Lamb/Calf,BDT072499,BSR016417,AVAQ68490,Bura,rvf,Irrigated,positive
3038,68177,69.2,37,58,0,0,Goat,"Galla Goat, Cross",Female,Weaner,BDT072508,BSR016615,AVAQ68177,Bura,rvf,Irrigated,positive
3038,68446,69.2,37,58,0,0,Goat,"Galla Goat, Cross",Male,Adult,BDT072480,BSR016444,AVAQ68446,Bura,brucella,Irrigated,negative
3038,68505,69.2,37,58,0,0,Sheep,Black Head Persian,Female,Adult,BDT073324,BSR016607,AVAQ68505,Bura,qfever,Irrigated,negative
3038,68177,69.2,37,58,0,0,Goat,"Galla Goat, Cross",Female,Weaner,BDT072508,BSR016615,AVAQ68177,Bura,brucella,Irrigated,negative
3038,68428,69.2,37,58,0,0,Sheep,Black Head Persian,Female,Adult,BDT072467,BSR016590,AVAQ68428,Bura,rvf,Irrigated,negative
3038,68219,69.2,37,58,0,0,Sheep,Black Head Persian,Female,Adult,BDT072486,BSR016420,AVAQ68219,Bura,rvf,Irrigated,positive
3038,68440,69.2,37,58,0,0,Goat,"Galla Goat, Cross",Female,Weaner,BDT072498,BSR016399,AVAQ68440,Bura,brucella,Irrigated,negative
3038,68529,69.2,37,58,0,0,Sheep,Black Head Persian,Female,Weaner,BDT072502,BSR016586,AVAQ68529,Bura,brucella,Irrigated,negative
3038,68440,69.2,37,58,0,0,Goat,"Galla Goat, Cross",Female,Weaner,BDT072498,BSR016399,AVAQ68440,Bura,rvf,Irrigated,negative
3038,68332,69.2,37,58,0,0,Sheep,Black Head Persian,Male,Adult,BDT072474,BSR016587,AVAQ68332,Bura,rvf,Irrigated,negative
3038,68520,69.2,37,58,0,0,Goat,"Galla Goat, Cross",Female,Adult,BDT072487,BSR016619,AVAQ68520,Bura,rvf,Irrigated,positive
3039,68525,69,50,50,7,0,Cattle,Orma Boran,Female,Adult,BDT073350,BSR015801,AVAQ68525,Bura,rvf,Irrigated,positive
3039,68330,69,50,50,7,0,Cattle,Orma Boran,Male,Kid/Lamb/Calf,BDT073333,BSR016618,AVAQ68330,Bura,qfever,Irrigated,negative
3039,68504,69,50,50,7,0,Cattle,Orma Boran,Female,Adult,BDT073342,BSR015783,AVAQ68504,Bura,rvf,Irrigated,negative
3039,68451,69,50,50,7,0,Cattle,Orma Boran,Male,Kid/Lamb/Calf,BDT072464,BSR016617,AVAQ68451,Bura,qfever,Irrigated,negative
3039,68504,69,50,50,7,0,Cattle,Orma Boran,Female,Adult,BDT073342,BSR015783,AVAQ68504,Bura,brucella,Irrigated,negative
3039,68330,69,50,50,7,0,Cattle,Orma Boran,Male,Kid/Lamb/Calf,BDT073333,BSR016618,AVAQ68330,Bura,brucella,Irrigated,negative
3039,68451,69,50,50,7,0,Cattle,Orma Boran,Male,Kid/Lamb/Calf,BDT072464,BSR016617,AVAQ68451,Bura,brucella,Irrigated,negative
3039,68451,69,50,50,7,0,Cattle,Orma Boran,Male,Kid/Lamb/Calf,BDT072464,BSR016617,AVAQ68451,Bura,rvf,Irrigated,negative
3039,68729,69,50,50,7,0,Cattle,Orma Boran,Female,Kid/Lamb/Calf,BDT073316,BSR016580,AVAQ68729,Bura,rvf,Irrigated,negative
3039,68729,69,50,50,7,0,Cattle,Orma Boran,Female,Kid/Lamb/Calf,BDT073316,BSR016580,AVAQ68729,Bura,qfever,Irrigated,negative
3039,68504,69,50,50,7,0,Cattle,Orma Boran,Female,Adult,BDT073342,BSR015783,AVAQ68504,Bura,qfever,Irrigated,negative
3039,68525,69,50,50,7,0,Cattle,Orma Boran,Female,Adult,BDT073350,BSR015801,AVAQ68525,Bura,brucella,Irrigated,negative
3039,68729,69,50,50,7,0,Cattle,Orma Boran,Female,Kid/Lamb/Calf,BDT073316,BSR016580,AVAQ68729,Bura,brucella,Irrigated,negative
3039,68525,69,50,50,7,0,Cattle,Orma Boran,Female,Adult,BDT073350,BSR015801,AVAQ68525,Bura,qfever,Irrigated,negative
3039,68330,69,50,50,7,0,Cattle,Orma Boran,Male,Kid/Lamb/Calf,BDT073333,BSR016618,AVAQ68330,Bura,rvf,Irrigated,positive
3040,68532,71.1,22,35,18,0,Sheep,Black Head Persian,Female,Weaner,BDT073313,BSR016592,AVAQ68532,Bura,brucella,Irrigated,negative
3040,68321,71.1,22,35,18,0,Sheep,Black Head Persian,Female,Kid/Lamb/Calf,BDT073347,BSR015793,AVAQ68321,Bura,brucella,Irrigated,negative
3040,68484,71.1,22,35,18,0,Sheep,Black Head Persian,Female,Adult,BDT072503,BSR015778,AVAQ68484,Bura,qfever,Irrigated,negative
3040,68431,71.1,22,35,18,0,Goat,"Galla Goat, Cross",Male,Weaner,BDT073353,BSR015788,AVAQ68431,Bura,qfever,Irrigated,negative
3040,68484,71.1,22,35,18,0,Sheep,Black Head Persian,Female,Adult,BDT072503,BSR015778,AVAQ68484,Bura,brucella,Irrigated,negative
3040,68259,71.1,22,35,18,0,Cattle,Orma Boran,Female,Adult,BDT073351,BSR015796,AVAQ68259,Bura,rvf,Irrigated,negative
3040,68532,71.1,22,35,18,0,Sheep,Black Head Persian,Female,Weaner,BDT073313,BSR016592,AVAQ68532,Bura,qfever,Irrigated,negative
3040,68259,71.1,22,35,18,0,Cattle,Orma Boran,Female,Adult,BDT073351,BSR015796,AVAQ68259,Bura,qfever,Irrigated,negative
3040,68169,71.1,22,35,18,0,Cattle,Orma Boran,Female,Adult,BDT073339,BSR015794,AVAQ68169,Bura,rvf,Irrigated,positive
3040,68189,71.1,22,35,18,0,Goat,"Galla Goat, Cross",Female,Adult,BDT073355,BSR015782,AVAQ68189,Bura,rvf,Irrigated,positive
3040,68432,71.1,22,35,18,0,Goat,"Galla Goat, Cross",Female,Kid/Lamb/Calf,BDT073312,BSR015787,AVAQ68432,Bura,brucella,Irrigated,negative
3040,68276,71.1,22,35,18,0,Cattle,Orma Boran,Male,Weaner,BDT073349,BSR015797,AVAQ68276,Bura,brucella,Irrigated,negative
3040,68339,71.1,22,35,18,0,Goat,"Galla Goat, Cross",Female,Adult,BDT073334,BSR015798,AVAQ68339,Bura,qfever,Irrigated,positive
3040,68431,71.1,22,35,18,0,Goat,"Galla Goat, Cross",Male,Weaner,BDT073353,BSR015788,AVAQ68431,Bura,rvf,Irrigated,negative
3040,68224,71.1,22,35,18,0,Cattle,Orma Boran,Female,Adult,BDT073326,BSR015791,AVAQ68224,Bura,brucella,Irrigated,positive
3040,68321,71.1,22,35,18,0,Sheep,Black Head Persian,Female,Kid/Lamb/Calf,BDT073347,BSR015793,AVAQ68321,Bura,qfever,Irrigated,negative
3040,68195,71.1,22,35,18,0,Cattle,Orma Boran,Male,Weaner,BDT073340,BSR016611,AVAQ68195,Bura,qfever,Irrigated,negative
3040,68484,71.1,22,35,18,0,Sheep,Black Head Persian,Female,Adult,BDT072503,BSR015778,AVAQ68484,Bura,rvf,Irrigated,positive
3040,68487,71.1,22,35,18,0,Goat,"Galla Goat, Cross",Male,Weaner,BDT073328,BSR015784,AVAQ68487,Bura,qfever,Irrigated,negative
3040,68259,71.1,22,35,18,0,Cattle,Orma Boran,Female,Adult,BDT073351,BSR015796,AVAQ68259,Bura,brucella,Irrigated,positive
3040,68321,71.1,22,35,18,0,Sheep,Black Head Persian,Female,Kid/Lamb/Calf,BDT073347,BSR015793,AVAQ68321,Bura,rvf,Irrigated,negative
3040,68430,71.1,22,35,18,0,Goat,"Galla Goat, Cross",Male,Kid/Lamb/Calf,BDT073354,BSR016621,AVAQ68430,Bura,brucella,Irrigated,negative
3040,68432,71.1,22,35,18,0,Goat,"Galla Goat, Cross",Female,Kid/Lamb/Calf,BDT073312,BSR015787,AVAQ68432,Bura,rvf,Irrigated,negative
3040,68438,71.1,22,35,18,0,Sheep,Black Head Persian,Female,Adult,BDT072496,BSR016620,AVAQ68438,Bura,qfever,Irrigated,positive
3040,68445,71.1,22,35,18,0,Goat,"Galla Goat, Cross",Male,Kid/Lamb/Calf,BDT073343,BSR015802,AVAQ68445,Bura,qfever,Irrigated,negative
3040,68339,71.1,22,35,18,0,Goat,"Galla Goat, Cross",Female,Adult,BDT073334,BSR015798,AVAQ68339,Bura,rvf,Irrigated,positive
3040,68276,71.1,22,35,18,0,Cattle,Orma Boran,Male,Weaner,BDT073349,BSR015797,AVAQ68276,Bura,rvf,Irrigated,negative
3040,68491,71.1,22,35,18,0,Sheep,Black Head Persian,Female,Adult,BDT073325,BSR015799,AVAQ68491,Bura,qfever,Irrigated,negative
3040,68487,71.1,22,35,18,0,Goat,"Galla Goat, Cross",Male,Weaner,BDT073328,BSR015784,AVAQ68487,Bura,brucella,Irrigated,negative
3040,68495,71.1,22,35,18,0,Goat,"Galla Goat, Cross",Male,Adult,BDT072476,BSR016376,AVAQ68495,Bura,brucella,Irrigated,negative
3040,68339,71.1,22,35,18,0,Goat,"Galla Goat, Cross",Female,Adult,BDT073334,BSR015798,AVAQ68339,Bura,brucella,Irrigated,positive
3040,68449,71.1,22,35,18,0,Sheep,Black Head Persian,Female,Adult,BDT073338,BSR016591,AVAQ68449,Bura,qfever,Irrigated,negative
3040,68495,71.1,22,35,18,0,Goat,"Galla Goat, Cross",Male,Adult,BDT072476,BSR016376,AVAQ68495,Bura,rvf,Irrigated,negative
3040,68267,71.1,22,35,18,0,Goat,"Galla Goat, Cross",Female,Adult,BDT073332,BSR015803,AVAQ68267,Bura,brucella,Irrigated,negative
3040,68189,71.1,22,35,18,0,Goat,"Galla Goat, Cross",Female,Adult,BDT073355,BSR015782,AVAQ68189,Bura,brucella,Irrigated,negative
3040,68427,71.1,22,35,18,0,Sheep,Black Head Persian,Female,Adult,BDT073314,BSR015779,AVAQ68427,Bura,rvf,Irrigated,positive
3040,68445,71.1,22,35,18,0,Goat,"Galla Goat, Cross",Male,Kid/Lamb/Calf,BDT073343,BSR015802,AVAQ68445,Bura,brucella,Irrigated,negative
3040,68267,71.1,22,35,18,0,Goat,"Galla Goat, Cross",Female,Adult,BDT073332,BSR015803,AVAQ68267,Bura,qfever,Irrigated,negative
3040,68491,71.1,22,35,18,0,Sheep,Black Head Persian,Female,Adult,BDT073325,BSR015799,AVAQ68491,Bura,brucella,Irrigated,negative
3040,68195,71.1,22,35,18,0,Cattle,Orma Boran,Male,Weaner,BDT073340,BSR016611,AVAQ68195,Bura,brucella,Irrigated,negative
3040,68169,71.1,22,35,18,0,Cattle,Orma Boran,Female,Adult,BDT073339,BSR015794,AVAQ68169,Bura,brucella,Irrigated,negative
3040,68449,71.1,22,35,18,0,Sheep,Black Head Persian,Female,Adult,BDT073338,BSR016591,AVAQ68449,Bura,brucella,Irrigated,negative
3040,68491,71.1,22,35,18,0,Sheep,Black Head Persian,Female,Adult,BDT073325,BSR015799,AVAQ68491,Bura,rvf,Irrigated,positive
3040,68511,71.1,22,35,18,0,Cattle,Orma Boran,Female,Weaner,BDT073317,BSR015786,AVAQ68511,Bura,rvf,Irrigated,positive
3040,68427,71.1,22,35,18,0,Sheep,Black Head Persian,Female,Adult,BDT073314,BSR015779,AVAQ68427,Bura,brucella,Irrigated,negative
3040,68315,71.1,22,35,18,0,Sheep,Black Head Persian,Male,Adult,BDT073315,BSR016610,AVAQ68315,Bura,brucella,Irrigated,negative
3040,68275,71.1,22,35,18,0,Goat,"Galla Goat, Cross",Male,Adult,BDT073327,BSR015737,AVAQ68275,Bura,qfever,Irrigated,negative
3040,68275,71.1,22,35,18,0,Goat,"Galla Goat, Cross",Male,Adult,BDT073327,BSR015737,AVAQ68275,Bura,brucella,Irrigated,negative
3040,68315,71.1,22,35,18,0,Sheep,Black Head Persian,Male,Adult,BDT073315,BSR016610,AVAQ68315,Bura,rvf,Irrigated,positive
3040,68427,71.1,22,35,18,0,Sheep,Black Head Persian,Female,Adult,BDT073314,BSR015779,AVAQ68427,Bura,qfever,Irrigated,negative
3040,68169,71.1,22,35,18,0,Cattle,Orma Boran,Female,Adult,BDT073339,BSR015794,AVAQ68169,Bura,qfever,Irrigated,negative
3040,68336,71.1,22,35,18,0,Cattle,Orma Boran,Male,Adult,BDT073322,BSR015789,AVAQ68336,Bura,brucella,Irrigated,negative
3040,68438,71.1,22,35,18,0,Sheep,Black Head Persian,Female,Adult,BDT072496,BSR016620,AVAQ68438,Bura,rvf,Irrigated,positive
3040,68336,71.1,22,35,18,0,Cattle,Orma Boran,Male,Adult,BDT073322,BSR015789,AVAQ68336,Bura,rvf,Irrigated,positive
3040,68430,71.1,22,35,18,0,Goat,"Galla Goat, Cross",Male,Kid/Lamb/Calf,BDT073354,BSR016621,AVAQ68430,Bura,qfever,Irrigated,negative
3040,68224,71.1,22,35,18,0,Cattle,Orma Boran,Female,Adult,BDT073326,BSR015791,AVAQ68224,Bura,qfever,Irrigated,negative
3040,68438,71.1,22,35,18,0,Sheep,Black Head Persian,Female,Adult,BDT072496,BSR016620,AVAQ68438,Bura,brucella,Irrigated,negative
3040,68224,71.1,22,35,18,0,Cattle,Orma Boran,Female,Adult,BDT073326,BSR015791,AVAQ68224,Bura,rvf,Irrigated,negative
3040,68511,71.1,22,35,18,0,Cattle,Orma Boran,Female,Weaner,BDT073317,BSR015786,AVAQ68511,Bura,qfever,Irrigated,negative
3040,68195,71.1,22,35,18,0,Cattle,Orma Boran,Male,Weaner,BDT073340,BSR016611,AVAQ68195,Bura,rvf,Irrigated,negative
3040,68487,71.1,22,35,18,0,Goat,"Galla Goat, Cross",Male,Weaner,BDT073328,BSR015784,AVAQ68487,Bura,rvf,Irrigated,negative
3040,68432,71.1,22,35,18,0,Goat,"Galla Goat, Cross",Female,Kid/Lamb/Calf,BDT073312,BSR015787,AVAQ68432,Bura,qfever,Irrigated,negative
3040,68267,71.1,22,35,18,0,Goat,"Galla Goat, Cross",Female,Adult,BDT073332,BSR015803,AVAQ68267,Bura,rvf,Irrigated,positive
3040,68430,71.1,22,35,18,0,Goat,"Galla Goat, Cross",Male,Kid/Lamb/Calf,BDT073354,BSR016621,AVAQ68430,Bura,rvf,Irrigated,negative
3040,68189,71.1,22,35,18,0,Goat,"Galla Goat, Cross",Female,Adult,BDT073355,BSR015782,AVAQ68189,Bura,qfever,Irrigated,negative
3040,68276,71.1,22,35,18,0,Cattle,Orma Boran,Male,Weaner,BDT073349,BSR015797,AVAQ68276,Bura,qfever,Irrigated,negative
3040,68532,71.1,22,35,18,0,Sheep,Black Head Persian,Female,Weaner,BDT073313,BSR016592,AVAQ68532,Bura,rvf,Irrigated,negative
3040,68431,71.1,22,35,18,0,Goat,"Galla Goat, Cross",Male,Weaner,BDT073353,BSR015788,AVAQ68431,Bura,brucella,Irrigated,negative
3040,68336,71.1,22,35,18,0,Cattle,Orma Boran,Male,Adult,BDT073322,BSR015789,AVAQ68336,Bura,qfever,Irrigated,negative
3040,68315,71.1,22,35,18,0,Sheep,Black Head Persian,Male,Adult,BDT073315,BSR016610,AVAQ68315,Bura,qfever,Irrigated,negative
3040,68511,71.1,22,35,18,0,Cattle,Orma Boran,Female,Weaner,BDT073317,BSR015786,AVAQ68511,Bura,brucella,Irrigated,negative
3040,68495,71.1,22,35,18,0,Goat,"Galla Goat, Cross",Male,Adult,BDT072476,BSR016376,AVAQ68495,Bura,qfever,Irrigated,negative
3040,68445,71.1,22,35,18,0,Goat,"Galla Goat, Cross",Male,Kid/Lamb/Calf,BDT073343,BSR015802,AVAQ68445,Bura,rvf,Irrigated,positive
3040,68449,71.1,22,35,18,0,Sheep,Black Head Persian,Female,Adult,BDT073338,BSR016591,AVAQ68449,Bura,rvf,Irrigated,negative
3040,68275,71.1,22,35,18,0,Goat,"Galla Goat, Cross",Male,Adult,BDT073327,BSR015737,AVAQ68275,Bura,rvf,Irrigated,negative
3041,68211,75.4,8,8,8,0,Goat,"Galla Goat, Cross",Female,Kid/Lamb/Calf,BDT073560,BSR015819,AVAQ68211,Bura,brucella,Irrigated,negative
3041,68268,75.4,8,8,8,0,Sheep,Black Head Persian,Male,Adult,BDT073357,BSR015781,AVAQ68268,Bura,brucella,Irrigated,negative
3041,68166,75.4,8,8,8,0,Goat,"Galla Goat, Cross",Female,Adult,BDT073358,BSR016608,AVAQ68166,Bura,brucella,Irrigated,negative
3041,68426,75.4,8,8,8,0,Cattle,Orma Boran,Female,Adult,BDT073311,BSR016600,AVAQ68426,Bura,brucella,Irrigated,negative
3041,68211,75.4,8,8,8,0,Goat,"Galla Goat, Cross",Female,Kid/Lamb/Calf,BDT073560,BSR015819,AVAQ68211,Bura,qfever,Irrigated,negative
3041,68323,75.4,8,8,8,0,Cattle,Orma Boran,Female,Weaner,BDT073330,BSR016606,AVAQ68323,Bura,brucella,Irrigated,negative
3041,68268,75.4,8,8,8,0,Sheep,Black Head Persian,Male,Adult,BDT073357,BSR015781,AVAQ68268,Bura,rvf,Irrigated,positive
3041,68159,75.4,8,8,8,0,Goat,"Galla Goat, Cross",Male,Adult,BDT073331,BSR016603,AVAQ68159,Bura,qfever,Irrigated,negative
3041,68211,75.4,8,8,8,0,Goat,"Galla Goat, Cross",Female,Kid/Lamb/Calf,BDT073560,BSR015819,AVAQ68211,Bura,rvf,Irrigated,negative
3041,68173,75.4,8,8,8,0,Goat,"Galla Goat, Cross",Female,Adult,BDT073344,BSR015795,AVAQ68173,Bura,rvf,Irrigated,negative
3041,68323,75.4,8,8,8,0,Cattle,Orma Boran,Female,Weaner,BDT073330,BSR016606,AVAQ68323,Bura,rvf,Irrigated,negative
3041,68173,75.4,8,8,8,0,Goat,"Galla Goat, Cross",Female,Adult,BDT073344,BSR015795,AVAQ68173,Bura,qfever,Irrigated,negative
3041,68166,75.4,8,8,8,0,Goat,"Galla Goat, Cross",Female,Adult,BDT073358,BSR016608,AVAQ68166,Bura,rvf,Irrigated,positive
3041,68159,75.4,8,8,8,0,Goat,"Galla Goat, Cross",Male,Adult,BDT073331,BSR016603,AVAQ68159,Bura,rvf,Irrigated,negative
3041,68159,75.4,8,8,8,0,Goat,"Galla Goat, Cross",Male,Adult,BDT073331,BSR016603,AVAQ68159,Bura,brucella,Irrigated,negative
3041,68498,75.4,8,8,8,0,Cattle,Orma Boran,Male,Weaner,BDT073320,BSR016613,AVAQ68498,Bura,rvf,Irrigated,negative
3041,68166,75.4,8,8,8,0,Goat,"Galla Goat, Cross",Female,Adult,BDT073358,BSR016608,AVAQ68166,Bura,qfever,Irrigated,negative
3041,68161,75.4,8,8,8,0,Goat,"Galla Goat, Cross",Male,Weaner,BDT073599,BSR015820,AVAQ68161,Bura,rvf,Irrigated,negative
3041,68180,75.4,8,8,8,0,Goat,"Galla Goat, Cross",Female,Adult,BDT073595,BSR015823,AVAQ68180,Bura,rvf,Irrigated,positive
3041,68180,75.4,8,8,8,0,Goat,"Galla Goat, Cross",Female,Adult,BDT073595,BSR015823,AVAQ68180,Bura,qfever,Irrigated,negative
3041,68323,75.4,8,8,8,0,Cattle,Orma Boran,Female,Weaner,BDT073330,BSR016606,AVAQ68323,Bura,qfever,Irrigated,negative
3041,68173,75.4,8,8,8,0,Goat,"Galla Goat, Cross",Female,Adult,BDT073344,BSR015795,AVAQ68173,Bura,brucella,Irrigated,negative
3041,68426,75.4,8,8,8,0,Cattle,Orma Boran,Female,Adult,BDT073311,BSR016600,AVAQ68426,Bura,rvf,Irrigated,negative
3041,68433,75.4,8,8,8,0,Cattle,Orma Boran,Female,Adult,BDT073321,BSR016599,AVAQ68433,Bura,rvf,Irrigated,positive
3041,68426,75.4,8,8,8,0,Cattle,Orma Boran,Female,Adult,BDT073311,BSR016600,AVAQ68426,Bura,qfever,Irrigated,negative
3041,68180,75.4,8,8,8,0,Goat,"Galla Goat, Cross",Female,Adult,BDT073595,BSR015823,AVAQ68180,Bura,brucella,Irrigated,negative
3041,68433,75.4,8,8,8,0,Cattle,Orma Boran,Female,Adult,BDT073321,BSR016599,AVAQ68433,Bura,qfever,Irrigated,negative
3041,68433,75.4,8,8,8,0,Cattle,Orma Boran,Female,Adult,BDT073321,BSR016599,AVAQ68433,Bura,brucella,Irrigated,negative
3041,68498,75.4,8,8,8,0,Cattle,Orma Boran,Male,Weaner,BDT073320,BSR016613,AVAQ68498,Bura,qfever,Irrigated,negative
3041,68268,75.4,8,8,8,0,Sheep,Black Head Persian,Male,Adult,BDT073357,BSR015781,AVAQ68268,Bura,qfever,Irrigated,negative
3041,68161,75.4,8,8,8,0,Goat,"Galla Goat, Cross",Male,Weaner,BDT073599,BSR015820,AVAQ68161,Bura,brucella,Irrigated,negative
3041,68498,75.4,8,8,8,0,Cattle,Orma Boran,Male,Weaner,BDT073320,BSR016613,AVAQ68498,Bura,brucella,Irrigated,negative
3041,68161,75.4,8,8,8,0,Goat,"Galla Goat, Cross",Male,Weaner,BDT073599,BSR015820,AVAQ68161,Bura,qfever,Irrigated,negative
3042,68257,72.5,3,10,6,0,Sheep,Black Head Persian,Female,Adult,BDT073310,BSR016598,AVAQ68257,Bura,qfever,Irrigated,negative
3042,68335,72.5,3,10,6,0,Cattle,Orma Boran,Female,Adult,BDT073335,BSR015785,AVAQ68335,Bura,rvf,Irrigated,positive
3042,68226,72.5,3,10,6,0,Goat,"Galla Goat, Cross",Female,Kid/Lamb/Calf,BDT073319,BSR016601,AVAQ68226,Bura,rvf,Irrigated,negative
3042,68188,72.5,3,10,6,0,Goat,"Galla Goat, Cross",Male,Adult,BDT073583,BSR016197,AVAQ68188,Bura,brucella,Irrigated,negative
3042,68200,72.5,3,10,6,0,Goat,"Galla Goat, Cross",Female,Adult,BDT073578,BSR015821,AVAQ68200,Bura,brucella,Irrigated,negative
3042,68226,72.5,3,10,6,0,Goat,"Galla Goat, Cross",Female,Kid/Lamb/Calf,BDT073319,BSR016601,AVAQ68226,Bura,qfever,Irrigated,negative
3042,68335,72.5,3,10,6,0,Cattle,Orma Boran,Female,Adult,BDT073335,BSR015785,AVAQ68335,Bura,brucella,Irrigated,positive
3042,68334,72.5,3,10,6,0,Cattle,Orma Boran,Male,Weaner,BDT073345,BSR016614,AVAQ68334,Bura,brucella,Irrigated,negative
3042,68182,72.5,3,10,6,0,Sheep,Black Head Persian,Female,Adult,BDT073563,BSR016602,AVAQ68182,Bura,brucella,Irrigated,negative
3042,68227,72.5,3,10,6,0,Cattle,Orma Boran,Female,Adult,BDT073356,BSR016605,AVAQ68227,Bura,rvf,Irrigated,negative
3042,68257,72.5,3,10,6,0,Sheep,Black Head Persian,Female,Adult,BDT073310,BSR016598,AVAQ68257,Bura,rvf,Irrigated,negative
3042,68218,72.5,3,10,6,0,Cattle,Orma Boran,Male,Adult,BDT073329,BSR015780,AVAQ68218,Bura,rvf,Irrigated,positive
3042,68523,72.5,3,10,6,0,Sheep,Black Head Persian,Female,Adult,BDT073562,BSR016623,AVAQ68523,Bura,qfever,Irrigated,negative
3042,68523,72.5,3,10,6,0,Sheep,Black Head Persian,Female,Adult,BDT073562,BSR016623,AVAQ68523,Bura,brucella,Irrigated,negative
3042,68175,72.5,3,10,6,0,Sheep,Black Head Persian,Female,Adult,BDT073586,BSR016604,AVAQ68175,Bura,brucella,Irrigated,negative
3042,68200,72.5,3,10,6,0,Goat,"Galla Goat, Cross",Female,Adult,BDT073578,BSR015821,AVAQ68200,Bura,qfever,Irrigated,positive
3042,68187,72.5,3,10,6,0,Sheep,Black Head Persian,Female,Adult,BDT073589,BSR016597,AVAQ68187,Bura,rvf,Irrigated,negative
3042,68187,72.5,3,10,6,0,Sheep,Black Head Persian,Female,Adult,BDT073589,BSR016597,AVAQ68187,Bura,brucella,Irrigated,negative
3042,68188,72.5,3,10,6,0,Goat,"Galla Goat, Cross",Male,Adult,BDT073583,BSR016197,AVAQ68188,Bura,rvf,Irrigated,negative
3042,68175,72.5,3,10,6,0,Sheep,Black Head Persian,Female,Adult,BDT073586,BSR016604,AVAQ68175,Bura,qfever,Irrigated,negative
3042,68334,72.5,3,10,6,0,Cattle,Orma Boran,Male,Weaner,BDT073345,BSR016614,AVAQ68334,Bura,rvf,Irrigated,negative
3042,68188,72.5,3,10,6,0,Goat,"Galla Goat, Cross",Male,Adult,BDT073583,BSR016197,AVAQ68188,Bura,qfever,Irrigated,positive
3042,68182,72.5,3,10,6,0,Sheep,Black Head Persian,Female,Adult,BDT073563,BSR016602,AVAQ68182,Bura,qfever,Irrigated,negative
3042,68523,72.5,3,10,6,0,Sheep,Black Head Persian,Female,Adult,BDT073562,BSR016623,AVAQ68523,Bura,rvf,Irrigated,positive
3042,68509,72.5,3,10,6,0,Goat,"Galla Goat, Cross",Female,Adult,BDT073581,BSR015822,AVAQ68509,Bura,rvf,Irrigated,negative
3042,68227,72.5,3,10,6,0,Cattle,Orma Boran,Female,Adult,BDT073356,BSR016605,AVAQ68227,Bura,qfever,Irrigated,negative
3042,68226,72.5,3,10,6,0,Goat,"Galla Goat, Cross",Female,Kid/Lamb/Calf,BDT073319,BSR016601,AVAQ68226,Bura,brucella,Irrigated,negative
3042,68257,72.5,3,10,6,0,Sheep,Black Head Persian,Female,Adult,BDT073310,BSR016598,AVAQ68257,Bura,brucella,Irrigated,negative
3042,68335,72.5,3,10,6,0,Cattle,Orma Boran,Female,Adult,BDT073335,BSR015785,AVAQ68335,Bura,qfever,Irrigated,positive
3042,68218,72.5,3,10,6,0,Cattle,Orma Boran,Male,Adult,BDT073329,BSR015780,AVAQ68218,Bura,brucella,Irrigated,negative
3042,68482,72.5,3,10,6,0,Goat,"Galla Goat, Cross",Female,Adult,BDT073352,BSR015805,AVAQ68482,Bura,brucella,Irrigated,negative
3042,68482,72.5,3,10,6,0,Goat,"Galla Goat, Cross",Female,Adult,BDT073352,BSR015805,AVAQ68482,Bura,qfever,Irrigated,negative
3042,68258,72.5,3,10,6,0,Sheep,Black Head Persian,Female,Adult,BDT073571,BSR016581,AVAQ68258,Bura,qfever,Irrigated,negative
3042,68175,72.5,3,10,6,0,Sheep,Black Head Persian,Female,Adult,BDT073586,BSR016604,AVAQ68175,Bura,rvf,Irrigated,negative
3042,68482,72.5,3,10,6,0,Goat,"Galla Goat, Cross",Female,Adult,BDT073352,BSR015805,AVAQ68482,Bura,rvf,Irrigated,positive
3042,68176,72.5,3,10,6,0,Cattle,Orma Boran,Male,Weaner,BDT073318,BSR016596,AVAQ68176,Bura,qfever,Irrigated,negative
3042,68176,72.5,3,10,6,0,Cattle,Orma Boran,Male,Weaner,BDT073318,BSR016596,AVAQ68176,Bura,brucella,Irrigated,negative
3042,68334,72.5,3,10,6,0,Cattle,Orma Boran,Male,Weaner,BDT073345,BSR016614,AVAQ68334,Bura,qfever,Irrigated,negative
3042,68509,72.5,3,10,6,0,Goat,"Galla Goat, Cross",Female,Adult,BDT073581,BSR015822,AVAQ68509,Bura,brucella,Irrigated,negative
3042,68176,72.5,3,10,6,0,Cattle,Orma Boran,Male,Weaner,BDT073318,BSR016596,AVAQ68176,Bura,rvf,Irrigated,negative
3042,68182,72.5,3,10,6,0,Sheep,Black Head Persian,Female,Adult,BDT073563,BSR016602,AVAQ68182,Bura,rvf,Irrigated,negative
3042,68258,72.5,3,10,6,0,Sheep,Black Head Persian,Female,Adult,BDT073571,BSR016581,AVAQ68258,Bura,rvf,Irrigated,positive
3042,68509,72.5,3,10,6,0,Goat,"Galla Goat, Cross",Female,Adult,BDT073581,BSR015822,AVAQ68509,Bura,qfever,Irrigated,negative
3042,68200,72.5,3,10,6,0,Goat,"Galla Goat, Cross",Female,Adult,BDT073578,BSR015821,AVAQ68200,Bura,rvf,Irrigated,negative
3042,68218,72.5,3,10,6,0,Cattle,Orma Boran,Male,Adult,BDT073329,BSR015780,AVAQ68218,Bura,qfever,Irrigated,negative
3042,68227,72.5,3,10,6,0,Cattle,Orma Boran,Female,Adult,BDT073356,BSR016605,AVAQ68227,Bura,brucella,Irrigated,negative
3042,68187,72.5,3,10,6,0,Sheep,Black Head Persian,Female,Adult,BDT073589,BSR016597,AVAQ68187,Bura,qfever,Irrigated,negative
3042,68258,72.5,3,10,6,0,Sheep,Black Head Persian,Female,Adult,BDT073571,BSR016581,AVAQ68258,Bura,brucella,Irrigated,negative
3043,68217,71,2,7,0,0,Sheep,Black Head Persian,Female,Adult,BDT073584,BSR015812,AVAQ68217,Bura,brucella,Irrigated,negative
3043,68170,71,2,7,0,0,Sheep,Black Head Persian,Male,Kid/Lamb/Calf,BDT073590,BSR015813,AVAQ68170,Bura,brucella,Irrigated,negative
3043,68217,71,2,7,0,0,Sheep,Black Head Persian,Female,Adult,BDT073584,BSR015812,AVAQ68217,Bura,qfever,Irrigated,negative
3043,68281,71,2,7,0,0,Goat,"Galla Goat, Cross",Female,Adult,BDT073591,BSR015808,AVAQ68281,Bura,brucella,Irrigated,negative
3043,68217,71,2,7,0,0,Sheep,Black Head Persian,Female,Adult,BDT073584,BSR015812,AVAQ68217,Bura,rvf,Irrigated,negative
3043,68170,71,2,7,0,0,Sheep,Black Head Persian,Male,Kid/Lamb/Calf,BDT073590,BSR015813,AVAQ68170,Bura,qfever,Irrigated,negative
3043,68185,71,2,7,0,0,Goat,"Galla Goat, Cross",Female,Adult,BDT073585,BSR016577,AVAQ68185,Bura,qfever,Irrigated,negative
3043,68185,71,2,7,0,0,Goat,"Galla Goat, Cross",Female,Adult,BDT073585,BSR016577,AVAQ68185,Bura,brucella,Irrigated,negative
3043,68281,71,2,7,0,0,Goat,"Galla Goat, Cross",Female,Adult,BDT073591,BSR015808,AVAQ68281,Bura,rvf,Irrigated,positive
3043,68170,71,2,7,0,0,Sheep,Black Head Persian,Male,Kid/Lamb/Calf,BDT073590,BSR015813,AVAQ68170,Bura,rvf,Irrigated,negative
3043,68281,71,2,7,0,0,Goat,"Galla Goat, Cross",Female,Adult,BDT073591,BSR015808,AVAQ68281,Bura,qfever,Irrigated,negative
3043,68185,71,2,7,0,0,Goat,"Galla Goat, Cross",Female,Adult,BDT073585,BSR016577,AVAQ68185,Bura,rvf,Irrigated,negative
3044,68205,73.3,16,60,40,0,Cattle,Orma Boran,Female,Kid/Lamb/Calf,BDT073309,BSR016595,AVAQ68205,Bura,brucella,Irrigated,negative
3044,68222,73.3,16,60,40,0,Cattle,Orma Boran,Male,Weaner,BDT073600,BSR015818,AVAQ68222,Bura,qfever,Irrigated,negative
3044,68502,73.3,16,60,40,0,Cattle,Orma Boran,Female,Kid/Lamb/Calf,BDT073594,BSR015804,AVAQ68502,Bura,qfever,Irrigated,negative
3044,68207,73.3,16,60,40,0,Cattle,Orma Boran,Male,Kid/Lamb/Calf,BDT073579,BSR015807,AVAQ68207,Bura,rvf,Irrigated,negative
3044,68207,73.3,16,60,40,0,Cattle,Orma Boran,Male,Kid/Lamb/Calf,BDT073579,BSR015807,AVAQ68207,Bura,brucella,Irrigated,negative
3044,68486,73.3,16,60,40,0,Cattle,Orma Boran,Male,Kid/Lamb/Calf,BDT073323,BSR015814,AVAQ68486,Bura,qfever,Irrigated,negative
3044,68207,73.3,16,60,40,0,Cattle,Orma Boran,Male,Kid/Lamb/Calf,BDT073579,BSR015807,AVAQ68207,Bura,qfever,Irrigated,negative
3044,68222,73.3,16,60,40,0,Cattle,Orma Boran,Male,Weaner,BDT073600,BSR015818,AVAQ68222,Bura,rvf,Irrigated,positive
3044,68205,73.3,16,60,40,0,Cattle,Orma Boran,Female,Kid/Lamb/Calf,BDT073309,BSR016595,AVAQ68205,Bura,rvf,Irrigated,negative
3044,68222,73.3,16,60,40,0,Cattle,Orma Boran,Male,Weaner,BDT073600,BSR015818,AVAQ68222,Bura,brucella,Irrigated,negative
3044,68502,73.3,16,60,40,0,Cattle,Orma Boran,Female,Kid/Lamb/Calf,BDT073594,BSR015804,AVAQ68502,Bura,brucella,Irrigated,negative
3044,68486,73.3,16,60,40,0,Cattle,Orma Boran,Male,Kid/Lamb/Calf,BDT073323,BSR015814,AVAQ68486,Bura,rvf,Irrigated,negative
3044,68205,73.3,16,60,40,0,Cattle,Orma Boran,Female,Kid/Lamb/Calf,BDT073309,BSR016595,AVAQ68205,Bura,qfever,Irrigated,negative
3044,68486,73.3,16,60,40,0,Cattle,Orma Boran,Male,Kid/Lamb/Calf,BDT073323,BSR015814,AVAQ68486,Bura,brucella,Irrigated,negative
3044,68502,73.3,16,60,40,0,Cattle,Orma Boran,Female,Kid/Lamb/Calf,BDT073594,BSR015804,AVAQ68502,Bura,rvf,Irrigated,negative
3045,68181,67.8,5,4,6,0,Goat,"Galla Goat, Cross",Female,Adult,BDT073603,BSR015815,AVAQ68181,Bura,qfever,Irrigated,negative
3045,68337,67.8,5,4,6,0,Goat,"Galla Goat, Cross",Male,Weaner,BDT073608,BSR016195,AVAQ68337,Bura,rvf,Irrigated,negative
3045,68215,67.8,5,4,6,0,Sheep,Black Head Persian,Female,Kid/Lamb/Calf,BDT073602,BSR015792,AVAQ68215,Bura,qfever,Irrigated,negative
3045,68337,67.8,5,4,6,0,Goat,"Galla Goat, Cross",Male,Weaner,BDT073608,BSR016195,AVAQ68337,Bura,brucella,Irrigated,negative
3045,68181,67.8,5,4,6,0,Goat,"Galla Goat, Cross",Female,Adult,BDT073603,BSR015815,AVAQ68181,Bura,rvf,Irrigated,positive
3045,68199,67.8,5,4,6,0,Goat,"Galla Goat, Cross",Female,Adult,BDT073597,BSR016176,AVAQ68199,Bura,qfever,Irrigated,negative
3045,68215,67.8,5,4,6,0,Sheep,Black Head Persian,Female,Kid/Lamb/Calf,BDT073602,BSR015792,AVAQ68215,Bura,rvf,Irrigated,positive
3045,68517,67.8,5,4,6,0,Goat,"Galla Goat, Cross",Female,Kid/Lamb/Calf,BDT073580,BSR016196,AVAQ68517,Bura,brucella,Irrigated,negative
3045,68517,67.8,5,4,6,0,Goat,"Galla Goat, Cross",Female,Kid/Lamb/Calf,BDT073580,BSR016196,AVAQ68517,Bura,qfever,Irrigated,negative
3045,68515,67.8,5,4,6,0,Sheep,Black Head Persian,Female,Weaner,BDT073601,BSR015824,AVAQ68515,Bura,rvf,Irrigated,negative
3045,68271,67.8,5,4,6,0,Sheep,Black Head Persian,Female,Adult,BDT073346,BSR015809,AVAQ68271,Bura,brucella,Irrigated,negative
3045,68199,67.8,5,4,6,0,Goat,"Galla Goat, Cross",Female,Adult,BDT073597,BSR016176,AVAQ68199,Bura,brucella,Irrigated,negative
3045,68199,67.8,5,4,6,0,Goat,"Galla Goat, Cross",Female,Adult,BDT073597,BSR016176,AVAQ68199,Bura,rvf,Irrigated,negative
3045,68337,67.8,5,4,6,0,Goat,"Galla Goat, Cross",Male,Weaner,BDT073608,BSR016195,AVAQ68337,Bura,qfever,Irrigated,negative
3045,68271,67.8,5,4,6,0,Sheep,Black Head Persian,Female,Adult,BDT073346,BSR015809,AVAQ68271,Bura,qfever,Irrigated,negative
3045,68271,67.8,5,4,6,0,Sheep,Black Head Persian,Female,Adult,BDT073346,BSR015809,AVAQ68271,Bura,rvf,Irrigated,positive
3045,68515,67.8,5,4,6,0,Sheep,Black Head Persian,Female,Weaner,BDT073601,BSR015824,AVAQ68515,Bura,qfever,Irrigated,negative
3045,68181,67.8,5,4,6,0,Goat,"Galla Goat, Cross",Female,Adult,BDT073603,BSR015815,AVAQ68181,Bura,brucella,Irrigated,negative
3045,68215,67.8,5,4,6,0,Sheep,Black Head Persian,Female,Kid/Lamb/Calf,BDT073602,BSR015792,AVAQ68215,Bura,brucella,Irrigated,negative
3045,68515,67.8,5,4,6,0,Sheep,Black Head Persian,Female,Weaner,BDT073601,BSR015824,AVAQ68515,Bura,brucella,Irrigated,negative
3045,68517,67.8,5,4,6,0,Goat,"Galla Goat, Cross",Female,Kid/Lamb/Calf,BDT073580,BSR016196,AVAQ68517,Bura,rvf,Irrigated,negative
3046,70552,71.6,30,50,28,0,Cattle,Orma Boran,Female,Adult,BDT073587,BSR015707,AVAQ70552,Bura,rvf,Irrigated,positive
3046,70575,71.6,30,50,28,0,Goat,"Galla Goat, Cross",Male,Adult,BDT073667,BSR015723,AVAQ70575,Bura,qfever,Irrigated,negative
3046,70555,71.6,30,50,28,0,Sheep,Black Head Persian,Male,Weaner,BDT073665,BSR016589,AVAQ70555,Bura,brucella,Irrigated,negative
3046,70681,71.6,30,50,28,0,Cattle,Orma Boran,Female,Adult,BDT073598,BSR015708,AVAQ70681,Bura,rvf,Irrigated,positive
3046,70776,71.6,30,50,28,0,Sheep,Black Head Persian,Male,Kid/Lamb/Calf,BDT073593,BSR016207,AVAQ70776,Bura,brucella,Irrigated,positive
3046,70726,71.6,30,50,28,0,Cattle,Orma Boran,Female,Weaner,BDT073604,BSR015702,AVAQ70726,Bura,qfever,Irrigated,negative
3046,70605,71.6,30,50,28,0,Cattle,Orma Boran,Female,Weaner,BDT073568,BSR015711,AVAQ70605,Bura,brucella,Irrigated,negative
3046,70325,71.6,30,50,28,0,Goat,"Galla Goat, Cross",Female,Weaner,BDT072584,BSR015683,AVAQ70325,Bura,qfever,Irrigated,negative
3046,70325,71.6,30,50,28,0,Goat,"Galla Goat, Cross",Female,Weaner,BDT072584,BSR015683,AVAQ70325,Bura,rvf,Irrigated,negative
3046,70575,71.6,30,50,28,0,Goat,"Galla Goat, Cross",Male,Adult,BDT073667,BSR015723,AVAQ70575,Bura,rvf,Irrigated,negative
3046,70552,71.6,30,50,28,0,Cattle,Orma Boran,Female,Adult,BDT073587,BSR015707,AVAQ70552,Bura,qfever,Irrigated,positive
3046,70579,71.6,30,50,28,0,Cattle,Orma Boran,Female,Kid/Lamb/Calf,BDT073606,BSR015700,AVAQ70579,Bura,rvf,Irrigated,negative
3046,70431,71.6,30,50,28,0,Cattle,Orma Boran,Female,Adult,BDT073573,BSR015710,AVAQ70431,Bura,brucella,Irrigated,negative
3046,70713,71.6,30,50,28,0,Goat,"Galla Goat, Cross",Male,Adult,BDT073596,BSR016178,AVAQ70713,Bura,rvf,Irrigated,negative
3046,70628,71.6,30,50,28,0,Goat,"Galla Goat, Cross",Female,Adult,BDT073746,BSR015712,AVAQ70628,Bura,brucella,Irrigated,negative
3046,70681,71.6,30,50,28,0,Cattle,Orma Boran,Female,Adult,BDT073598,BSR015708,AVAQ70681,Bura,brucella,Irrigated,negative
3046,70736,71.6,30,50,28,0,Sheep,Black Head Persian,Female,Kid/Lamb/Calf,BDT073577,BSR015777,AVAQ70736,Bura,qfever,Irrigated,negative
3046,70698,71.6,30,50,28,0,Goat,"Galla Goat, Cross",Female,Adult,BDT073565,BSR016612,AVAQ70698,Bura,qfever,Irrigated,positive
3046,70579,71.6,30,50,28,0,Cattle,Orma Boran,Female,Kid/Lamb/Calf,BDT073606,BSR015700,AVAQ70579,Bura,brucella,Irrigated,negative
3046,70588,71.6,30,50,28,0,Cattle,Orma Boran,Female,Adult,BDT073569,BSR015699,AVAQ70588,Bura,qfever,Irrigated,negative
3046,70648,71.6,30,50,28,0,Sheep,Black Head Persian,Female,Weaner,BDT073659,BSR016594,AVAQ70648,Bura,brucella,Irrigated,negative
3046,70552,71.6,30,50,28,0,Cattle,Orma Boran,Female,Adult,BDT073587,BSR015707,AVAQ70552,Bura,brucella,Irrigated,negative
3046,70586,71.6,30,50,28,0,Sheep,Black Head Persian,Female,Adult,BDT073666,BSR016179,AVAQ70586,Bura,rvf,Irrigated,negative
3046,70605,71.6,30,50,28,0,Cattle,Orma Boran,Female,Weaner,BDT073568,BSR015711,AVAQ70605,Bura,qfever,Irrigated,negative
3046,70585,71.6,30,50,28,0,Goat,"Galla Goat, Cross",Female,Kid/Lamb/Calf,BDT073739,BSR015705,AVAQ70585,Bura,brucella,Irrigated,negative
3046,70603,71.6,30,50,28,0,Cattle,Orma Boran,Female,Kid/Lamb/Calf,BDT073564,BSR015724,AVAQ70603,Bura,brucella,Irrigated,negative
3046,70713,71.6,30,50,28,0,Goat,"Galla Goat, Cross",Male,Adult,BDT073596,BSR016178,AVAQ70713,Bura,qfever,Irrigated,negative
3046,70582,71.6,30,50,28,0,Goat,"Galla Goat, Cross",Male,Kid/Lamb/Calf,BDT073750,BSR015709,AVAQ70582,Bura,qfever,Irrigated,negative
3046,70617,71.6,30,50,28,0,Cattle,Orma Boran,Female,Adult,BDT073576,BSR015713,AVAQ70617,Bura,rvf,Irrigated,positive
3046,70726,71.6,30,50,28,0,Cattle,Orma Boran,Female,Weaner,BDT073604,BSR015702,AVAQ70726,Bura,brucella,Irrigated,negative
3046,70739,71.6,30,50,28,0,Cattle,Orma Boran,Male,Adult,BDT073341,BSR015704,AVAQ70739,Bura,rvf,Irrigated,negative
3046,70617,71.6,30,50,28,0,Cattle,Orma Boran,Female,Adult,BDT073576,BSR015713,AVAQ70617,Bura,brucella,Irrigated,negative
3046,70744,71.6,30,50,28,0,Goat,"Galla Goat, Cross",Male,Kid/Lamb/Calf,BDT073336,BSR015697,AVAQ70744,Bura,qfever,Irrigated,negative
3046,70604,71.6,30,50,28,0,Sheep,Black Head Persian,Female,Adult,BDT073757,BSR015717,AVAQ70604,Bura,brucella,Irrigated,negative
3046,70696,71.6,30,50,28,0,Sheep,Black Head Persian,Male,Adult,BDT073561,BSR015716,AVAQ70696,Bura,brucella,Irrigated,negative
3046,70626,71.6,30,50,28,0,Goat,"Galla Goat, Cross",Female,Adult,BDT073660,BSR015718,AVAQ70626,Bura,qfever,Irrigated,negative
3046,70744,71.6,30,50,28,0,Goat,"Galla Goat, Cross",Male,Kid/Lamb/Calf,BDT073336,BSR015697,AVAQ70744,Bura,brucella,Irrigated,positive
3046,70696,71.6,30,50,28,0,Sheep,Black Head Persian,Male,Adult,BDT073561,BSR015716,AVAQ70696,Bura,qfever,Irrigated,positive
3046,70590,71.6,30,50,28,0,Sheep,Black Head Persian,Male,Weaner,BDT073664,BSR015719,AVAQ70590,Bura,brucella,Irrigated,negative
3046,70576,71.6,30,50,28,0,Sheep,Black Head Persian,Male,Weaner,BDT073737,BSR015816,AVAQ70576,Bura,rvf,Irrigated,negative
3046,70739,71.6,30,50,28,0,Cattle,Orma Boran,Male,Adult,BDT073341,BSR015704,AVAQ70739,Bura,qfever,Irrigated,negative
3046,70431,71.6,30,50,28,0,Cattle,Orma Boran,Female,Adult,BDT073573,BSR015710,AVAQ70431,Bura,qfever,Irrigated,negative
3046,70542,71.6,30,50,28,0,Sheep,Black Head Persian,Female,Adult,BDT073747,BSR016201,AVAQ70542,Bura,qfever,Irrigated,negative
3046,70626,71.6,30,50,28,0,Goat,"Galla Goat, Cross",Female,Adult,BDT073660,BSR015718,AVAQ70626,Bura,rvf,Irrigated,negative
3046,70670,71.6,30,50,28,0,Goat,"Galla Goat, Cross",Female,Weaner,BDT072591,BSR015681,AVAQ70670,Bura,rvf,Irrigated,negative
3046,70542,71.6,30,50,28,0,Sheep,Black Head Persian,Female,Adult,BDT073747,BSR016201,AVAQ70542,Bura,rvf,Irrigated,negative
3046,70736,71.6,30,50,28,0,Sheep,Black Head Persian,Female,Kid/Lamb/Calf,BDT073577,BSR015777,AVAQ70736,Bura,rvf,Irrigated,negative
3046,70586,71.6,30,50,28,0,Sheep,Black Head Persian,Female,Adult,BDT073666,BSR016179,AVAQ70586,Bura,brucella,Irrigated,negative
3046,70605,71.6,30,50,28,0,Cattle,Orma Boran,Female,Weaner,BDT073568,BSR015711,AVAQ70605,Bura,rvf,Irrigated,negative
3046,70588,71.6,30,50,28,0,Cattle,Orma Boran,Female,Adult,BDT073569,BSR015699,AVAQ70588,Bura,rvf,Irrigated,negative
3046,70776,71.6,30,50,28,0,Sheep,Black Head Persian,Male,Kid/Lamb/Calf,BDT073593,BSR016207,AVAQ70776,Bura,qfever,Irrigated,negative
3046,70588,71.6,30,50,28,0,Cattle,Orma Boran,Female,Adult,BDT073569,BSR015699,AVAQ70588,Bura,brucella,Irrigated,negative
3046,70772,71.6,30,50,28,0,Sheep,Black Head Persian,Male,Kid/Lamb/Calf,BDT073683,BSR016221,AVAQ70772,Bura,qfever,Irrigated,negative
3046,70713,71.6,30,50,28,0,Goat,"Galla Goat, Cross",Male,Adult,BDT073596,BSR016178,AVAQ70713,Bura,brucella,Irrigated,negative
3046,70560,71.6,30,50,28,0,Cattle,Orma Boran,Female,Weaner,BDT073574,BSR015714,AVAQ70560,Bura,rvf,Irrigated,negative
3046,70604,71.6,30,50,28,0,Sheep,Black Head Persian,Female,Adult,BDT073757,BSR015717,AVAQ70604,Bura,qfever,Irrigated,negative
3046,70723,71.6,30,50,28,0,Cattle,Orma Boran,Male,Weaner,BDT073567,BSR015720,AVAQ70723,Bura,qfever,Irrigated,negative
3046,70576,71.6,30,50,28,0,Sheep,Black Head Persian,Male,Weaner,BDT073737,BSR015816,AVAQ70576,Bura,qfever,Irrigated,negative
3046,70648,71.6,30,50,28,0,Sheep,Black Head Persian,Female,Weaner,BDT073659,BSR016594,AVAQ70648,Bura,qfever,Irrigated,negative
3046,70698,71.6,30,50,28,0,Goat,"Galla Goat, Cross",Female,Adult,BDT073565,BSR016612,AVAQ70698,Bura,brucella,Irrigated,negative
3046,70628,71.6,30,50,28,0,Goat,"Galla Goat, Cross",Female,Adult,BDT073746,BSR015712,AVAQ70628,Bura,qfever,Irrigated,positive
3046,70561,71.6,30,50,28,0,Sheep,Black Head Persian,Female,Adult,BDT073748,BSR016616,AVAQ70561,Bura,rvf,Irrigated,negative
3046,70582,71.6,30,50,28,0,Goat,"Galla Goat, Cross",Male,Kid/Lamb/Calf,BDT073750,BSR015709,AVAQ70582,Bura,rvf,Irrigated,negative
3046,70723,71.6,30,50,28,0,Cattle,Orma Boran,Male,Weaner,BDT073567,BSR015720,AVAQ70723,Bura,rvf,Irrigated,negative
3046,70585,71.6,30,50,28,0,Goat,"Galla Goat, Cross",Female,Kid/Lamb/Calf,BDT073739,BSR015705,AVAQ70585,Bura,rvf,Irrigated,negative
3046,70429,71.6,30,50,28,0,Sheep,Black Head Persian,Male,Weaner,BDT073337,BSR016219,AVAQ70429,Bura,qfever,Irrigated,negative
3046,70540,71.6,30,50,28,0,Goat,"Galla Goat, Cross",Female,Kid/Lamb/Calf,BDT073592,BSR016215,AVAQ70540,Bura,qfever,Irrigated,negative
3046,70617,71.6,30,50,28,0,Cattle,Orma Boran,Female,Adult,BDT073576,BSR015713,AVAQ70617,Bura,qfever,Irrigated,negative
3046,70558,71.6,30,50,28,0,Sheep,Black Head Persian,Female,Kid/Lamb/Calf,BDT073681,BSR016210,AVAQ70558,Bura,qfever,Irrigated,negative
3046,70628,71.6,30,50,28,0,Goat,"Galla Goat, Cross",Female,Adult,BDT073746,BSR015712,AVAQ70628,Bura,rvf,Irrigated,negative
3046,70564,71.6,30,50,28,0,Goat,"Galla Goat, Cross",Male,Adult,BDT073670,BSR015721,AVAQ70564,Bura,brucella,Irrigated,negative
3046,70429,71.6,30,50,28,0,Sheep,Black Head Persian,Male,Weaner,BDT073337,BSR016219,AVAQ70429,Bura,brucella,Irrigated,negative
3046,70579,71.6,30,50,28,0,Cattle,Orma Boran,Female,Kid/Lamb/Calf,BDT073606,BSR015700,AVAQ70579,Bura,qfever,Irrigated,negative
3046,70736,71.6,30,50,28,0,Sheep,Black Head Persian,Female,Kid/Lamb/Calf,BDT073577,BSR015777,AVAQ70736,Bura,brucella,Irrigated,negative
3046,70774,71.6,30,50,28,0,Sheep,Black Head Persian,Male,Weaner,BDT073752,BSR016220,AVAQ70774,Bura,rvf,Irrigated,negative
3046,70429,71.6,30,50,28,0,Sheep,Black Head Persian,Male,Weaner,BDT073337,BSR016219,AVAQ70429,Bura,rvf,Irrigated,negative
3046,70698,71.6,30,50,28,0,Goat,"Galla Goat, Cross",Female,Adult,BDT073565,BSR016612,AVAQ70698,Bura,rvf,Irrigated,negative
3046,70555,71.6,30,50,28,0,Sheep,Black Head Persian,Male,Weaner,BDT073665,BSR016589,AVAQ70555,Bura,rvf,Irrigated,positive
3046,70540,71.6,30,50,28,0,Goat,"Galla Goat, Cross",Female,Kid/Lamb/Calf,BDT073592,BSR016215,AVAQ70540,Bura,brucella,Irrigated,negative
3046,70670,71.6,30,50,28,0,Goat,"Galla Goat, Cross",Female,Weaner,BDT072591,BSR015681,AVAQ70670,Bura,brucella,Irrigated,negative
3046,70560,71.6,30,50,28,0,Cattle,Orma Boran,Female,Weaner,BDT073574,BSR015714,AVAQ70560,Bura,brucella,Irrigated,negative
3046,70727,71.6,30,50,28,0,Goat,"Galla Goat, Cross",Female,Adult,BDT072599,BSR015690,AVAQ70727,Bura,qfever,Irrigated,negative
3046,70561,71.6,30,50,28,0,Sheep,Black Head Persian,Female,Adult,BDT073748,BSR016616,AVAQ70561,Bura,brucella,Irrigated,negative
3046,70586,71.6,30,50,28,0,Sheep,Black Head Persian,Female,Adult,BDT073666,BSR016179,AVAQ70586,Bura,qfever,Irrigated,negative
3046,70648,71.6,30,50,28,0,Sheep,Black Head Persian,Female,Weaner,BDT073659,BSR016594,AVAQ70648,Bura,rvf,Irrigated,negative
3046,70560,71.6,30,50,28,0,Cattle,Orma Boran,Female,Weaner,BDT073574,BSR015714,AVAQ70560,Bura,qfever,Irrigated,negative
3046,70739,71.6,30,50,28,0,Cattle,Orma Boran,Male,Adult,BDT073341,BSR015704,AVAQ70739,Bura,brucella,Irrigated,negative
3046,70590,71.6,30,50,28,0,Sheep,Black Head Persian,Male,Weaner,BDT073664,BSR015719,AVAQ70590,Bura,rvf,Irrigated,negative
3046,70576,71.6,30,50,28,0,Sheep,Black Head Persian,Male,Weaner,BDT073737,BSR015816,AVAQ70576,Bura,brucella,Irrigated,negative
3046,70670,71.6,30,50,28,0,Goat,"Galla Goat, Cross",Female,Weaner,BDT072591,BSR015681,AVAQ70670,Bura,qfever,Irrigated,negative
3046,70582,71.6,30,50,28,0,Goat,"Galla Goat, Cross",Male,Kid/Lamb/Calf,BDT073750,BSR015709,AVAQ70582,Bura,brucella,Irrigated,negative
3046,70604,71.6,30,50,28,0,Sheep,Black Head Persian,Female,Adult,BDT073757,BSR015717,AVAQ70604,Bura,rvf,Irrigated,negative
3046,70575,71.6,30,50,28,0,Goat,"Galla Goat, Cross",Male,Adult,BDT073667,BSR015723,AVAQ70575,Bura,brucella,Irrigated,negative
3046,70558,71.6,30,50,28,0,Sheep,Black Head Persian,Female,Kid/Lamb/Calf,BDT073681,BSR016210,AVAQ70558,Bura,brucella,Irrigated,negative
3046,70603,71.6,30,50,28,0,Cattle,Orma Boran,Female,Kid/Lamb/Calf,BDT073564,BSR015724,AVAQ70603,Bura,rvf,Irrigated,negative
3046,70564,71.6,30,50,28,0,Goat,"Galla Goat, Cross",Male,Adult,BDT073670,BSR015721,AVAQ70564,Bura,qfever,Irrigated,negative
3046,70772,71.6,30,50,28,0,Sheep,Black Head Persian,Male,Kid/Lamb/Calf,BDT073683,BSR016221,AVAQ70772,Bura,rvf,Irrigated,negative
3046,70681,71.6,30,50,28,0,Cattle,Orma Boran,Female,Adult,BDT073598,BSR015708,AVAQ70681,Bura,qfever,Irrigated,negative
3046,70726,71.6,30,50,28,0,Cattle,Orma Boran,Female,Weaner,BDT073604,BSR015702,AVAQ70726,Bura,rvf,Irrigated,positive
3046,70696,71.6,30,50,28,0,Sheep,Black Head Persian,Male,Adult,BDT073561,BSR015716,AVAQ70696,Bura,rvf,Irrigated,negative
3046,70564,71.6,30,50,28,0,Goat,"Galla Goat, Cross",Male,Adult,BDT073670,BSR015721,AVAQ70564,Bura,rvf,Irrigated,negative
3046,70772,71.6,30,50,28,0,Sheep,Black Head Persian,Male,Kid/Lamb/Calf,BDT073683,BSR016221,AVAQ70772,Bura,brucella,Irrigated,negative
3046,70774,71.6,30,50,28,0,Sheep,Black Head Persian,Male,Weaner,BDT073752,BSR016220,AVAQ70774,Bura,qfever,Irrigated,negative
3046,70585,71.6,30,50,28,0,Goat,"Galla Goat, Cross",Female,Kid/Lamb/Calf,BDT073739,BSR015705,AVAQ70585,Bura,qfever,Irrigated,negative
3046,70540,71.6,30,50,28,0,Goat,"Galla Goat, Cross",Female,Kid/Lamb/Calf,BDT073592,BSR016215,AVAQ70540,Bura,rvf,Irrigated,negative
3046,70776,71.6,30,50,28,0,Sheep,Black Head Persian,Male,Kid/Lamb/Calf,BDT073593,BSR016207,AVAQ70776,Bura,rvf,Irrigated,negative
3046,70727,71.6,30,50,28,0,Goat,"Galla Goat, Cross",Female,Adult,BDT072599,BSR015690,AVAQ70727,Bura,brucella,Irrigated,negative
3046,70325,71.6,30,50,28,0,Goat,"Galla Goat, Cross",Female,Weaner,BDT072584,BSR015683,AVAQ70325,Bura,brucella,Irrigated,negative
3046,70774,71.6,30,50,28,0,Sheep,Black Head Persian,Male,Weaner,BDT073752,BSR016220,AVAQ70774,Bura,brucella,Irrigated,negative
3046,70744,71.6,30,50,28,0,Goat,"Galla Goat, Cross",Male,Kid/Lamb/Calf,BDT073336,BSR015697,AVAQ70744,Bura,rvf,Irrigated,negative
3046,70723,71.6,30,50,28,0,Cattle,Orma Boran,Male,Weaner,BDT073567,BSR015720,AVAQ70723,Bura,brucella,Irrigated,negative
3046,70542,71.6,30,50,28,0,Sheep,Black Head Persian,Female,Adult,BDT073747,BSR016201,AVAQ70542,Bura,brucella,Irrigated,negative
3046,70603,71.6,30,50,28,0,Cattle,Orma Boran,Female,Kid/Lamb/Calf,BDT073564,BSR015724,AVAQ70603,Bura,qfever,Irrigated,negative
3046,70431,71.6,30,50,28,0,Cattle,Orma Boran,Female,Adult,BDT073573,BSR015710,AVAQ70431,Bura,rvf,Irrigated,negative
3046,70561,71.6,30,50,28,0,Sheep,Black Head Persian,Female,Adult,BDT073748,BSR016616,AVAQ70561,Bura,qfever,Irrigated,negative
3046,70558,71.6,30,50,28,0,Sheep,Black Head Persian,Female,Kid/Lamb/Calf,BDT073681,BSR016210,AVAQ70558,Bura,rvf,Irrigated,negative
3046,70590,71.6,30,50,28,0,Sheep,Black Head Persian,Male,Weaner,BDT073664,BSR015719,AVAQ70590,Bura,qfever,Irrigated,negative
3046,70555,71.6,30,50,28,0,Sheep,Black Head Persian,Male,Weaner,BDT073665,BSR016589,AVAQ70555,Bura,qfever,Irrigated,negative
3046,70727,71.6,30,50,28,0,Goat,"Galla Goat, Cross",Female,Adult,BDT072599,BSR015690,AVAQ70727,Bura,rvf,Irrigated,negative
3046,70626,71.6,30,50,28,0,Goat,"Galla Goat, Cross",Female,Adult,BDT073660,BSR015718,AVAQ70626,Bura,brucella,Irrigated,negative
3047,70262,77.3,50,30,40,0,Goat,"Galla Goat, Cross",Female,Adult,BDT072581,BSR015682,AVAQ70262,Bura,brucella,Irrigated,negative
3047,70422,77.3,50,30,40,0,Goat,"Galla Goat, Cross",Male,Kid/Lamb/Calf,BDT072606,BSR015688,AVAQ70422,Bura,qfever,Irrigated,negative
3047,70274,77.3,50,30,40,0,Goat,"Galla Goat, Cross",Female,Adult,BDT072598,BSR016193,AVAQ70274,Bura,brucella,Irrigated,negative
3047,70422,77.3,50,30,40,0,Goat,"Galla Goat, Cross",Male,Kid/Lamb/Calf,BDT072606,BSR015688,AVAQ70422,Bura,rvf,Irrigated,negative
3047,70721,77.3,50,30,40,0,Sheep,Black Head Persian,Female,Adult,BDT072578,BSR015675,AVAQ70721,Bura,rvf,Irrigated,positive
3047,70639,77.3,50,30,40,0,Sheep,Black Head Persian,Female,Adult,BDT072565,BSR016194,AVAQ70639,Bura,rvf,Irrigated,negative
3047,70701,77.3,50,30,40,0,Goat,"Galla Goat, Cross",Female,Adult,BDT072594,BSR015679,AVAQ70701,Bura,brucella,Irrigated,negative
3047,70773,77.3,50,30,40,0,Goat,"Galla Goat, Cross",Female,Kid/Lamb/Calf,BDT072593,BSR016209,AVAQ70773,Bura,qfever,Irrigated,negative
3047,70419,77.3,50,30,40,0,Sheep,Black Head Persian,Female,Adult,BDT072601,BSR016187,AVAQ70419,Bura,brucella,Irrigated,negative
3047,70795,77.3,50,30,40,0,Goat,"Galla Goat, Cross",Male,Adult,BDT072587,BSR015677,AVAQ70795,Bura,brucella,Irrigated,negative
3047,70735,77.3,50,30,40,0,Goat,"Galla Goat, Cross",Female,Adult,BDT073672,BSR016203,AVAQ70735,Bura,qfever,Irrigated,negative
3047,70815,77.3,50,30,40,0,Sheep,Black Head Persian,Female,Weaner,BDT072582,BSR016214,AVAQ70815,Bura,rvf,Irrigated,negative
3047,70773,77.3,50,30,40,0,Goat,"Galla Goat, Cross",Female,Kid/Lamb/Calf,BDT072593,BSR016209,AVAQ70773,Bura,brucella,Irrigated,negative
3047,70430,77.3,50,30,40,0,Sheep,Black Head Persian,Female,Adult,BDT073588,BSR016192,AVAQ70430,Bura,brucella,Irrigated,negative
3047,70639,77.3,50,30,40,0,Sheep,Black Head Persian,Female,Adult,BDT072565,BSR016194,AVAQ70639,Bura,qfever,Irrigated,negative
3047,70421,77.3,50,30,40,0,Sheep,Black Head Persian,Female,Adult,BDT072603,BSR015685,AVAQ70421,Bura,qfever,Irrigated,positive
3047,70718,77.3,50,30,40,0,Goat,"Galla Goat, Cross",Male,Weaner,BDT072597,BSR015676,AVAQ70718,Bura,brucella,Irrigated,negative
3047,70735,77.3,50,30,40,0,Goat,"Galla Goat, Cross",Female,Adult,BDT073672,BSR016203,AVAQ70735,Bura,rvf,Irrigated,negative
3047,70754,77.3,50,30,40,0,Sheep,Black Head Persian,Female,Adult,BDT072592,BSR016583,AVAQ70754,Bura,brucella,Irrigated,negative
3047,69389,77.3,50,30,40,0,Sheep,Black Head Persian,Male,Kid/Lamb/Calf,BDT072590,BSR015817,AVAQ69389,Bura,qfever,Irrigated,negative
3047,70704,77.3,50,30,40,0,Sheep,Black Head Persian,Female,Adult,BDT072605,BSR015680,AVAQ70704,Bura,rvf,Irrigated,positive
3047,70729,77.3,50,30,40,0,Goat,"Galla Goat, Cross",Female,Adult,BDT072570,BSR015678,AVAQ70729,Bura,brucella,Irrigated,negative
3047,70718,77.3,50,30,40,0,Goat,"Galla Goat, Cross",Male,Weaner,BDT072597,BSR015676,AVAQ70718,Bura,qfever,Irrigated,negative
3047,70426,77.3,50,30,40,0,Sheep,Black Head Persian,Male,Adult,BDT072579,BSR016208,AVAQ70426,Bura,qfever,Irrigated,negative
3047,70748,77.3,50,30,40,0,Sheep,Black Head Persian,Male,Kid/Lamb/Calf,BDT072575,BSR016206,AVAQ70748,Bura,brucella,Irrigated,negative
3047,70421,77.3,50,30,40,0,Sheep,Black Head Persian,Female,Adult,BDT072603,BSR015685,AVAQ70421,Bura,rvf,Irrigated,positive
3047,69389,77.3,50,30,40,0,Sheep,Black Head Persian,Male,Kid/Lamb/Calf,BDT072590,BSR015817,AVAQ69389,Bura,rvf,Irrigated,negative
3047,70815,77.3,50,30,40,0,Sheep,Black Head Persian,Female,Weaner,BDT072582,BSR016214,AVAQ70815,Bura,brucella,Irrigated,negative
3047,70426,77.3,50,30,40,0,Sheep,Black Head Persian,Male,Adult,BDT072579,BSR016208,AVAQ70426,Bura,rvf,Irrigated,negative
3047,70318,77.3,50,30,40,0,Sheep,Black Head Persian,Female,Adult,BDT072604,BSR016218,AVAQ70318,Bura,brucella,Irrigated,negative
3047,70262,77.3,50,30,40,0,Goat,"Galla Goat, Cross",Female,Adult,BDT072581,BSR015682,AVAQ70262,Bura,qfever,Irrigated,negative
3047,70430,77.3,50,30,40,0,Sheep,Black Head Persian,Female,Adult,BDT073588,BSR016192,AVAQ70430,Bura,qfever,Irrigated,negative
3047,70693,77.3,50,30,40,0,Sheep,Black Head Persian,Female,Weaner,BDT072607,BSR015687,AVAQ70693,Bura,brucella,Irrigated,negative
3047,70718,77.3,50,30,40,0,Goat,"Galla Goat, Cross",Male,Weaner,BDT072597,BSR015676,AVAQ70718,Bura,rvf,Irrigated,negative
3047,70728,77.3,50,30,40,0,Sheep,Black Head Persian,Female,Adult,BDT072586,BSR015725,AVAQ70728,Bura,qfever,Irrigated,negative
3047,70419,77.3,50,30,40,0,Sheep,Black Head Persian,Female,Adult,BDT072601,BSR016187,AVAQ70419,Bura,qfever,Irrigated,negative
3047,70721,77.3,50,30,40,0,Sheep,Black Head Persian,Female,Adult,BDT072578,BSR015675,AVAQ70721,Bura,brucella,Irrigated,negative
3047,70735,77.3,50,30,40,0,Goat,"Galla Goat, Cross",Female,Adult,BDT073672,BSR016203,AVAQ70735,Bura,brucella,Irrigated,negative
3047,70701,77.3,50,30,40,0,Goat,"Galla Goat, Cross",Female,Adult,BDT072594,BSR015679,AVAQ70701,Bura,rvf,Irrigated,negative
3047,70274,77.3,50,30,40,0,Goat,"Galla Goat, Cross",Female,Adult,BDT072598,BSR016193,AVAQ70274,Bura,rvf,Irrigated,negative
3047,70419,77.3,50,30,40,0,Sheep,Black Head Persian,Female,Adult,BDT072601,BSR016187,AVAQ70419,Bura,rvf,Irrigated,negative
3047,70693,77.3,50,30,40,0,Sheep,Black Head Persian,Female,Weaner,BDT072607,BSR015687,AVAQ70693,Bura,qfever,Irrigated,negative
3047,70426,77.3,50,30,40,0,Sheep,Black Head Persian,Male,Adult,BDT072579,BSR016208,AVAQ70426,Bura,brucella,Irrigated,negative
3047,70430,77.3,50,30,40,0,Sheep,Black Head Persian,Female,Adult,BDT073588,BSR016192,AVAQ70430,Bura,rvf,Irrigated,negative
3047,70701,77.3,50,30,40,0,Goat,"Galla Goat, Cross",Female,Adult,BDT072594,BSR015679,AVAQ70701,Bura,qfever,Irrigated,negative
3047,70828,77.3,50,30,40,0,Sheep,Black Head Persian,Male,Kid/Lamb/Calf,BDT072588,BSR016190,AVAQ70828,Bura,brucella,Irrigated,negative
3047,70754,77.3,50,30,40,0,Sheep,Black Head Persian,Female,Adult,BDT072592,BSR016583,AVAQ70754,Bura,rvf,Irrigated,positive
3047,70721,77.3,50,30,40,0,Sheep,Black Head Persian,Female,Adult,BDT072578,BSR015675,AVAQ70721,Bura,qfever,Irrigated,negative
3047,70795,77.3,50,30,40,0,Goat,"Galla Goat, Cross",Male,Adult,BDT072587,BSR015677,AVAQ70795,Bura,rvf,Irrigated,negative
3047,70318,77.3,50,30,40,0,Sheep,Black Head Persian,Female,Adult,BDT072604,BSR016218,AVAQ70318,Bura,rvf,Irrigated,positive
3047,70639,77.3,50,30,40,0,Sheep,Black Head Persian,Female,Adult,BDT072565,BSR016194,AVAQ70639,Bura,brucella,Irrigated,negative
3047,70741,77.3,50,30,40,0,Goat,"Galla Goat, Cross",Female,Adult,BDT072571,BSR015684,AVAQ70741,Bura,rvf,Irrigated,negative
3047,70748,77.3,50,30,40,0,Sheep,Black Head Persian,Male,Kid/Lamb/Calf,BDT072575,BSR016206,AVAQ70748,Bura,rvf,Irrigated,negative
3047,70728,77.3,50,30,40,0,Sheep,Black Head Persian,Female,Adult,BDT072586,BSR015725,AVAQ70728,Bura,rvf,Irrigated,negative
3047,70748,77.3,50,30,40,0,Sheep,Black Head Persian,Male,Kid/Lamb/Calf,BDT072575,BSR016206,AVAQ70748,Bura,qfever,Irrigated,positive
3047,70828,77.3,50,30,40,0,Sheep,Black Head Persian,Male,Kid/Lamb/Calf,BDT072588,BSR016190,AVAQ70828,Bura,qfever,Irrigated,negative
3047,70262,77.3,50,30,40,0,Goat,"Galla Goat, Cross",Female,Adult,BDT072581,BSR015682,AVAQ70262,Bura,rvf,Irrigated,negative
3047,70754,77.3,50,30,40,0,Sheep,Black Head Persian,Female,Adult,BDT072592,BSR016583,AVAQ70754,Bura,qfever,Irrigated,negative
3047,69389,77.3,50,30,40,0,Sheep,Black Head Persian,Male,Kid/Lamb/Calf,BDT072590,BSR015817,AVAQ69389,Bura,brucella,Irrigated,negative
3047,70773,77.3,50,30,40,0,Goat,"Galla Goat, Cross",Female,Kid/Lamb/Calf,BDT072593,BSR016209,AVAQ70773,Bura,rvf,Irrigated,negative
3047,70729,77.3,50,30,40,0,Goat,"Galla Goat, Cross",Female,Adult,BDT072570,BSR015678,AVAQ70729,Bura,qfever,Irrigated,negative
3047,70741,77.3,50,30,40,0,Goat,"Galla Goat, Cross",Female,Adult,BDT072571,BSR015684,AVAQ70741,Bura,qfever,Irrigated,negative
3047,70274,77.3,50,30,40,0,Goat,"Galla Goat, Cross",Female,Adult,BDT072598,BSR016193,AVAQ70274,Bura,qfever,Irrigated,negative
3047,70815,77.3,50,30,40,0,Sheep,Black Head Persian,Female,Weaner,BDT072582,BSR016214,AVAQ70815,Bura,qfever,Irrigated,negative
3047,70795,77.3,50,30,40,0,Goat,"Galla Goat, Cross",Male,Adult,BDT072587,BSR015677,AVAQ70795,Bura,qfever,Irrigated,negative
3047,70729,77.3,50,30,40,0,Goat,"Galla Goat, Cross",Female,Adult,BDT072570,BSR015678,AVAQ70729,Bura,rvf,Irrigated,negative
3047,70422,77.3,50,30,40,0,Goat,"Galla Goat, Cross",Male,Kid/Lamb/Calf,BDT072606,BSR015688,AVAQ70422,Bura,brucella,Irrigated,negative
3047,70741,77.3,50,30,40,0,Goat,"Galla Goat, Cross",Female,Adult,BDT072571,BSR015684,AVAQ70741,Bura,brucella,Irrigated,negative
3047,70728,77.3,50,30,40,0,Sheep,Black Head Persian,Female,Adult,BDT072586,BSR015725,AVAQ70728,Bura,brucella,Irrigated,negative
3047,70828,77.3,50,30,40,0,Sheep,Black Head Persian,Male,Kid/Lamb/Calf,BDT072588,BSR016190,AVAQ70828,Bura,rvf,Irrigated,negative
3047,70704,77.3,50,30,40,0,Sheep,Black Head Persian,Female,Adult,BDT072605,BSR015680,AVAQ70704,Bura,brucella,Irrigated,negative
3047,70421,77.3,50,30,40,0,Sheep,Black Head Persian,Female,Adult,BDT072603,BSR015685,AVAQ70421,Bura,brucella,Irrigated,negative
3047,70693,77.3,50,30,40,0,Sheep,Black Head Persian,Female,Weaner,BDT072607,BSR015687,AVAQ70693,Bura,rvf,Irrigated,negative
3047,70704,77.3,50,30,40,0,Sheep,Black Head Persian,Female,Adult,BDT072605,BSR015680,AVAQ70704,Bura,qfever,Irrigated,negative
3048,70751,71,4,16,0,0,Sheep,Black Head Persian,Male,Adult,BDT072562,BSR016199,AVAQ70751,Bura,brucella,Irrigated,negative
3048,70747,71,4,16,0,0,Goat,"Galla Goat, Cross",Female,Weaner,BDT072580,BSR016200,AVAQ70747,Bura,brucella,Irrigated,negative
3048,70851,71,4,16,0,0,Sheep,Black Head Persian,Female,Kid/Lamb/Calf,BDT072573,BSR016217,AVAQ70851,Bura,qfever,Irrigated,negative
3048,70831,71,4,16,0,0,Goat,"Galla Goat, Cross",Female,Weaner,BDT073678,BSR016204,AVAQ70831,Bura,rvf,Irrigated,negative
3048,70707,71,4,16,0,0,Sheep,Black Head Persian,Female,Adult,BDT072567,BSR016182,AVAQ70707,Bura,brucella,Irrigated,negative
3048,70253,71,4,16,0,0,Goat,"Galla Goat, Cross",Female,Adult,BDT072563,BSR015695,AVAQ70253,Bura,qfever,Irrigated,negative
3048,70702,71,4,16,0,0,Goat,"Galla Goat, Cross",Female,Adult,BDT072566,BSR015776,AVAQ70702,Bura,brucella,Irrigated,negative
3048,70831,71,4,16,0,0,Goat,"Galla Goat, Cross",Female,Weaner,BDT073678,BSR016204,AVAQ70831,Bura,qfever,Irrigated,negative
3048,70707,71,4,16,0,0,Sheep,Black Head Persian,Female,Adult,BDT072567,BSR016182,AVAQ70707,Bura,qfever,Irrigated,negative
3048,70747,71,4,16,0,0,Goat,"Galla Goat, Cross",Female,Weaner,BDT072580,BSR016200,AVAQ70747,Bura,qfever,Irrigated,negative
3048,70751,71,4,16,0,0,Sheep,Black Head Persian,Male,Adult,BDT072562,BSR016199,AVAQ70751,Bura,qfever,Irrigated,negative
3048,70338,71,4,16,0,0,Sheep,Black Head Persian,Female,Adult,BDT072576,BSR016224,AVAQ70338,Bura,qfever,Irrigated,negative
3048,70842,71,4,16,0,0,Sheep,Black Head Persian,Male,Weaner,BDT072577,BSR016181,AVAQ70842,Bura,rvf,Irrigated,negative
3048,70253,71,4,16,0,0,Goat,"Galla Goat, Cross",Female,Adult,BDT072563,BSR015695,AVAQ70253,Bura,rvf,Irrigated,negative
3048,70338,71,4,16,0,0,Sheep,Black Head Persian,Female,Adult,BDT072576,BSR016224,AVAQ70338,Bura,brucella,Irrigated,negative
3048,70851,71,4,16,0,0,Sheep,Black Head Persian,Female,Kid/Lamb/Calf,BDT072573,BSR016217,AVAQ70851,Bura,rvf,Irrigated,negative
3048,70338,71,4,16,0,0,Sheep,Black Head Persian,Female,Adult,BDT072576,BSR016224,AVAQ70338,Bura,rvf,Irrigated,negative
3048,70747,71,4,16,0,0,Goat,"Galla Goat, Cross",Female,Weaner,BDT072580,BSR016200,AVAQ70747,Bura,rvf,Irrigated,negative
3048,70289,71,4,16,0,0,Sheep,Black Head Persian,Female,Adult,BDT072608,BSR016198,AVAQ70289,Bura,brucella,Irrigated,negative
3048,70289,71,4,16,0,0,Sheep,Black Head Persian,Female,Adult,BDT072608,BSR016198,AVAQ70289,Bura,rvf,Irrigated,negative
3048,70842,71,4,16,0,0,Sheep,Black Head Persian,Male,Weaner,BDT072577,BSR016181,AVAQ70842,Bura,brucella,Irrigated,negative
3048,70831,71,4,16,0,0,Goat,"Galla Goat, Cross",Female,Weaner,BDT073678,BSR016204,AVAQ70831,Bura,brucella,Irrigated,negative
3048,70751,71,4,16,0,0,Sheep,Black Head Persian,Male,Adult,BDT072562,BSR016199,AVAQ70751,Bura,rvf,Irrigated,negative
3048,70707,71,4,16,0,0,Sheep,Black Head Persian,Female,Adult,BDT072567,BSR016182,AVAQ70707,Bura,rvf,Irrigated,negative
3048,70702,71,4,16,0,0,Goat,"Galla Goat, Cross",Female,Adult,BDT072566,BSR015776,AVAQ70702,Bura,rvf,Irrigated,negative
3048,70716,71,4,16,0,0,Goat,"Galla Goat, Cross",Female,Adult,BDT072568,BSR015698,AVAQ70716,Bura,brucella,Irrigated,negative
3048,70702,71,4,16,0,0,Goat,"Galla Goat, Cross",Female,Adult,BDT072566,BSR015776,AVAQ70702,Bura,qfever,Irrigated,negative
3048,70716,71,4,16,0,0,Goat,"Galla Goat, Cross",Female,Adult,BDT072568,BSR015698,AVAQ70716,Bura,rvf,Irrigated,negative
3048,70716,71,4,16,0,0,Goat,"Galla Goat, Cross",Female,Adult,BDT072568,BSR015698,AVAQ70716,Bura,qfever,Irrigated,negative
3048,70289,71,4,16,0,0,Sheep,Black Head Persian,Female,Adult,BDT072608,BSR016198,AVAQ70289,Bura,qfever,Irrigated,negative
3048,70842,71,4,16,0,0,Sheep,Black Head Persian,Male,Weaner,BDT072577,BSR016181,AVAQ70842,Bura,qfever,Irrigated,negative
3048,70253,71,4,16,0,0,Goat,"Galla Goat, Cross",Female,Adult,BDT072563,BSR015695,AVAQ70253,Bura,brucella,Irrigated,negative
3048,70851,71,4,16,0,0,Sheep,Black Head Persian,Female,Kid/Lamb/Calf,BDT072573,BSR016217,AVAQ70851,Bura,brucella,Irrigated,negative
3049,70434,76.9,8,5,0,0,Sheep,Black Head Persian,Female,Adult,BDT072574,BSR016188,AVAQ70434,Bura,qfever,Irrigated,negative
3049,70746,76.9,8,5,0,0,Goat,"Galla Goat, Cross",Male,Kid/Lamb/Calf,BDT073675,BSR016223,AVAQ70746,Bura,qfever,Irrigated,negative
3049,70796,76.9,8,5,0,0,Goat,"Galla Goat, Cross",Female,Adult,BDT072569,BSR015775,AVAQ70796,Bura,brucella,Irrigated,negative
3049,70841,76.9,8,5,0,0,Goat,"Galla Goat, Cross",Female,Adult,BDT072602,BSR016189,AVAQ70841,Bura,qfever,Irrigated,negative
3049,70737,76.9,8,5,0,0,Sheep,Black Head Persian,Female,Adult,BDT072600,BSR016205,AVAQ70737,Bura,qfever,Irrigated,negative
3049,70434,76.9,8,5,0,0,Sheep,Black Head Persian,Female,Adult,BDT072574,BSR016188,AVAQ70434,Bura,rvf,Irrigated,negative
3049,70853,76.9,8,5,0,0,Goat,"Galla Goat, Cross",Female,Weaner,BDT072561,BSR016186,AVAQ70853,Bura,brucella,Irrigated,negative
3049,70697,76.9,8,5,0,0,Sheep,Black Head Persian,Female,Adult,BDT073669,BSR016184,AVAQ70697,Bura,qfever,Irrigated,negative
3049,70796,76.9,8,5,0,0,Goat,"Galla Goat, Cross",Female,Adult,BDT072569,BSR015775,AVAQ70796,Bura,qfever,Irrigated,negative
3049,70730,76.9,8,5,0,0,Goat,"Galla Goat, Cross",Female,Kid/Lamb/Calf,BDT073673,BSR016180,AVAQ70730,Bura,rvf,Irrigated,negative
3049,70291,76.9,8,5,0,0,Sheep,Black Head Persian,Female,Adult,BDT072595,BSR016213,AVAQ70291,Bura,rvf,Irrigated,negative
3049,70853,76.9,8,5,0,0,Goat,"Galla Goat, Cross",Female,Weaner,BDT072561,BSR016186,AVAQ70853,Bura,rvf,Irrigated,negative
3049,70853,76.9,8,5,0,0,Goat,"Galla Goat, Cross",Female,Weaner,BDT072561,BSR016186,AVAQ70853,Bura,qfever,Irrigated,negative
3049,70697,76.9,8,5,0,0,Sheep,Black Head Persian,Female,Adult,BDT073669,BSR016184,AVAQ70697,Bura,rvf,Irrigated,negative
3049,70737,76.9,8,5,0,0,Sheep,Black Head Persian,Female,Adult,BDT072600,BSR016205,AVAQ70737,Bura,rvf,Irrigated,negative
3049,70291,76.9,8,5,0,0,Sheep,Black Head Persian,Female,Adult,BDT072595,BSR016213,AVAQ70291,Bura,brucella,Irrigated,negative
3049,70730,76.9,8,5,0,0,Goat,"Galla Goat, Cross",Female,Kid/Lamb/Calf,BDT073673,BSR016180,AVAQ70730,Bura,brucella,Irrigated,negative
3049,70841,76.9,8,5,0,0,Goat,"Galla Goat, Cross",Female,Adult,BDT072602,BSR016189,AVAQ70841,Bura,brucella,Irrigated,negative
3049,70737,76.9,8,5,0,0,Sheep,Black Head Persian,Female,Adult,BDT072600,BSR016205,AVAQ70737,Bura,brucella,Irrigated,negative
3049,70434,76.9,8,5,0,0,Sheep,Black Head Persian,Female,Adult,BDT072574,BSR016188,AVAQ70434,Bura,brucella,Irrigated,negative
3049,70746,76.9,8,5,0,0,Goat,"Galla Goat, Cross",Male,Kid/Lamb/Calf,BDT073675,BSR016223,AVAQ70746,Bura,brucella,Irrigated,negative
3049,70730,76.9,8,5,0,0,Goat,"Galla Goat, Cross",Female,Kid/Lamb/Calf,BDT073673,BSR016180,AVAQ70730,Bura,qfever,Irrigated,negative
3049,70841,76.9,8,5,0,0,Goat,"Galla Goat, Cross",Female,Adult,BDT072602,BSR016189,AVAQ70841,Bura,rvf,Irrigated,negative
3049,70291,76.9,8,5,0,0,Sheep,Black Head Persian,Female,Adult,BDT072595,BSR016213,AVAQ70291,Bura,qfever,Irrigated,negative
3049,70746,76.9,8,5,0,0,Goat,"Galla Goat, Cross",Male,Kid/Lamb/Calf,BDT073675,BSR016223,AVAQ70746,Bura,rvf,Irrigated,negative
3049,70796,76.9,8,5,0,0,Goat,"Galla Goat, Cross",Female,Adult,BDT072569,BSR015775,AVAQ70796,Bura,rvf,Irrigated,positive
3049,70697,76.9,8,5,0,0,Sheep,Black Head Persian,Female,Adult,BDT073669,BSR016184,AVAQ70697,Bura,brucella,Irrigated,negative
3050,70700,60,18,22,0,0,Goat,"Galla Goat, Cross",Female,Adult,BDT073662,BSR016002,AVAQ70700,Bura,rvf,Irrigated,negative
3050,70750,60,18,22,0,0,Sheep,Black Head Persian,Female,Adult,BDT073756,BSR016001,AVAQ70750,Bura,brucella,Irrigated,negative
3050,70766,60,18,22,0,0,Sheep,Black Head Persian,Female,Kid/Lamb/Calf,BDT073566,BSR016019,AVAQ70766,Bura,rvf,Irrigated,negative
3050,70734,60,18,22,0,0,Goat,"Galla Goat, Cross",Female,Adult,BDT073682,BSR016000,AVAQ70734,Bura,rvf,Irrigated,negative
3050,70706,60,18,22,0,0,Sheep,Black Head Persian,Male,Kid/Lamb/Calf,BDT072596,BSR016005,AVAQ70706,Bura,qfever,Irrigated,negative
3050,70425,60,18,22,0,0,Sheep,Black Head Persian,Male,Weaner,BDT072559,BSR015988,AVAQ70425,Bura,brucella,Irrigated,negative
3050,70602,60,18,22,0,0,Sheep,Black Head Persian,Male,Adult,BDT073674,BSR015977,AVAQ70602,Bura,brucella,Irrigated,negative
3050,70413,60,18,22,0,0,Goat,"Galla Goat, Cross",Female,Adult,BDT073736,BSR015996,AVAQ70413,Bura,brucella,Irrigated,negative
3050,70602,60,18,22,0,0,Sheep,Black Head Persian,Male,Adult,BDT073674,BSR015977,AVAQ70602,Bura,qfever,Irrigated,negative
3050,70740,60,18,22,0,0,Goat,"Galla Goat, Cross",Female,Adult,BDT073668,BSR016175,AVAQ70740,Bura,qfever,Irrigated,negative
3050,70766,60,18,22,0,0,Sheep,Black Head Persian,Female,Kid/Lamb/Calf,BDT073566,BSR016019,AVAQ70766,Bura,brucella,Irrigated,negative
3050,70722,60,18,22,0,0,Sheep,Black Head Persian,Female,Adult,BDT073743,BSR015997,AVAQ70722,Bura,brucella,Irrigated,negative
3050,70706,60,18,22,0,0,Sheep,Black Head Persian,Male,Kid/Lamb/Calf,BDT072596,BSR016005,AVAQ70706,Bura,rvf,Irrigated,negative
3050,70734,60,18,22,0,0,Goat,"Galla Goat, Cross",Female,Adult,BDT073682,BSR016000,AVAQ70734,Bura,brucella,Irrigated,negative
3050,70766,60,18,22,0,0,Sheep,Black Head Persian,Female,Kid/Lamb/Calf,BDT073566,BSR016019,AVAQ70766,Bura,qfever,Irrigated,positive
3050,70700,60,18,22,0,0,Goat,"Galla Goat, Cross",Female,Adult,BDT073662,BSR016002,AVAQ70700,Bura,qfever,Irrigated,negative
3050,70425,60,18,22,0,0,Sheep,Black Head Persian,Male,Weaner,BDT072559,BSR015988,AVAQ70425,Bura,qfever,Irrigated,negative
3050,70734,60,18,22,0,0,Goat,"Galla Goat, Cross",Female,Adult,BDT073682,BSR016000,AVAQ70734,Bura,qfever,Irrigated,negative
3050,70722,60,18,22,0,0,Sheep,Black Head Persian,Female,Adult,BDT073743,BSR015997,AVAQ70722,Bura,rvf,Irrigated,positive
3050,70602,60,18,22,0,0,Sheep,Black Head Persian,Male,Adult,BDT073674,BSR015977,AVAQ70602,Bura,rvf,Irrigated,negative
3050,70722,60,18,22,0,0,Sheep,Black Head Persian,Female,Adult,BDT073743,BSR015997,AVAQ70722,Bura,qfever,Irrigated,negative
3050,70700,60,18,22,0,0,Goat,"Galla Goat, Cross",Female,Adult,BDT073662,BSR016002,AVAQ70700,Bura,brucella,Irrigated,negative
3050,70413,60,18,22,0,0,Goat,"Galla Goat, Cross",Female,Adult,BDT073736,BSR015996,AVAQ70413,Bura,qfever,Irrigated,negative
3050,70425,60,18,22,0,0,Sheep,Black Head Persian,Male,Weaner,BDT072559,BSR015988,AVAQ70425,Bura,rvf,Irrigated,negative
3050,70413,60,18,22,0,0,Goat,"Galla Goat, Cross",Female,Adult,BDT073736,BSR015996,AVAQ70413,Bura,rvf,Irrigated,negative
3050,70740,60,18,22,0,0,Goat,"Galla Goat, Cross",Female,Adult,BDT073668,BSR016175,AVAQ70740,Bura,rvf,Irrigated,negative
3050,70740,60,18,22,0,0,Goat,"Galla Goat, Cross",Female,Adult,BDT073668,BSR016175,AVAQ70740,Bura,brucella,Irrigated,negative
3050,70706,60,18,22,0,0,Sheep,Black Head Persian,Male,Kid/Lamb/Calf,BDT072596,BSR016005,AVAQ70706,Bura,brucella,Irrigated,negative
3050,70750,60,18,22,0,0,Sheep,Black Head Persian,Female,Adult,BDT073756,BSR016001,AVAQ70750,Bura,rvf,Irrigated,positive
3050,70750,60,18,22,0,0,Sheep,Black Head Persian,Female,Adult,BDT073756,BSR016001,AVAQ70750,Bura,qfever,Irrigated,negative
3051,66011,77.9,25,50,26,0,Cattle,Orma Boran,Female,Adult,BDT073735,BSR016009,AVAQ66011,Bura,qfever,Irrigated,negative
3051,66044,77.9,25,50,26,0,Cattle,Orma Boran,Female,Adult,BDT073758,BSR016003,AVAQ66044,Bura,rvf,Irrigated,positive
3051,65418,77.9,25,50,26,0,Sheep,Black Head Persian,Female,Adult,BDT073741,BSR015979,AVAQ65418,Bura,brucella,Irrigated,negative
3051,65383,77.9,25,50,26,0,Cattle,Orma Boran,Female,Adult,BDT073033,BSR015990,AVAQ65383,Bura,brucella,Irrigated,negative
3051,65996,77.9,25,50,26,0,Sheep,Black Head Persian,Female,Adult,BDT073677,BSR016004,AVAQ65996,Bura,rvf,Irrigated,negative
3051,66018,77.9,25,50,26,0,Cattle,Orma Boran,Male,Weaner,BDT073051,BSR016008,AVAQ66018,Bura,rvf,Irrigated,positive
3051,66024,77.9,25,50,26,0,Cattle,Orma Boran,Female,Weaner,BDT073010,BSR015995,AVAQ66024,Bura,qfever,Irrigated,negative
3051,65297,77.9,25,50,26,0,Cattle,Orma Boran,Female,Adult,BDT073055,BSR015994,AVAQ65297,Bura,qfever,Irrigated,negative
3051,66048,77.9,25,50,26,0,Sheep,Black Head Persian,Male,Adult,BDT073744,BSR015975,AVAQ66048,Bura,qfever,Irrigated,negative
3051,65356,77.9,25,50,26,0,Goat,"Galla Goat, Cross",Male,Weaner,BDT073017,BSR015984,AVAQ65356,Bura,brucella,Irrigated,negative
3051,65397,77.9,25,50,26,0,Cattle,Orma Boran,Female,Adult,BDT073028,BSR016014,AVAQ65397,Bura,qfever,Irrigated,negative
3051,65308,77.9,25,50,26,0,Goat,"Galla Goat, Cross",Female,Adult,BDT073018,BSR015985,AVAQ65308,Bura,rvf,Irrigated,positive
3051,66046,77.9,25,50,26,0,Sheep,Black Head Persian,Female,Kid/Lamb/Calf,BDT073011,BSR016641,AVAQ66046,Bura,qfever,Irrigated,negative
3051,66046,77.9,25,50,26,0,Sheep,Black Head Persian,Female,Kid/Lamb/Calf,BDT073011,BSR016641,AVAQ66046,Bura,brucella,Irrigated,negative
3051,65998,77.9,25,50,26,0,Cattle,Orma Boran,Male,Weaner,BDT073013,BSR016011,AVAQ65998,Bura,qfever,Irrigated,negative
3051,65398,77.9,25,50,26,0,Cattle,Orma Boran,Male,Adult,BDT073029,BSR015980,AVAQ65398,Bura,rvf,Irrigated,positive
3051,65934,77.9,25,50,26,0,Goat,"Galla Goat, Cross",Female,Kid/Lamb/Calf,BDT073031,BSR015993,AVAQ65934,Bura,rvf,Irrigated,negative
3051,65336,77.9,25,50,26,0,Cattle,Orma Boran,Female,Kid/Lamb/Calf,BDT073034,BSR016010,AVAQ65336,Bura,qfever,Irrigated,negative
3051,66074,77.9,25,50,26,0,Goat,"Galla Goat, Cross",Male,Kid/Lamb/Calf,BDT073740,BSR015998,AVAQ66074,Bura,brucella,Irrigated,negative
3051,65973,77.9,25,50,26,0,Cattle,Orma Boran,Female,Kid/Lamb/Calf,BDT073676,BSR015692,AVAQ65973,Bura,qfever,Irrigated,negative
3051,66081,77.9,25,50,26,0,Cattle,Orma Boran,Female,Kid/Lamb/Calf,BDT073734,BSR015999,AVAQ66081,Bura,qfever,Irrigated,negative
3051,65422,77.9,25,50,26,0,Goat,"Galla Goat, Cross",Male,Weaner,BDT073014,BSR015986,AVAQ65422,Bura,rvf,Irrigated,negative
3051,65997,77.9,25,50,26,0,Sheep,Black Head Persian,Female,Weaner,BDT073730,BSR015693,AVAQ65997,Bura,qfever,Irrigated,negative
3051,66106,77.9,25,50,26,0,Cattle,Orma Boran,Female,Adult,BDT073754,BSR016017,AVAQ66106,Bura,brucella,Irrigated,negative
3051,65424,77.9,25,50,26,0,Cattle,Orma Boran,Female,Adult,BDT073035,BSR015987,AVAQ65424,Bura,brucella,Irrigated,negative
3051,65366,77.9,25,50,26,0,Cattle,Orma Boran,Female,Adult,BDT073607,BSR016191,AVAQ65366,Bura,rvf,Irrigated,negative
3051,66106,77.9,25,50,26,0,Cattle,Orma Boran,Female,Adult,BDT073754,BSR016017,AVAQ66106,Bura,qfever,Irrigated,positive
3051,65398,77.9,25,50,26,0,Cattle,Orma Boran,Male,Adult,BDT073029,BSR015980,AVAQ65398,Bura,brucella,Irrigated,negative
3051,65291,77.9,25,50,26,0,Cattle,Orma Boran,Female,Kid/Lamb/Calf,BDT073025,BSR016012,AVAQ65291,Bura,qfever,Irrigated,negative
3051,66048,77.9,25,50,26,0,Sheep,Black Head Persian,Male,Adult,BDT073744,BSR015975,AVAQ66048,Bura,rvf,Irrigated,negative
3051,66074,77.9,25,50,26,0,Goat,"Galla Goat, Cross",Male,Kid/Lamb/Calf,BDT073740,BSR015998,AVAQ66074,Bura,qfever,Irrigated,negative
3051,65418,77.9,25,50,26,0,Sheep,Black Head Persian,Female,Adult,BDT073741,BSR015979,AVAQ65418,Bura,qfever,Irrigated,negative
3051,65388,77.9,25,50,26,0,Cattle,Orma Boran,Male,Kid/Lamb/Calf,BDT073063,BSR015982,AVAQ65388,Bura,qfever,Irrigated,negative
3051,65356,77.9,25,50,26,0,Goat,"Galla Goat, Cross",Male,Weaner,BDT073017,BSR015984,AVAQ65356,Bura,qfever,Irrigated,negative
3051,65346,77.9,25,50,26,0,Sheep,Black Head Persian,Male,Adult,BDT073043,BSR016643,AVAQ65346,Bura,brucella,Irrigated,negative
3051,65346,77.9,25,50,26,0,Sheep,Black Head Persian,Male,Adult,BDT073043,BSR016643,AVAQ65346,Bura,rvf,Irrigated,negative
3051,65366,77.9,25,50,26,0,Cattle,Orma Boran,Female,Adult,BDT073607,BSR016191,AVAQ65366,Bura,qfever,Irrigated,negative
3051,66034,77.9,25,50,26,0,Goat,"Galla Goat, Cross",Female,Adult,BDT073052,BSR015992,AVAQ66034,Bura,brucella,Irrigated,negative
3051,66011,77.9,25,50,26,0,Cattle,Orma Boran,Female,Adult,BDT073735,BSR016009,AVAQ66011,Bura,rvf,Irrigated,negative
3051,65291,77.9,25,50,26,0,Cattle,Orma Boran,Female,Kid/Lamb/Calf,BDT073025,BSR016012,AVAQ65291,Bura,brucella,Irrigated,negative
3051,66013,77.9,25,50,26,0,Sheep,Black Head Persian,Female,Adult,BDT073032,BSR015981,AVAQ66013,Bura,rvf,Irrigated,positive
3051,65978,77.9,25,50,26,0,Sheep,Black Head Persian,Female,Adult,BDT073047,BSR015983,AVAQ65978,Bura,brucella,Irrigated,negative
3051,65423,77.9,25,50,26,0,Goat,"Galla Goat, Cross",Female,Adult,BDT073030,BSR015976,AVAQ65423,Bura,rvf,Irrigated,positive
3051,65356,77.9,25,50,26,0,Goat,"Galla Goat, Cross",Male,Weaner,BDT073017,BSR015984,AVAQ65356,Bura,rvf,Irrigated,negative
3051,65397,77.9,25,50,26,0,Cattle,Orma Boran,Female,Adult,BDT073028,BSR016014,AVAQ65397,Bura,rvf,Irrigated,negative
3051,66013,77.9,25,50,26,0,Sheep,Black Head Persian,Female,Adult,BDT073032,BSR015981,AVAQ66013,Bura,qfever,Irrigated,negative
3051,65341,77.9,25,50,26,0,Goat,"Galla Goat, Cross",Female,Adult,BDT073745,BSR016023,AVAQ65341,Bura,rvf,Irrigated,negative
3051,65383,77.9,25,50,26,0,Cattle,Orma Boran,Female,Adult,BDT073033,BSR015990,AVAQ65383,Bura,rvf,Irrigated,negative
3051,65948,77.9,25,50,26,0,Goat,"Galla Goat, Cross",Female,Adult,BDT073753,BSR016020,AVAQ65948,Bura,brucella,Irrigated,negative
3051,66046,77.9,25,50,26,0,Sheep,Black Head Persian,Female,Kid/Lamb/Calf,BDT073011,BSR016641,AVAQ66046,Bura,rvf,Irrigated,negative
3051,66039,77.9,25,50,26,0,Cattle,Orma Boran,Female,Adult,BDT073738,BSR016016,AVAQ66039,Bura,qfever,Irrigated,negative
3051,65292,77.9,25,50,26,0,Sheep,Black Head Persian,Male,Weaner,BDT073049,BSR016642,AVAQ65292,Bura,qfever,Irrigated,negative
3051,66039,77.9,25,50,26,0,Cattle,Orma Boran,Female,Adult,BDT073738,BSR016016,AVAQ66039,Bura,brucella,Irrigated,negative
3051,65996,77.9,25,50,26,0,Sheep,Black Head Persian,Female,Adult,BDT073677,BSR016004,AVAQ65996,Bura,qfever,Irrigated,negative
3051,66018,77.9,25,50,26,0,Cattle,Orma Boran,Male,Weaner,BDT073051,BSR016008,AVAQ66018,Bura,qfever,Irrigated,negative
3051,65383,77.9,25,50,26,0,Cattle,Orma Boran,Female,Adult,BDT073033,BSR015990,AVAQ65383,Bura,qfever,Irrigated,negative
3051,66014,77.9,25,50,26,0,Cattle,Orma Boran,Female,Adult,BDT073054,BSR016013,AVAQ66014,Bura,brucella,Irrigated,negative
3051,66044,77.9,25,50,26,0,Cattle,Orma Boran,Female,Adult,BDT073758,BSR016003,AVAQ66044,Bura,brucella,Irrigated,negative
3051,65336,77.9,25,50,26,0,Cattle,Orma Boran,Female,Kid/Lamb/Calf,BDT073034,BSR016010,AVAQ65336,Bura,brucella,Irrigated,negative
3051,65997,77.9,25,50,26,0,Sheep,Black Head Persian,Female,Weaner,BDT073730,BSR015693,AVAQ65997,Bura,rvf,Irrigated,negative
3051,66081,77.9,25,50,26,0,Cattle,Orma Boran,Female,Kid/Lamb/Calf,BDT073734,BSR015999,AVAQ66081,Bura,brucella,Irrigated,negative
3051,65366,77.9,25,50,26,0,Cattle,Orma Boran,Female,Adult,BDT073607,BSR016191,AVAQ65366,Bura,brucella,Irrigated,negative
3051,65998,77.9,25,50,26,0,Cattle,Orma Boran,Male,Weaner,BDT073013,BSR016011,AVAQ65998,Bura,brucella,Irrigated,negative
3051,65388,77.9,25,50,26,0,Cattle,Orma Boran,Male,Kid/Lamb/Calf,BDT073063,BSR015982,AVAQ65388,Bura,rvf,Irrigated,negative
3051,66014,77.9,25,50,26,0,Cattle,Orma Boran,Female,Adult,BDT073054,BSR016013,AVAQ66014,Bura,rvf,Irrigated,negative
3051,66024,77.9,25,50,26,0,Cattle,Orma Boran,Female,Weaner,BDT073010,BSR015995,AVAQ66024,Bura,brucella,Irrigated,negative
3051,65390,77.9,25,50,26,0,Cattle,Orma Boran,Female,Adult,BDT073729,BSR016183,AVAQ65390,Bura,brucella,Irrigated,positive
3051,65997,77.9,25,50,26,0,Sheep,Black Head Persian,Female,Weaner,BDT073730,BSR015693,AVAQ65997,Bura,brucella,Irrigated,negative
3051,65297,77.9,25,50,26,0,Cattle,Orma Boran,Female,Adult,BDT073055,BSR015994,AVAQ65297,Bura,rvf,Irrigated,negative
3051,65390,77.9,25,50,26,0,Cattle,Orma Boran,Female,Adult,BDT073729,BSR016183,AVAQ65390,Bura,qfever,Irrigated,negative
3051,66013,77.9,25,50,26,0,Sheep,Black Head Persian,Female,Adult,BDT073032,BSR015981,AVAQ66013,Bura,brucella,Irrigated,negative
3051,65934,77.9,25,50,26,0,Goat,"Galla Goat, Cross",Female,Kid/Lamb/Calf,BDT073031,BSR015993,AVAQ65934,Bura,qfever,Irrigated,negative
3051,65292,77.9,25,50,26,0,Sheep,Black Head Persian,Male,Weaner,BDT073049,BSR016642,AVAQ65292,Bura,rvf,Irrigated,negative
3051,65341,77.9,25,50,26,0,Goat,"Galla Goat, Cross",Female,Adult,BDT073745,BSR016023,AVAQ65341,Bura,qfever,Irrigated,negative
3051,65948,77.9,25,50,26,0,Goat,"Galla Goat, Cross",Female,Adult,BDT073753,BSR016020,AVAQ65948,Bura,qfever,Irrigated,negative
3051,65297,77.9,25,50,26,0,Cattle,Orma Boran,Female,Adult,BDT073055,BSR015994,AVAQ65297,Bura,brucella,Irrigated,negative
3051,65341,77.9,25,50,26,0,Goat,"Galla Goat, Cross",Female,Adult,BDT073745,BSR016023,AVAQ65341,Bura,brucella,Irrigated,negative
3051,65397,77.9,25,50,26,0,Cattle,Orma Boran,Female,Adult,BDT073028,BSR016014,AVAQ65397,Bura,brucella,Irrigated,negative
3051,66039,77.9,25,50,26,0,Cattle,Orma Boran,Female,Adult,BDT073738,BSR016016,AVAQ66039,Bura,rvf,Irrigated,positive
3051,65423,77.9,25,50,26,0,Goat,"Galla Goat, Cross",Female,Adult,BDT073030,BSR015976,AVAQ65423,Bura,qfever,Irrigated,negative
3051,65942,77.9,25,50,26,0,Sheep,Black Head Persian,Female,Weaner,BDT073749,BSR015978,AVAQ65942,Bura,brucella,Irrigated,negative
3051,65973,77.9,25,50,26,0,Cattle,Orma Boran,Female,Kid/Lamb/Calf,BDT073676,BSR015692,AVAQ65973,Bura,rvf,Irrigated,negative
3051,65942,77.9,25,50,26,0,Sheep,Black Head Persian,Female,Weaner,BDT073749,BSR015978,AVAQ65942,Bura,qfever,Irrigated,negative
3051,66034,77.9,25,50,26,0,Goat,"Galla Goat, Cross",Female,Adult,BDT073052,BSR015992,AVAQ66034,Bura,qfever,Irrigated,negative
3051,66044,77.9,25,50,26,0,Cattle,Orma Boran,Female,Adult,BDT073758,BSR016003,AVAQ66044,Bura,qfever,Irrigated,positive
3051,65308,77.9,25,50,26,0,Goat,"Galla Goat, Cross",Female,Adult,BDT073018,BSR015985,AVAQ65308,Bura,brucella,Irrigated,negative
3051,65423,77.9,25,50,26,0,Goat,"Galla Goat, Cross",Female,Adult,BDT073030,BSR015976,AVAQ65423,Bura,brucella,Irrigated,negative
3051,65422,77.9,25,50,26,0,Goat,"Galla Goat, Cross",Male,Weaner,BDT073014,BSR015986,AVAQ65422,Bura,qfever,Irrigated,negative
3051,65336,77.9,25,50,26,0,Cattle,Orma Boran,Female,Kid/Lamb/Calf,BDT073034,BSR016010,AVAQ65336,Bura,rvf,Irrigated,negative
3051,65978,77.9,25,50,26,0,Sheep,Black Head Persian,Female,Adult,BDT073047,BSR015983,AVAQ65978,Bura,rvf,Irrigated,negative
3051,65308,77.9,25,50,26,0,Goat,"Galla Goat, Cross",Female,Adult,BDT073018,BSR015985,AVAQ65308,Bura,qfever,Irrigated,positive
3051,65346,77.9,25,50,26,0,Sheep,Black Head Persian,Male,Adult,BDT073043,BSR016643,AVAQ65346,Bura,qfever,Irrigated,positive
3051,65981,77.9,25,50,26,0,Goat,"Galla Goat, Cross",Female,Weaner,BDT073663,BSR016177,AVAQ65981,Bura,rvf,Irrigated,negative
3051,65422,77.9,25,50,26,0,Goat,"Galla Goat, Cross",Male,Weaner,BDT073014,BSR015986,AVAQ65422,Bura,brucella,Irrigated,negative
3051,65978,77.9,25,50,26,0,Sheep,Black Head Persian,Female,Adult,BDT073047,BSR015983,AVAQ65978,Bura,qfever,Irrigated,negative
3051,65424,77.9,25,50,26,0,Cattle,Orma Boran,Female,Adult,BDT073035,BSR015987,AVAQ65424,Bura,qfever,Irrigated,negative
3051,65934,77.9,25,50,26,0,Goat,"Galla Goat, Cross",Female,Kid/Lamb/Calf,BDT073031,BSR015993,AVAQ65934,Bura,brucella,Irrigated,negative
3051,65998,77.9,25,50,26,0,Cattle,Orma Boran,Male,Weaner,BDT073013,BSR016011,AVAQ65998,Bura,rvf,Irrigated,positive
3051,66014,77.9,25,50,26,0,Cattle,Orma Boran,Female,Adult,BDT073054,BSR016013,AVAQ66014,Bura,qfever,Irrigated,negative
3051,65996,77.9,25,50,26,0,Sheep,Black Head Persian,Female,Adult,BDT073677,BSR016004,AVAQ65996,Bura,brucella,Irrigated,negative
3051,66081,77.9,25,50,26,0,Cattle,Orma Boran,Female,Kid/Lamb/Calf,BDT073734,BSR015999,AVAQ66081,Bura,rvf,Irrigated,negative
3051,65398,77.9,25,50,26,0,Cattle,Orma Boran,Male,Adult,BDT073029,BSR015980,AVAQ65398,Bura,qfever,Irrigated,negative
3051,66074,77.9,25,50,26,0,Goat,"Galla Goat, Cross",Male,Kid/Lamb/Calf,BDT073740,BSR015998,AVAQ66074,Bura,rvf,Irrigated,negative
3051,66011,77.9,25,50,26,0,Cattle,Orma Boran,Female,Adult,BDT073735,BSR016009,AVAQ66011,Bura,brucella,Irrigated,negative
3051,65981,77.9,25,50,26,0,Goat,"Galla Goat, Cross",Female,Weaner,BDT073663,BSR016177,AVAQ65981,Bura,qfever,Irrigated,negative
3051,65981,77.9,25,50,26,0,Goat,"Galla Goat, Cross",Female,Weaner,BDT073663,BSR016177,AVAQ65981,Bura,brucella,Irrigated,negative
3051,65942,77.9,25,50,26,0,Sheep,Black Head Persian,Female,Weaner,BDT073749,BSR015978,AVAQ65942,Bura,rvf,Irrigated,negative
3051,65418,77.9,25,50,26,0,Sheep,Black Head Persian,Female,Adult,BDT073741,BSR015979,AVAQ65418,Bura,rvf,Irrigated,positive
3051,65292,77.9,25,50,26,0,Sheep,Black Head Persian,Male,Weaner,BDT073049,BSR016642,AVAQ65292,Bura,brucella,Irrigated,negative
3051,66018,77.9,25,50,26,0,Cattle,Orma Boran,Male,Weaner,BDT073051,BSR016008,AVAQ66018,Bura,brucella,Irrigated,negative
3051,66048,77.9,25,50,26,0,Sheep,Black Head Persian,Male,Adult,BDT073744,BSR015975,AVAQ66048,Bura,brucella,Irrigated,negative
3051,66024,77.9,25,50,26,0,Cattle,Orma Boran,Female,Weaner,BDT073010,BSR015995,AVAQ66024,Bura,rvf,Irrigated,positive
3051,66106,77.9,25,50,26,0,Cattle,Orma Boran,Female,Adult,BDT073754,BSR016017,AVAQ66106,Bura,rvf,Irrigated,positive
3051,65973,77.9,25,50,26,0,Cattle,Orma Boran,Female,Kid/Lamb/Calf,BDT073676,BSR015692,AVAQ65973,Bura,brucella,Irrigated,negative
3051,65390,77.9,25,50,26,0,Cattle,Orma Boran,Female,Adult,BDT073729,BSR016183,AVAQ65390,Bura,rvf,Irrigated,negative
3051,65948,77.9,25,50,26,0,Goat,"Galla Goat, Cross",Female,Adult,BDT073753,BSR016020,AVAQ65948,Bura,rvf,Irrigated,negative
3051,65424,77.9,25,50,26,0,Cattle,Orma Boran,Female,Adult,BDT073035,BSR015987,AVAQ65424,Bura,rvf,Irrigated,negative
3051,65388,77.9,25,50,26,0,Cattle,Orma Boran,Male,Kid/Lamb/Calf,BDT073063,BSR015982,AVAQ65388,Bura,brucella,Irrigated,negative
3051,65291,77.9,25,50,26,0,Cattle,Orma Boran,Female,Kid/Lamb/Calf,BDT073025,BSR016012,AVAQ65291,Bura,rvf,Irrigated,positive
3051,66034,77.9,25,50,26,0,Goat,"Galla Goat, Cross",Female,Adult,BDT073052,BSR015992,AVAQ66034,Bura,rvf,Irrigated,positive
3052,65309,76.9,0,0,14,0,Cattle,Orma Boran,Female,Adult,BDT073039,BSR016635,AVAQ65309,Bura,brucella,Irrigated,negative
3052,65954,76.9,0,0,14,0,Cattle,Orma Boran,Female,Adult,BDT073048,BSR016632,AVAQ65954,Bura,brucella,Irrigated,negative
3052,66080,76.9,0,0,14,0,Cattle,Orma Boran,Female,Adult,BDT073022,BSR016637,AVAQ66080,Bura,rvf,Irrigated,negative
3052,65958,76.9,0,0,14,0,Cattle,Orma Boran,Female,Adult,BDT073045,BSR016653,AVAQ65958,Bura,rvf,Irrigated,negative
3052,66080,76.9,0,0,14,0,Cattle,Orma Boran,Female,Adult,BDT073022,BSR016637,AVAQ66080,Bura,brucella,Irrigated,negative
3052,65943,76.9,0,0,14,0,Cattle,Orma Boran,Female,Adult,BDT073024,BSR016644,AVAQ65943,Bura,qfever,Irrigated,negative
3052,65939,76.9,0,0,14,0,Cattle,Orma Boran,Female,Kid/Lamb/Calf,BDT073046,BSR016657,AVAQ65939,Bura,qfever,Irrigated,negative
3052,65939,76.9,0,0,14,0,Cattle,Orma Boran,Female,Kid/Lamb/Calf,BDT073046,BSR016657,AVAQ65939,Bura,rvf,Irrigated,negative
3052,65943,76.9,0,0,14,0,Cattle,Orma Boran,Female,Adult,BDT073024,BSR016644,AVAQ65943,Bura,brucella,Irrigated,negative
3052,65326,76.9,0,0,14,0,Cattle,Orma Boran,Female,Adult,BDT073058,BSR016636,AVAQ65326,Bura,brucella,Irrigated,negative
3052,65420,76.9,0,0,14,0,Cattle,Orma Boran,Male,Weaner,BDT073021,BSR016638,AVAQ65420,Bura,rvf,Irrigated,negative
3052,65326,76.9,0,0,14,0,Cattle,Orma Boran,Female,Adult,BDT073058,BSR016636,AVAQ65326,Bura,qfever,Irrigated,negative
3052,66076,76.9,0,0,14,0,Cattle,Orma Boran,Female,Weaner,BDT073037,BSR016633,AVAQ66076,Bura,qfever,Irrigated,negative
3052,66080,76.9,0,0,14,0,Cattle,Orma Boran,Female,Adult,BDT073022,BSR016637,AVAQ66080,Bura,qfever,Irrigated,negative
3052,65958,76.9,0,0,14,0,Cattle,Orma Boran,Female,Adult,BDT073045,BSR016653,AVAQ65958,Bura,qfever,Irrigated,negative
3052,65309,76.9,0,0,14,0,Cattle,Orma Boran,Female,Adult,BDT073039,BSR016635,AVAQ65309,Bura,rvf,Irrigated,positive
3052,65958,76.9,0,0,14,0,Cattle,Orma Boran,Female,Adult,BDT073045,BSR016653,AVAQ65958,Bura,brucella,Irrigated,negative
3052,65943,76.9,0,0,14,0,Cattle,Orma Boran,Female,Adult,BDT073024,BSR016644,AVAQ65943,Bura,rvf,Irrigated,positive
3052,66022,76.9,0,0,14,0,Cattle,Orma Boran,Male,Weaner,BDT073040,BSR016656,AVAQ66022,Bura,rvf,Irrigated,negative
3052,65954,76.9,0,0,14,0,Cattle,Orma Boran,Female,Adult,BDT073048,BSR016632,AVAQ65954,Bura,qfever,Irrigated,negative
3052,65939,76.9,0,0,14,0,Cattle,Orma Boran,Female,Kid/Lamb/Calf,BDT073046,BSR016657,AVAQ65939,Bura,brucella,Irrigated,negative
3052,65309,76.9,0,0,14,0,Cattle,Orma Boran,Female,Adult,BDT073039,BSR016635,AVAQ65309,Bura,qfever,Irrigated,negative
3052,65420,76.9,0,0,14,0,Cattle,Orma Boran,Male,Weaner,BDT073021,BSR016638,AVAQ65420,Bura,brucella,Irrigated,negative
3052,66022,76.9,0,0,14,0,Cattle,Orma Boran,Male,Weaner,BDT073040,BSR016656,AVAQ66022,Bura,brucella,Irrigated,negative
3052,65326,76.9,0,0,14,0,Cattle,Orma Boran,Female,Adult,BDT073058,BSR016636,AVAQ65326,Bura,rvf,Irrigated,negative
3052,66076,76.9,0,0,14,0,Cattle,Orma Boran,Female,Weaner,BDT073037,BSR016633,AVAQ66076,Bura,rvf,Irrigated,negative
3052,66022,76.9,0,0,14,0,Cattle,Orma Boran,Male,Weaner,BDT073040,BSR016656,AVAQ66022,Bura,qfever,Irrigated,negative
3052,65420,76.9,0,0,14,0,Cattle,Orma Boran,Male,Weaner,BDT073021,BSR016638,AVAQ65420,Bura,qfever,Irrigated,negative
3052,66076,76.9,0,0,14,0,Cattle,Orma Boran,Female,Weaner,BDT073037,BSR016633,AVAQ66076,Bura,brucella,Irrigated,negative
3052,65954,76.9,0,0,14,0,Cattle,Orma Boran,Female,Adult,BDT073048,BSR016632,AVAQ65954,Bura,rvf,Irrigated,positive
3053,65378,74.5,0,0,28,0,Cattle,Orma Boran,Male,Adult,BDT073751,BSR016648,AVAQ65378,Bura,brucella,Irrigated,negative
3053,65966,74.5,0,0,28,0,Cattle,Orma Boran,Male,Weaner,BDT073044,BSR016630,AVAQ65966,Bura,rvf,Irrigated,positive
3053,65357,74.5,0,0,28,0,Cattle,Orma Boran,Female,Adult,BDT073038,BSR016625,AVAQ65357,Bura,qfever,Irrigated,negative
3053,65357,74.5,0,0,28,0,Cattle,Orma Boran,Female,Adult,BDT073038,BSR016625,AVAQ65357,Bura,brucella,Irrigated,negative
3053,65980,74.5,0,0,28,0,Cattle,Orma Boran,Female,Kid/Lamb/Calf,BDT073671,BSR016646,AVAQ65980,Bura,brucella,Irrigated,negative
3053,65378,74.5,0,0,28,0,Cattle,Orma Boran,Male,Adult,BDT073751,BSR016648,AVAQ65378,Bura,qfever,Irrigated,negative
3053,66079,74.5,0,0,28,0,Cattle,Orma Boran,Female,Kid/Lamb/Calf,BDT073057,BSR016640,AVAQ66079,Bura,rvf,Irrigated,negative
3053,65332,74.5,0,0,28,0,Cattle,Orma Boran,Female,Adult,BDT073023,BSR016649,AVAQ65332,Bura,qfever,Irrigated,negative
3053,65343,74.5,0,0,28,0,Cattle,Orma Boran,Female,Adult,BDT073050,BSR016650,AVAQ65343,Bura,qfever,Irrigated,negative
3053,65378,74.5,0,0,28,0,Cattle,Orma Boran,Male,Adult,BDT073751,BSR016648,AVAQ65378,Bura,rvf,Irrigated,positive
3053,65966,74.5,0,0,28,0,Cattle,Orma Boran,Male,Weaner,BDT073044,BSR016630,AVAQ65966,Bura,brucella,Irrigated,negative
3053,66020,74.5,0,0,28,0,Cattle,Orma Boran,Female,Weaner,BDT073019,BSR016639,AVAQ66020,Bura,qfever,Irrigated,negative
3053,65345,74.5,0,0,28,0,Cattle,Orma Boran,Female,Weaner,BDT073053,BSR016628,AVAQ65345,Bura,rvf,Irrigated,negative
3053,65984,74.5,0,0,28,0,Cattle,Orma Boran,Male,Weaner,BDT073042,BSR016659,AVAQ65984,Bura,rvf,Irrigated,negative
3053,65966,74.5,0,0,28,0,Cattle,Orma Boran,Male,Weaner,BDT073044,BSR016630,AVAQ65966,Bura,qfever,Irrigated,negative
3053,65357,74.5,0,0,28,0,Cattle,Orma Boran,Female,Adult,BDT073038,BSR016625,AVAQ65357,Bura,rvf,Irrigated,negative
3053,65334,74.5,0,0,28,0,Cattle,Orma Boran,Male,Kid/Lamb/Calf,BDT073026,BSR016626,AVAQ65334,Bura,brucella,Irrigated,negative
3053,65946,74.5,0,0,28,0,Cattle,Orma Boran,Female,Adult,BDT073041,BSR015694,AVAQ65946,Bura,brucella,Irrigated,negative
3053,65945,74.5,0,0,28,0,Cattle,Orma Boran,Female,Adult,BDT073015,BSR016652,AVAQ65945,Bura,qfever,Irrigated,negative
3053,65946,74.5,0,0,28,0,Cattle,Orma Boran,Female,Adult,BDT073041,BSR015694,AVAQ65946,Bura,rvf,Irrigated,positive
3053,65980,74.5,0,0,28,0,Cattle,Orma Boran,Female,Kid/Lamb/Calf,BDT073671,BSR016646,AVAQ65980,Bura,qfever,Irrigated,negative
3053,66079,74.5,0,0,28,0,Cattle,Orma Boran,Female,Kid/Lamb/Calf,BDT073057,BSR016640,AVAQ66079,Bura,brucella,Irrigated,negative
3053,65345,74.5,0,0,28,0,Cattle,Orma Boran,Female,Weaner,BDT073053,BSR016628,AVAQ65345,Bura,brucella,Irrigated,negative
3053,65329,74.5,0,0,28,0,Cattle,Orma Boran,Male,Kid/Lamb/Calf,BDT073016,BSR016645,AVAQ65329,Bura,rvf,Irrigated,negative
3053,65980,74.5,0,0,28,0,Cattle,Orma Boran,Female,Kid/Lamb/Calf,BDT073671,BSR016646,AVAQ65980,Bura,rvf,Irrigated,negative
3053,65984,74.5,0,0,28,0,Cattle,Orma Boran,Male,Weaner,BDT073042,BSR016659,AVAQ65984,Bura,brucella,Irrigated,negative
3053,65328,74.5,0,0,28,0,Cattle,Orma Boran,Female,Adult,BDT073027,BSR016634,AVAQ65328,Bura,qfever,Irrigated,negative
3053,65345,74.5,0,0,28,0,Cattle,Orma Boran,Female,Weaner,BDT073053,BSR016628,AVAQ65345,Bura,qfever,Irrigated,negative
3053,65334,74.5,0,0,28,0,Cattle,Orma Boran,Male,Kid/Lamb/Calf,BDT073026,BSR016626,AVAQ65334,Bura,qfever,Irrigated,negative
3053,65329,74.5,0,0,28,0,Cattle,Orma Boran,Male,Kid/Lamb/Calf,BDT073016,BSR016645,AVAQ65329,Bura,brucella,Irrigated,negative
3053,65328,74.5,0,0,28,0,Cattle,Orma Boran,Female,Adult,BDT073027,BSR016634,AVAQ65328,Bura,rvf,Irrigated,positive
3053,65332,74.5,0,0,28,0,Cattle,Orma Boran,Female,Adult,BDT073023,BSR016649,AVAQ65332,Bura,rvf,Irrigated,positive
3053,65343,74.5,0,0,28,0,Cattle,Orma Boran,Female,Adult,BDT073050,BSR016650,AVAQ65343,Bura,brucella,Irrigated,negative
3053,66020,74.5,0,0,28,0,Cattle,Orma Boran,Female,Weaner,BDT073019,BSR016639,AVAQ66020,Bura,rvf,Irrigated,positive
3053,65334,74.5,0,0,28,0,Cattle,Orma Boran,Male,Kid/Lamb/Calf,BDT073026,BSR016626,AVAQ65334,Bura,rvf,Irrigated,negative
3053,65945,74.5,0,0,28,0,Cattle,Orma Boran,Female,Adult,BDT073015,BSR016652,AVAQ65945,Bura,rvf,Irrigated,positive
3053,66020,74.5,0,0,28,0,Cattle,Orma Boran,Female,Weaner,BDT073019,BSR016639,AVAQ66020,Bura,brucella,Irrigated,negative
3053,65328,74.5,0,0,28,0,Cattle,Orma Boran,Female,Adult,BDT073027,BSR016634,AVAQ65328,Bura,brucella,Irrigated,negative
3053,65945,74.5,0,0,28,0,Cattle,Orma Boran,Female,Adult,BDT073015,BSR016652,AVAQ65945,Bura,brucella,Irrigated,negative
3053,65946,74.5,0,0,28,0,Cattle,Orma Boran,Female,Adult,BDT073041,BSR015694,AVAQ65946,Bura,qfever,Irrigated,negative
3053,66079,74.5,0,0,28,0,Cattle,Orma Boran,Female,Kid/Lamb/Calf,BDT073057,BSR016640,AVAQ66079,Bura,qfever,Irrigated,negative
3053,65329,74.5,0,0,28,0,Cattle,Orma Boran,Male,Kid/Lamb/Calf,BDT073016,BSR016645,AVAQ65329,Bura,qfever,Irrigated,negative
3053,65343,74.5,0,0,28,0,Cattle,Orma Boran,Female,Adult,BDT073050,BSR016650,AVAQ65343,Bura,rvf,Irrigated,negative
3053,65332,74.5,0,0,28,0,Cattle,Orma Boran,Female,Adult,BDT073023,BSR016649,AVAQ65332,Bura,brucella,Irrigated,negative
3053,65984,74.5,0,0,28,0,Cattle,Orma Boran,Male,Weaner,BDT073042,BSR016659,AVAQ65984,Bura,qfever,Irrigated,negative
3054,65427,75.5,10,29,24,0,Sheep,Black Head Persian,Male,Weaner,BDT073394,BSR016662,AVAQ65427,Bura,rvf,Irrigated,negative
3054,65940,75.5,10,29,24,0,Cattle,Orma Boran,Male,Weaner,BDT073376,BSR016670,AVAQ65940,Bura,qfever,Irrigated,negative
3054,65967,75.5,10,29,24,0,Goat,"Galla Goat, Cross",Male,Adult,BDT073363,BSR016660,AVAQ65967,Bura,rvf,Irrigated,negative
3054,65338,75.5,10,29,24,0,Sheep,Black Head Persian,Female,Adult,BDT073396,BSR016669,AVAQ65338,Bura,qfever,Irrigated,positive
3054,65353,75.5,10,29,24,0,Goat,"Galla Goat, Cross",Female,Adult,BDT073369,BSR016663,AVAQ65353,Bura,brucella,Irrigated,negative
3054,65427,75.5,10,29,24,0,Sheep,Black Head Persian,Male,Weaner,BDT073394,BSR016662,AVAQ65427,Bura,brucella,Irrigated,negative
3054,65372,75.5,10,29,24,0,Sheep,Black Head Persian,Female,Adult,BDT073386,BSR016674,AVAQ65372,Bura,qfever,Irrigated,negative
3054,65372,75.5,10,29,24,0,Sheep,Black Head Persian,Female,Adult,BDT073386,BSR016674,AVAQ65372,Bura,rvf,Irrigated,positive
3054,66023,75.5,10,29,24,0,Cattle,Orma Boran,Female,Weaner,BDT073407,BSR016021,AVAQ66023,Bura,rvf,Irrigated,positive
3054,65360,75.5,10,29,24,0,Sheep,Black Head Persian,Male,Adult,BDT073408,BSR016022,AVAQ65360,Bura,brucella,Irrigated,negative
3054,65940,75.5,10,29,24,0,Cattle,Orma Boran,Male,Weaner,BDT073376,BSR016670,AVAQ65940,Bura,rvf,Irrigated,negative
3054,66061,75.5,10,29,24,0,Cattle,Orma Boran,Female,Adult,BDT073395,BSR016631,AVAQ66061,Bura,brucella,Irrigated,negative
3054,65975,75.5,10,29,24,0,Cattle,Orma Boran,Male,Weaner,BDT073382,BSR015991,AVAQ65975,Bura,rvf,Irrigated,positive
3054,66017,75.5,10,29,24,0,Goat,"Galla Goat, Cross",Male,Weaner,BDT073366,BSR016673,AVAQ66017,Bura,qfever,Irrigated,negative
3054,65427,75.5,10,29,24,0,Sheep,Black Head Persian,Male,Weaner,BDT073394,BSR016662,AVAQ65427,Bura,qfever,Irrigated,negative
3054,65331,75.5,10,29,24,0,Sheep,Black Head Persian,Female,Adult,BDT073405,BSR016667,AVAQ65331,Bura,qfever,Irrigated,positive
3054,66017,75.5,10,29,24,0,Goat,"Galla Goat, Cross",Male,Weaner,BDT073366,BSR016673,AVAQ66017,Bura,rvf,Irrigated,negative
3054,65360,75.5,10,29,24,0,Sheep,Black Head Persian,Male,Adult,BDT073408,BSR016022,AVAQ65360,Bura,rvf,Irrigated,negative
3054,65353,75.5,10,29,24,0,Goat,"Galla Goat, Cross",Female,Adult,BDT073369,BSR016663,AVAQ65353,Bura,rvf,Irrigated,negative
3054,66017,75.5,10,29,24,0,Goat,"Galla Goat, Cross",Male,Weaner,BDT073366,BSR016673,AVAQ66017,Bura,brucella,Irrigated,negative
3054,65331,75.5,10,29,24,0,Sheep,Black Head Persian,Female,Adult,BDT073405,BSR016667,AVAQ65331,Bura,brucella,Irrigated,negative
3054,65940,75.5,10,29,24,0,Cattle,Orma Boran,Male,Weaner,BDT073376,BSR016670,AVAQ65940,Bura,brucella,Irrigated,negative
3054,65351,75.5,10,29,24,0,Goat,"Galla Goat, Cross",Female,Adult,BDT073389,BSR016661,AVAQ65351,Bura,brucella,Irrigated,negative
3054,66084,75.5,10,29,24,0,Goat,"Galla Goat, Cross",Male,Adult,BDT073406,BSR016671,AVAQ66084,Bura,rvf,Irrigated,negative
3054,65351,75.5,10,29,24,0,Goat,"Galla Goat, Cross",Female,Adult,BDT073389,BSR016661,AVAQ65351,Bura,qfever,Irrigated,negative
3054,65353,75.5,10,29,24,0,Goat,"Galla Goat, Cross",Female,Adult,BDT073369,BSR016663,AVAQ65353,Bura,qfever,Irrigated,positive
3054,65372,75.5,10,29,24,0,Sheep,Black Head Persian,Female,Adult,BDT073386,BSR016674,AVAQ65372,Bura,brucella,Irrigated,negative
3054,65967,75.5,10,29,24,0,Goat,"Galla Goat, Cross",Male,Adult,BDT073363,BSR016660,AVAQ65967,Bura,brucella,Irrigated,negative
3054,66061,75.5,10,29,24,0,Cattle,Orma Boran,Female,Adult,BDT073395,BSR016631,AVAQ66061,Bura,qfever,Irrigated,negative
3054,66084,75.5,10,29,24,0,Goat,"Galla Goat, Cross",Male,Adult,BDT073406,BSR016671,AVAQ66084,Bura,qfever,Irrigated,negative
3054,66061,75.5,10,29,24,0,Cattle,Orma Boran,Female,Adult,BDT073395,BSR016631,AVAQ66061,Bura,rvf,Irrigated,positive
3054,65975,75.5,10,29,24,0,Cattle,Orma Boran,Male,Weaner,BDT073382,BSR015991,AVAQ65975,Bura,qfever,Irrigated,negative
3054,65351,75.5,10,29,24,0,Goat,"Galla Goat, Cross",Female,Adult,BDT073389,BSR016661,AVAQ65351,Bura,rvf,Irrigated,negative
3054,65315,75.5,10,29,24,0,Cattle,Orma Boran,Female,Weaner,BDT073379,BSR016666,AVAQ65315,Bura,qfever,Irrigated,negative
3054,65975,75.5,10,29,24,0,Cattle,Orma Boran,Male,Weaner,BDT073382,BSR015991,AVAQ65975,Bura,brucella,Irrigated,negative
3054,65967,75.5,10,29,24,0,Goat,"Galla Goat, Cross",Male,Adult,BDT073363,BSR016660,AVAQ65967,Bura,qfever,Irrigated,negative
3054,65338,75.5,10,29,24,0,Sheep,Black Head Persian,Female,Adult,BDT073396,BSR016669,AVAQ65338,Bura,rvf,Irrigated,negative
3054,66084,75.5,10,29,24,0,Goat,"Galla Goat, Cross",Male,Adult,BDT073406,BSR016671,AVAQ66084,Bura,brucella,Irrigated,negative
3054,65331,75.5,10,29,24,0,Sheep,Black Head Persian,Female,Adult,BDT073405,BSR016667,AVAQ65331,Bura,rvf,Irrigated,positive
3054,65315,75.5,10,29,24,0,Cattle,Orma Boran,Female,Weaner,BDT073379,BSR016666,AVAQ65315,Bura,rvf,Irrigated,negative
3054,65338,75.5,10,29,24,0,Sheep,Black Head Persian,Female,Adult,BDT073396,BSR016669,AVAQ65338,Bura,brucella,Irrigated,negative
3054,65360,75.5,10,29,24,0,Sheep,Black Head Persian,Male,Adult,BDT073408,BSR016022,AVAQ65360,Bura,qfever,Irrigated,negative
3054,66023,75.5,10,29,24,0,Cattle,Orma Boran,Female,Weaner,BDT073407,BSR016021,AVAQ66023,Bura,qfever,Irrigated,negative
3054,66023,75.5,10,29,24,0,Cattle,Orma Boran,Female,Weaner,BDT073407,BSR016021,AVAQ66023,Bura,brucella,Irrigated,negative
3054,65315,75.5,10,29,24,0,Cattle,Orma Boran,Female,Weaner,BDT073379,BSR016666,AVAQ65315,Bura,brucella,Irrigated,negative
3055,65935,77.4,0,0,30,0,Cattle,Orma Boran,Female,Adult,BDT073391,BSR016647,AVAQ65935,Bura,rvf,Irrigated,positive
3055,65394,77.4,0,0,30,0,Cattle,Orma Boran,Female,Weaner,BDT073370,BSR015854,AVAQ65394,Bura,rvf,Irrigated,negative
3055,65391,77.4,0,0,30,0,Cattle,Orma Boran,Male,Weaner,BDT073361,BSR015864,AVAQ65391,Bura,rvf,Irrigated,negative
3055,65937,77.4,0,0,30,0,Cattle,Orma Boran,Male,Weaner,BDT073383,BSR016664,AVAQ65937,Bura,rvf,Irrigated,negative
3055,65364,77.4,0,0,30,0,Cattle,Orma Boran,Female,Adult,BDT073398,BSR016015,AVAQ65364,Bura,rvf,Irrigated,positive
3055,65327,77.4,0,0,30,0,Cattle,Orma Boran,Male,Kid/Lamb/Calf,BDT073362,BSR015863,AVAQ65327,Bura,brucella,Irrigated,negative
3055,65327,77.4,0,0,30,0,Cattle,Orma Boran,Male,Kid/Lamb/Calf,BDT073362,BSR015863,AVAQ65327,Bura,qfever,Irrigated,negative
3055,65960,77.4,0,0,30,0,Cattle,Orma Boran,Female,Adult,BDT073056,BSR016627,AVAQ65960,Bura,qfever,Irrigated,negative
3055,65396,77.4,0,0,30,0,Cattle,Orma Boran,Female,Adult,BDT073375,BSR016222,AVAQ65396,Bura,qfever,Irrigated,negative
3055,65330,77.4,0,0,30,0,Cattle,Orma Boran,Female,Kid/Lamb/Calf,BDT073385,BSR015852,AVAQ65330,Bura,qfever,Irrigated,negative
3055,65937,77.4,0,0,30,0,Cattle,Orma Boran,Male,Weaner,BDT073383,BSR016664,AVAQ65937,Bura,qfever,Irrigated,negative
3055,66042,77.4,0,0,30,0,Cattle,Orma Boran,Male,Kid/Lamb/Calf,BDT073381,BSR016655,AVAQ66042,Bura,brucella,Irrigated,negative
3055,66055,77.4,0,0,30,0,Cattle,Orma Boran,Male,Weaner,BDT073384,BSR016007,AVAQ66055,Bura,brucella,Irrigated,negative
3055,65321,77.4,0,0,30,0,Cattle,Orma Boran,Female,Adult,BDT073390,BSR016672,AVAQ65321,Bura,brucella,Irrigated,negative
3055,65330,77.4,0,0,30,0,Cattle,Orma Boran,Female,Kid/Lamb/Calf,BDT073385,BSR015852,AVAQ65330,Bura,brucella,Irrigated,negative
3055,65324,77.4,0,0,30,0,Cattle,Orma Boran,Female,Weaner,BDT073397,BSR015873,AVAQ65324,Bura,brucella,Irrigated,negative
3055,66055,77.4,0,0,30,0,Cattle,Orma Boran,Male,Weaner,BDT073384,BSR016007,AVAQ66055,Bura,qfever,Irrigated,negative
3055,65330,77.4,0,0,30,0,Cattle,Orma Boran,Female,Kid/Lamb/Calf,BDT073385,BSR015852,AVAQ65330,Bura,rvf,Irrigated,negative
3055,65324,77.4,0,0,30,0,Cattle,Orma Boran,Female,Weaner,BDT073397,BSR015873,AVAQ65324,Bura,rvf,Irrigated,positive
3055,65935,77.4,0,0,30,0,Cattle,Orma Boran,Female,Adult,BDT073391,BSR016647,AVAQ65935,Bura,qfever,Irrigated,negative
3055,65320,77.4,0,0,30,0,Cattle,Orma Boran,Female,Kid/Lamb/Calf,BDT073399,BSR016024,AVAQ65320,Bura,rvf,Irrigated,positive
3055,66015,77.4,0,0,30,0,Cattle,Orma Boran,Female,Adult,BDT073036,BSR016211,AVAQ66015,Bura,brucella,Irrigated,negative
3055,65364,77.4,0,0,30,0,Cattle,Orma Boran,Female,Adult,BDT073398,BSR016015,AVAQ65364,Bura,brucella,Irrigated,negative
3055,65369,77.4,0,0,30,0,Cattle,Orma Boran,Male,Weaner,BDT073365,BSR016018,AVAQ65369,Bura,brucella,Irrigated,positive
3055,65327,77.4,0,0,30,0,Cattle,Orma Boran,Male,Kid/Lamb/Calf,BDT073362,BSR015863,AVAQ65327,Bura,rvf,Irrigated,negative
3055,65320,77.4,0,0,30,0,Cattle,Orma Boran,Female,Kid/Lamb/Calf,BDT073399,BSR016024,AVAQ65320,Bura,brucella,Irrigated,negative
3055,65337,77.4,0,0,30,0,Cattle,Orma Boran,Female,Adult,BDT073371,BSR016668,AVAQ65337,Bura,rvf,Irrigated,positive
3055,65369,77.4,0,0,30,0,Cattle,Orma Boran,Male,Weaner,BDT073365,BSR016018,AVAQ65369,Bura,qfever,Irrigated,negative
3055,66055,77.4,0,0,30,0,Cattle,Orma Boran,Male,Weaner,BDT073384,BSR016007,AVAQ66055,Bura,rvf,Irrigated,negative
3055,65394,77.4,0,0,30,0,Cattle,Orma Boran,Female,Weaner,BDT073370,BSR015854,AVAQ65394,Bura,brucella,Irrigated,positive
3055,65386,77.4,0,0,30,0,Cattle,Orma Boran,Female,Adult,BDT073364,BSR016006,AVAQ65386,Bura,brucella,Irrigated,negative
3055,65320,77.4,0,0,30,0,Cattle,Orma Boran,Female,Kid/Lamb/Calf,BDT073399,BSR016024,AVAQ65320,Bura,qfever,Irrigated,negative
3055,65391,77.4,0,0,30,0,Cattle,Orma Boran,Male,Weaner,BDT073361,BSR015864,AVAQ65391,Bura,brucella,Irrigated,negative
3055,65960,77.4,0,0,30,0,Cattle,Orma Boran,Female,Adult,BDT073056,BSR016627,AVAQ65960,Bura,rvf,Irrigated,positive
3055,65386,77.4,0,0,30,0,Cattle,Orma Boran,Female,Adult,BDT073364,BSR016006,AVAQ65386,Bura,qfever,Irrigated,negative
3055,65396,77.4,0,0,30,0,Cattle,Orma Boran,Female,Adult,BDT073375,BSR016222,AVAQ65396,Bura,brucella,Irrigated,negative
3055,65935,77.4,0,0,30,0,Cattle,Orma Boran,Female,Adult,BDT073391,BSR016647,AVAQ65935,Bura,brucella,Irrigated,negative
3055,65949,77.4,0,0,30,0,Cattle,Orma Boran,Female,Adult,BDT073388,BSR016665,AVAQ65949,Bura,brucella,Irrigated,negative
3055,66015,77.4,0,0,30,0,Cattle,Orma Boran,Female,Adult,BDT073036,BSR016211,AVAQ66015,Bura,qfever,Irrigated,negative
3055,65396,77.4,0,0,30,0,Cattle,Orma Boran,Female,Adult,BDT073375,BSR016222,AVAQ65396,Bura,rvf,Irrigated,positive
3055,65321,77.4,0,0,30,0,Cattle,Orma Boran,Female,Adult,BDT073390,BSR016672,AVAQ65321,Bura,rvf,Irrigated,negative
3055,65321,77.4,0,0,30,0,Cattle,Orma Boran,Female,Adult,BDT073390,BSR016672,AVAQ65321,Bura,qfever,Irrigated,negative
3055,65949,77.4,0,0,30,0,Cattle,Orma Boran,Female,Adult,BDT073388,BSR016665,AVAQ65949,Bura,qfever,Irrigated,positive
3055,65949,77.4,0,0,30,0,Cattle,Orma Boran,Female,Adult,BDT073388,BSR016665,AVAQ65949,Bura,rvf,Irrigated,negative
3055,65394,77.4,0,0,30,0,Cattle,Orma Boran,Female,Weaner,BDT073370,BSR015854,AVAQ65394,Bura,qfever,Irrigated,negative
3055,66042,77.4,0,0,30,0,Cattle,Orma Boran,Male,Kid/Lamb/Calf,BDT073381,BSR016655,AVAQ66042,Bura,rvf,Irrigated,negative
3055,65386,77.4,0,0,30,0,Cattle,Orma Boran,Female,Adult,BDT073364,BSR016006,AVAQ65386,Bura,rvf,Irrigated,positive
3055,65937,77.4,0,0,30,0,Cattle,Orma Boran,Male,Weaner,BDT073383,BSR016664,AVAQ65937,Bura,brucella,Irrigated,negative
3055,65337,77.4,0,0,30,0,Cattle,Orma Boran,Female,Adult,BDT073371,BSR016668,AVAQ65337,Bura,qfever,Irrigated,negative
3055,65324,77.4,0,0,30,0,Cattle,Orma Boran,Female,Weaner,BDT073397,BSR015873,AVAQ65324,Bura,qfever,Irrigated,negative
3055,65364,77.4,0,0,30,0,Cattle,Orma Boran,Female,Adult,BDT073398,BSR016015,AVAQ65364,Bura,qfever,Irrigated,negative
3055,65391,77.4,0,0,30,0,Cattle,Orma Boran,Male,Weaner,BDT073361,BSR015864,AVAQ65391,Bura,qfever,Irrigated,negative
3055,65337,77.4,0,0,30,0,Cattle,Orma Boran,Female,Adult,BDT073371,BSR016668,AVAQ65337,Bura,brucella,Irrigated,negative
3055,66042,77.4,0,0,30,0,Cattle,Orma Boran,Male,Kid/Lamb/Calf,BDT073381,BSR016655,AVAQ66042,Bura,qfever,Irrigated,negative
3055,65369,77.4,0,0,30,0,Cattle,Orma Boran,Male,Weaner,BDT073365,BSR016018,AVAQ65369,Bura,rvf,Irrigated,positive
3055,65977,77.4,0,0,30,0,Cattle,Orma Boran,Female,Kid/Lamb/Calf,BDT073373,BSR015862,AVAQ65977,Bura,qfever,Irrigated,negative
3055,65960,77.4,0,0,30,0,Cattle,Orma Boran,Female,Adult,BDT073056,BSR016627,AVAQ65960,Bura,brucella,Irrigated,negative
3055,66015,77.4,0,0,30,0,Cattle,Orma Boran,Female,Adult,BDT073036,BSR016211,AVAQ66015,Bura,rvf,Irrigated,positive
3055,65977,77.4,0,0,30,0,Cattle,Orma Boran,Female,Kid/Lamb/Calf,BDT073373,BSR015862,AVAQ65977,Bura,rvf,Irrigated,negative
3055,65977,77.4,0,0,30,0,Cattle,Orma Boran,Female,Kid/Lamb/Calf,BDT073373,BSR015862,AVAQ65977,Bura,brucella,Irrigated,negative
3056,65713,73.2,20,0,40,0,Cattle,Orma Boran,Female,Weaner,BDT072871,BSR015847,AVAQ65713,Bura,brucella,Irrigated,negative
3056,66821,73.2,20,0,40,0,Cattle,Orma Boran,Female,Weaner,BDT073380,BSR015841,AVAQ66821,Bura,brucella,Irrigated,negative
3056,66924,73.2,20,0,40,0,Cattle,Orma Boran,Female,Adult,BDT073400,BSR015874,AVAQ66924,Bura,brucella,Irrigated,negative
3056,65641,73.2,20,0,40,0,Goat,"Galla Goat, Cross",Female,Weaner,BDT072873,BSR016873,AVAQ65641,Bura,qfever,Irrigated,negative
3056,65665,73.2,20,0,40,0,Cattle,Orma Boran,Female,Weaner,BDT072903,BSR015829,AVAQ65665,Bura,rvf,Irrigated,negative
3056,65632,73.2,20,0,40,0,Cattle,Orma Boran,Female,Weaner,BDT073387,BSR015844,AVAQ65632,Bura,rvf,Irrigated,negative
3056,65598,73.2,20,0,40,0,Cattle,Orma Boran,Male,Weaner,BDT072908,BSR015857,AVAQ65598,Bura,rvf,Irrigated,negative
3056,65598,73.2,20,0,40,0,Cattle,Orma Boran,Male,Weaner,BDT072908,BSR015857,AVAQ65598,Bura,brucella,Irrigated,negative
3056,66951,73.2,20,0,40,0,Cattle,Orma Boran,Female,Adult,BDT073372,BSR015872,AVAQ66951,Bura,brucella,Irrigated,positive
3056,66050,73.2,20,0,40,0,Goat,"Galla Goat, Cross",Female,Kid/Lamb/Calf,BDT072868,BSR015835,AVAQ66050,Bura,brucella,Irrigated,negative
3056,65706,73.2,20,0,40,0,Goat,"Galla Goat, Cross",Female,Adult,BDT072879,BSR016869,AVAQ65706,Bura,brucella,Irrigated,negative
3056,66924,73.2,20,0,40,0,Cattle,Orma Boran,Female,Adult,BDT073400,BSR015874,AVAQ66924,Bura,qfever,Irrigated,negative
3056,65686,73.2,20,0,40,0,Goat,"Galla Goat, Cross",Female,Adult,BDT073064,BSR016866,AVAQ65686,Bura,qfever,Irrigated,negative
3056,67022,73.2,20,0,40,0,Cattle,Orma Boran,Female,Adult,BDT073378,BSR015842,AVAQ67022,Bura,qfever,Irrigated,negative
3056,65656,73.2,20,0,40,0,Cattle,Orma Boran,Female,Adult,BDT072867,BSR015827,AVAQ65656,Bura,brucella,Irrigated,negative
3056,65631,73.2,20,0,40,0,Cattle,Orma Boran,Male,Weaner,BDT073401,BSR016651,AVAQ65631,Bura,rvf,Irrigated,negative
3056,65639,73.2,20,0,40,0,Goat,"Galla Goat, Cross",Female,Adult,BDT072907,BSR015836,AVAQ65639,Bura,qfever,Irrigated,negative
3056,65686,73.2,20,0,40,0,Goat,"Galla Goat, Cross",Female,Adult,BDT073064,BSR016866,AVAQ65686,Bura,brucella,Irrigated,positive
3056,65704,73.2,20,0,40,0,Cattle,Orma Boran,Male,Adult,BDT072902,BSR015851,AVAQ65704,Bura,qfever,Irrigated,negative
3056,66951,73.2,20,0,40,0,Cattle,Orma Boran,Female,Adult,BDT073372,BSR015872,AVAQ66951,Bura,rvf,Irrigated,positive
3056,66966,73.2,20,0,40,0,Goat,"Galla Goat, Cross",Female,Adult,BDT073392,BSR015825,AVAQ66966,Bura,brucella,Irrigated,negative
3056,65298,73.2,20,0,40,0,Cattle,Orma Boran,Male,Kid/Lamb/Calf,BDT073402,BSR015831,AVAQ65298,Bura,qfever,Irrigated,negative
3056,65704,73.2,20,0,40,0,Cattle,Orma Boran,Male,Adult,BDT072902,BSR015851,AVAQ65704,Bura,brucella,Irrigated,negative
3056,66924,73.2,20,0,40,0,Cattle,Orma Boran,Female,Adult,BDT073400,BSR015874,AVAQ66924,Bura,rvf,Irrigated,negative
3056,65607,73.2,20,0,40,0,Cattle,Orma Boran,Female,Weaner,BDT073367,BSR015832,AVAQ65607,Bura,rvf,Irrigated,negative
3056,65644,73.2,20,0,40,0,Cattle,Orma Boran,Female,Kid/Lamb/Calf,BDT073403,BSR015853,AVAQ65644,Bura,qfever,Irrigated,negative
3056,65298,73.2,20,0,40,0,Cattle,Orma Boran,Male,Kid/Lamb/Calf,BDT073402,BSR015831,AVAQ65298,Bura,brucella,Irrigated,negative
3056,65713,73.2,20,0,40,0,Cattle,Orma Boran,Female,Weaner,BDT072871,BSR015847,AVAQ65713,Bura,qfever,Irrigated,negative
3056,65599,73.2,20,0,40,0,Cattle,Orma Boran,Male,Kid/Lamb/Calf,BDT072866,BSR015869,AVAQ65599,Bura,brucella,Irrigated,negative
3056,65607,73.2,20,0,40,0,Cattle,Orma Boran,Female,Weaner,BDT073367,BSR015832,AVAQ65607,Bura,qfever,Irrigated,negative
3056,65687,73.2,20,0,40,0,Cattle,Orma Boran,Female,Adult,BDT073359,BSR015843,AVAQ65687,Bura,qfever,Irrigated,negative
3056,66966,73.2,20,0,40,0,Goat,"Galla Goat, Cross",Female,Adult,BDT073392,BSR015825,AVAQ66966,Bura,rvf,Irrigated,positive
3056,65631,73.2,20,0,40,0,Cattle,Orma Boran,Male,Weaner,BDT073401,BSR016651,AVAQ65631,Bura,brucella,Irrigated,negative
3056,65657,73.2,20,0,40,0,Cattle,Orma Boran,Female,Adult,BDT073089,BSR015848,AVAQ65657,Bura,rvf,Irrigated,negative
3056,65706,73.2,20,0,40,0,Goat,"Galla Goat, Cross",Female,Adult,BDT072879,BSR016869,AVAQ65706,Bura,rvf,Irrigated,negative
3056,67009,73.2,20,0,40,0,Cattle,Orma Boran,Male,Kid/Lamb/Calf,BDT072893,BSR015828,AVAQ67009,Bura,qfever,Irrigated,negative
3056,66121,73.2,20,0,40,0,Goat,"Galla Goat, Cross",Female,Adult,BDT072861,BSR016831,AVAQ66121,Bura,qfever,Irrigated,positive
3056,66050,73.2,20,0,40,0,Goat,"Galla Goat, Cross",Female,Kid/Lamb/Calf,BDT072868,BSR015835,AVAQ66050,Bura,rvf,Irrigated,negative
3056,66050,73.2,20,0,40,0,Goat,"Galla Goat, Cross",Female,Kid/Lamb/Calf,BDT072868,BSR015835,AVAQ66050,Bura,qfever,Irrigated,negative
3056,66016,73.2,20,0,40,0,Cattle,Orma Boran,Male,Kid/Lamb/Calf,BDT073374,BSR015830,AVAQ66016,Bura,rvf,Irrigated,negative
3056,67022,73.2,20,0,40,0,Cattle,Orma Boran,Female,Adult,BDT073378,BSR015842,AVAQ67022,Bura,brucella,Irrigated,positive
3056,66121,73.2,20,0,40,0,Goat,"Galla Goat, Cross",Female,Adult,BDT072861,BSR016831,AVAQ66121,Bura,brucella,Irrigated,negative
3056,65656,73.2,20,0,40,0,Cattle,Orma Boran,Female,Adult,BDT072867,BSR015827,AVAQ65656,Bura,qfever,Irrigated,negative
3056,65665,73.2,20,0,40,0,Cattle,Orma Boran,Female,Weaner,BDT072903,BSR015829,AVAQ65665,Bura,brucella,Irrigated,negative
3056,65602,73.2,20,0,40,0,Cattle,Orma Boran,Female,Weaner,BDT073079,BSR015849,AVAQ65602,Bura,qfever,Irrigated,negative
3056,65294,73.2,20,0,40,0,Goat,"Galla Goat, Cross",Female,Adult,BDT072896,BSR016867,AVAQ65294,Bura,brucella,Irrigated,negative
3056,66054,73.2,20,0,40,0,Cattle,Orma Boran,Female,Adult,BDT073084,BSR015868,AVAQ66054,Bura,qfever,Irrigated,negative
3056,65700,73.2,20,0,40,0,Cattle,Orma Boran,Female,Adult,BDT072894,BSR015867,AVAQ65700,Bura,brucella,Irrigated,negative
3056,65599,73.2,20,0,40,0,Cattle,Orma Boran,Male,Kid/Lamb/Calf,BDT072866,BSR015869,AVAQ65599,Bura,rvf,Irrigated,negative
3056,65633,73.2,20,0,40,0,Goat,"Galla Goat, Cross",Female,Adult,BDT073368,BSR015856,AVAQ65633,Bura,rvf,Irrigated,negative
3056,65656,73.2,20,0,40,0,Cattle,Orma Boran,Female,Adult,BDT072867,BSR015827,AVAQ65656,Bura,rvf,Irrigated,negative
3056,65706,73.2,20,0,40,0,Goat,"Galla Goat, Cross",Female,Adult,BDT072879,BSR016869,AVAQ65706,Bura,qfever,Irrigated,negative
3056,65641,73.2,20,0,40,0,Goat,"Galla Goat, Cross",Female,Weaner,BDT072873,BSR016873,AVAQ65641,Bura,brucella,Irrigated,negative
3056,66951,73.2,20,0,40,0,Cattle,Orma Boran,Female,Adult,BDT073372,BSR015872,AVAQ66951,Bura,qfever,Irrigated,negative
3056,65641,73.2,20,0,40,0,Goat,"Galla Goat, Cross",Female,Weaner,BDT072873,BSR016873,AVAQ65641,Bura,rvf,Irrigated,negative
3056,65633,73.2,20,0,40,0,Goat,"Galla Goat, Cross",Female,Adult,BDT073368,BSR015856,AVAQ65633,Bura,qfever,Irrigated,positive
3056,65632,73.2,20,0,40,0,Cattle,Orma Boran,Female,Weaner,BDT073387,BSR015844,AVAQ65632,Bura,brucella,Irrigated,negative
3056,65678,73.2,20,0,40,0,Cattle,Orma Boran,Female,Kid/Lamb/Calf,BDT072882,BSR015838,AVAQ65678,Bura,brucella,Irrigated,negative
3056,66016,73.2,20,0,40,0,Cattle,Orma Boran,Male,Kid/Lamb/Calf,BDT073374,BSR015830,AVAQ66016,Bura,brucella,Irrigated,negative
3056,67010,73.2,20,0,40,0,Cattle,Orma Boran,Female,Weaner,BDT072887,BSR015837,AVAQ67010,Bura,brucella,Irrigated,negative
3056,66966,73.2,20,0,40,0,Goat,"Galla Goat, Cross",Female,Adult,BDT073392,BSR015825,AVAQ66966,Bura,qfever,Irrigated,negative
3056,66821,73.2,20,0,40,0,Cattle,Orma Boran,Female,Weaner,BDT073380,BSR015841,AVAQ66821,Bura,rvf,Irrigated,negative
3056,67010,73.2,20,0,40,0,Cattle,Orma Boran,Female,Weaner,BDT072887,BSR015837,AVAQ67010,Bura,rvf,Irrigated,negative
3056,65602,73.2,20,0,40,0,Cattle,Orma Boran,Female,Weaner,BDT073079,BSR015849,AVAQ65602,Bura,rvf,Irrigated,negative
3056,65644,73.2,20,0,40,0,Cattle,Orma Boran,Female,Kid/Lamb/Calf,BDT073403,BSR015853,AVAQ65644,Bura,brucella,Irrigated,negative
3056,66105,73.2,20,0,40,0,Cattle,Orma Boran,Female,Adult,BDT072883,BSR015858,AVAQ66105,Bura,brucella,Irrigated,negative
3056,65686,73.2,20,0,40,0,Goat,"Galla Goat, Cross",Female,Adult,BDT073064,BSR016866,AVAQ65686,Bura,rvf,Irrigated,negative
3056,65713,73.2,20,0,40,0,Cattle,Orma Boran,Female,Weaner,BDT072871,BSR015847,AVAQ65713,Bura,rvf,Irrigated,negative
3056,65700,73.2,20,0,40,0,Cattle,Orma Boran,Female,Adult,BDT072894,BSR015867,AVAQ65700,Bura,qfever,Irrigated,negative
3056,66016,73.2,20,0,40,0,Cattle,Orma Boran,Male,Kid/Lamb/Calf,BDT073374,BSR015830,AVAQ66016,Bura,qfever,Irrigated,negative
3056,67010,73.2,20,0,40,0,Cattle,Orma Boran,Female,Weaner,BDT072887,BSR015837,AVAQ67010,Bura,qfever,Irrigated,negative
3056,65631,73.2,20,0,40,0,Cattle,Orma Boran,Male,Weaner,BDT073401,BSR016651,AVAQ65631,Bura,qfever,Irrigated,negative
3056,65678,73.2,20,0,40,0,Cattle,Orma Boran,Female,Kid/Lamb/Calf,BDT072882,BSR015838,AVAQ65678,Bura,rvf,Irrigated,negative
3056,65644,73.2,20,0,40,0,Cattle,Orma Boran,Female,Kid/Lamb/Calf,BDT073403,BSR015853,AVAQ65644,Bura,rvf,Irrigated,negative
3056,65607,73.2,20,0,40,0,Cattle,Orma Boran,Female,Weaner,BDT073367,BSR015832,AVAQ65607,Bura,brucella,Irrigated,negative
3056,65658,73.2,20,0,40,0,Goat,"Galla Goat, Cross",Female,Adult,BDT072888,BSR015826,AVAQ65658,Bura,brucella,Irrigated,negative
3056,65687,73.2,20,0,40,0,Cattle,Orma Boran,Female,Adult,BDT073359,BSR015843,AVAQ65687,Bura,rvf,Irrigated,negative
3056,65678,73.2,20,0,40,0,Cattle,Orma Boran,Female,Kid/Lamb/Calf,BDT072882,BSR015838,AVAQ65678,Bura,qfever,Irrigated,negative
3056,65657,73.2,20,0,40,0,Cattle,Orma Boran,Female,Adult,BDT073089,BSR015848,AVAQ65657,Bura,qfever,Irrigated,negative
3056,66105,73.2,20,0,40,0,Cattle,Orma Boran,Female,Adult,BDT072883,BSR015858,AVAQ66105,Bura,qfever,Irrigated,negative
3056,66105,73.2,20,0,40,0,Cattle,Orma Boran,Female,Adult,BDT072883,BSR015858,AVAQ66105,Bura,rvf,Irrigated,negative
3056,65599,73.2,20,0,40,0,Cattle,Orma Boran,Male,Kid/Lamb/Calf,BDT072866,BSR015869,AVAQ65599,Bura,qfever,Irrigated,negative
3056,67022,73.2,20,0,40,0,Cattle,Orma Boran,Female,Adult,BDT073378,BSR015842,AVAQ67022,Bura,rvf,Irrigated,positive
3056,65639,73.2,20,0,40,0,Goat,"Galla Goat, Cross",Female,Adult,BDT072907,BSR015836,AVAQ65639,Bura,rvf,Irrigated,negative
3056,65632,73.2,20,0,40,0,Cattle,Orma Boran,Female,Weaner,BDT073387,BSR015844,AVAQ65632,Bura,qfever,Irrigated,negative
3056,65298,73.2,20,0,40,0,Cattle,Orma Boran,Male,Kid/Lamb/Calf,BDT073402,BSR015831,AVAQ65298,Bura,rvf,Irrigated,negative
3056,67009,73.2,20,0,40,0,Cattle,Orma Boran,Male,Kid/Lamb/Calf,BDT072893,BSR015828,AVAQ67009,Bura,rvf,Irrigated,negative
3056,65700,73.2,20,0,40,0,Cattle,Orma Boran,Female,Adult,BDT072894,BSR015867,AVAQ65700,Bura,rvf,Irrigated,negative
3056,65602,73.2,20,0,40,0,Cattle,Orma Boran,Female,Weaner,BDT073079,BSR015849,AVAQ65602,Bura,brucella,Irrigated,negative
3056,65687,73.2,20,0,40,0,Cattle,Orma Boran,Female,Adult,BDT073359,BSR015843,AVAQ65687,Bura,brucella,Irrigated,negative
3056,66054,73.2,20,0,40,0,Cattle,Orma Boran,Female,Adult,BDT073084,BSR015868,AVAQ66054,Bura,brucella,Irrigated,negative
3056,66821,73.2,20,0,40,0,Cattle,Orma Boran,Female,Weaner,BDT073380,BSR015841,AVAQ66821,Bura,qfever,Irrigated,negative
3056,65657,73.2,20,0,40,0,Cattle,Orma Boran,Female,Adult,BDT073089,BSR015848,AVAQ65657,Bura,brucella,Irrigated,negative
3056,65294,73.2,20,0,40,0,Goat,"Galla Goat, Cross",Female,Adult,BDT072896,BSR016867,AVAQ65294,Bura,rvf,Irrigated,negative
3056,65294,73.2,20,0,40,0,Goat,"Galla Goat, Cross",Female,Adult,BDT072896,BSR016867,AVAQ65294,Bura,qfever,Irrigated,positive
3056,65658,73.2,20,0,40,0,Goat,"Galla Goat, Cross",Female,Adult,BDT072888,BSR015826,AVAQ65658,Bura,rvf,Irrigated,negative
3056,65639,73.2,20,0,40,0,Goat,"Galla Goat, Cross",Female,Adult,BDT072907,BSR015836,AVAQ65639,Bura,brucella,Irrigated,positive
3056,66054,73.2,20,0,40,0,Cattle,Orma Boran,Female,Adult,BDT073084,BSR015868,AVAQ66054,Bura,rvf,Irrigated,negative
3056,65658,73.2,20,0,40,0,Goat,"Galla Goat, Cross",Female,Adult,BDT072888,BSR015826,AVAQ65658,Bura,qfever,Irrigated,positive
3056,65704,73.2,20,0,40,0,Cattle,Orma Boran,Male,Adult,BDT072902,BSR015851,AVAQ65704,Bura,rvf,Irrigated,negative
3056,66121,73.2,20,0,40,0,Goat,"Galla Goat, Cross",Female,Adult,BDT072861,BSR016831,AVAQ66121,Bura,rvf,Irrigated,negative
3056,65665,73.2,20,0,40,0,Cattle,Orma Boran,Female,Weaner,BDT072903,BSR015829,AVAQ65665,Bura,qfever,Irrigated,negative
3056,67009,73.2,20,0,40,0,Cattle,Orma Boran,Male,Kid/Lamb/Calf,BDT072893,BSR015828,AVAQ67009,Bura,brucella,Irrigated,negative
3056,65598,73.2,20,0,40,0,Cattle,Orma Boran,Male,Weaner,BDT072908,BSR015857,AVAQ65598,Bura,qfever,Irrigated,negative
3056,65633,73.2,20,0,40,0,Goat,"Galla Goat, Cross",Female,Adult,BDT073368,BSR015856,AVAQ65633,Bura,brucella,Irrigated,negative
3057,66066,62.9,10,12,2,0,Goat,"Galla Goat, Cross",Female,Adult,BDT073197,BSR015865,AVAQ66066,Bura,brucella,Irrigated,negative
3057,65677,62.9,10,12,2,0,Goat,"Galla Goat, Cross",Male,Adult,BDT072900,BSR016856,AVAQ65677,Bura,rvf,Irrigated,negative
3057,66057,62.9,10,12,2,0,Sheep,Black Head Persian,Male,Kid/Lamb/Calf,BDT072898,BSR016855,AVAQ66057,Bura,rvf,Irrigated,negative
3057,65637,62.9,10,12,2,0,Sheep,Black Head Persian,Female,Adult,BDT072904,BSR016858,AVAQ65637,Bura,qfever,Irrigated,negative
3057,65664,62.9,10,12,2,0,Sheep,Black Head Persian,Female,Adult,BDT072913,BSR016857,AVAQ65664,Bura,qfever,Irrigated,negative
3057,65637,62.9,10,12,2,0,Sheep,Black Head Persian,Female,Adult,BDT072904,BSR016858,AVAQ65637,Bura,rvf,Irrigated,negative
3057,66108,62.9,10,12,2,0,Goat,"Galla Goat, Cross",Female,Adult,BDT072884,BSR016830,AVAQ66108,Bura,brucella,Irrigated,negative
3057,66010,62.9,10,12,2,0,Cattle,Orma Boran,Male,Kid/Lamb/Calf,BDT072918,BSR016859,AVAQ66010,Bura,qfever,Irrigated,negative
3057,66108,62.9,10,12,2,0,Goat,"Galla Goat, Cross",Female,Adult,BDT072884,BSR016830,AVAQ66108,Bura,qfever,Irrigated,negative
3057,66057,62.9,10,12,2,0,Sheep,Black Head Persian,Male,Kid/Lamb/Calf,BDT072898,BSR016855,AVAQ66057,Bura,qfever,Irrigated,negative
3057,66101,62.9,10,12,2,0,Sheep,Black Head Persian,Female,Adult,BDT073200,BSR016851,AVAQ66101,Bura,qfever,Irrigated,negative
3057,65664,62.9,10,12,2,0,Sheep,Black Head Persian,Female,Adult,BDT072913,BSR016857,AVAQ65664,Bura,brucella,Irrigated,negative
3057,66010,62.9,10,12,2,0,Cattle,Orma Boran,Male,Kid/Lamb/Calf,BDT072918,BSR016859,AVAQ66010,Bura,brucella,Irrigated,negative
3057,66101,62.9,10,12,2,0,Sheep,Black Head Persian,Female,Adult,BDT073200,BSR016851,AVAQ66101,Bura,rvf,Irrigated,negative
3057,65992,62.9,10,12,2,0,Goat,"Galla Goat, Cross",Female,Kid/Lamb/Calf,BDT072897,BSR016864,AVAQ65992,Bura,brucella,Irrigated,negative
3057,66051,62.9,10,12,2,0,Goat,"Galla Goat, Cross",Female,Weaner,BDT073196,BSR016828,AVAQ66051,Bura,brucella,Irrigated,negative
3057,66108,62.9,10,12,2,0,Goat,"Galla Goat, Cross",Female,Adult,BDT072884,BSR016830,AVAQ66108,Bura,rvf,Irrigated,negative
3057,66101,62.9,10,12,2,0,Sheep,Black Head Persian,Female,Adult,BDT073200,BSR016851,AVAQ66101,Bura,brucella,Irrigated,negative
3057,66051,62.9,10,12,2,0,Goat,"Galla Goat, Cross",Female,Weaner,BDT073196,BSR016828,AVAQ66051,Bura,rvf,Irrigated,negative
3057,65992,62.9,10,12,2,0,Goat,"Galla Goat, Cross",Female,Kid/Lamb/Calf,BDT072897,BSR016864,AVAQ65992,Bura,rvf,Irrigated,negative
3057,66066,62.9,10,12,2,0,Goat,"Galla Goat, Cross",Female,Adult,BDT073197,BSR015865,AVAQ66066,Bura,qfever,Irrigated,negative
3057,65677,62.9,10,12,2,0,Goat,"Galla Goat, Cross",Male,Adult,BDT072900,BSR016856,AVAQ65677,Bura,brucella,Irrigated,negative
3057,65992,62.9,10,12,2,0,Goat,"Galla Goat, Cross",Female,Kid/Lamb/Calf,BDT072897,BSR016864,AVAQ65992,Bura,qfever,Irrigated,negative
3057,65664,62.9,10,12,2,0,Sheep,Black Head Persian,Female,Adult,BDT072913,BSR016857,AVAQ65664,Bura,rvf,Irrigated,negative
3057,66010,62.9,10,12,2,0,Cattle,Orma Boran,Male,Kid/Lamb/Calf,BDT072918,BSR016859,AVAQ66010,Bura,rvf,Irrigated,negative
3057,66066,62.9,10,12,2,0,Goat,"Galla Goat, Cross",Female,Adult,BDT073197,BSR015865,AVAQ66066,Bura,rvf,Irrigated,negative
3057,66051,62.9,10,12,2,0,Goat,"Galla Goat, Cross",Female,Weaner,BDT073196,BSR016828,AVAQ66051,Bura,qfever,Irrigated,negative
3057,65677,62.9,10,12,2,0,Goat,"Galla Goat, Cross",Male,Adult,BDT072900,BSR016856,AVAQ65677,Bura,qfever,Irrigated,negative
3057,66057,62.9,10,12,2,0,Sheep,Black Head Persian,Male,Kid/Lamb/Calf,BDT072898,BSR016855,AVAQ66057,Bura,brucella,Irrigated,negative
3057,65637,62.9,10,12,2,0,Sheep,Black Head Persian,Female,Adult,BDT072904,BSR016858,AVAQ65637,Bura,brucella,Irrigated,negative
3058,65672,0,0,25,50,0,Cattle,Orma Boran,Female,Adult,BDT072860,BSR016871,AVAQ65672,Bura,qfever,Irrigated,positive
3058,66784,0,0,25,50,0,Cattle,Orma Boran,Male,Kid/Lamb/Calf,BDT073175,BSR016840,AVAQ66784,Bura,rvf,Irrigated,negative
3058,65642,0,0,25,50,0,Cattle,Orma Boran,Male,Weaner,BDT072859,BSR016868,AVAQ65642,Bura,qfever,Irrigated,negative
3058,66645,0,0,25,50,0,Cattle,Orma Boran,Male,Kid/Lamb/Calf,BDT073069,BSR016846,AVAQ66645,Bura,brucella,Irrigated,negative
3058,66113,0,0,25,50,0,Cattle,Orma Boran,Female,Adult,BDT072874,BSR016860,AVAQ66113,Bura,qfever,Irrigated,negative
3058,66801,0,0,25,50,0,Sheep,Black Head Persian,Female,Adult,BDT073179,BSR016837,AVAQ66801,Bura,rvf,Irrigated,negative
3058,65990,0,0,25,50,0,Cattle,Orma Boran,Female,Weaner,BDT073195,BSR016850,AVAQ65990,Bura,brucella,Irrigated,negative
3058,66053,0,0,25,50,0,Cattle,Orma Boran,Female,Kid/Lamb/Calf,BDT073208,BSR016843,AVAQ66053,Bura,qfever,Irrigated,negative
3058,65672,0,0,25,50,0,Cattle,Orma Boran,Female,Adult,BDT072860,BSR016871,AVAQ65672,Bura,brucella,Irrigated,negative
3058,66777,0,0,25,50,0,Sheep,Black Head Persian,Female,Adult,BDT073192,BSR016848,AVAQ66777,Bura,qfever,Irrigated,negative
3058,66113,0,0,25,50,0,Cattle,Orma Boran,Female,Adult,BDT072874,BSR016860,AVAQ66113,Bura,rvf,Irrigated,negative
3058,66113,0,0,25,50,0,Cattle,Orma Boran,Female,Adult,BDT072874,BSR016860,AVAQ66113,Bura,brucella,Irrigated,negative
3058,66822,0,0,25,50,0,Cattle,Orma Boran,Male,Kid/Lamb/Calf,BDT073173,BSR016853,AVAQ66822,Bura,qfever,Irrigated,negative
3058,66644,0,0,25,50,0,Sheep,Black Head Persian,Female,Kid/Lamb/Calf,BDT073191,BSR016839,AVAQ66644,Bura,brucella,Irrigated,negative
3058,65674,0,0,25,50,0,Cattle,Orma Boran,Female,Adult,BDT072877,BSR016862,AVAQ65674,Bura,qfever,Irrigated,negative
3058,65300,0,0,25,50,0,Sheep,Black Head Persian,Female,Adult,BDT073164,BSR016842,AVAQ65300,Bura,rvf,Irrigated,negative
3058,66641,0,0,25,50,0,Goat,"Galla Goat, Cross",Female,Adult,BDT072906,BSR016838,AVAQ66641,Bura,qfever,Irrigated,negative
3058,66777,0,0,25,50,0,Sheep,Black Head Persian,Female,Adult,BDT073192,BSR016848,AVAQ66777,Bura,brucella,Irrigated,negative
3058,65672,0,0,25,50,0,Cattle,Orma Boran,Female,Adult,BDT072860,BSR016871,AVAQ65672,Bura,rvf,Irrigated,negative
3058,66059,0,0,25,50,0,Cattle,Orma Boran,Female,Weaner,BDT072895,BSR015846,AVAQ66059,Bura,brucella,Irrigated,negative
3058,66053,0,0,25,50,0,Cattle,Orma Boran,Female,Kid/Lamb/Calf,BDT073208,BSR016843,AVAQ66053,Bura,rvf,Irrigated,negative
3058,66784,0,0,25,50,0,Cattle,Orma Boran,Male,Kid/Lamb/Calf,BDT073175,BSR016840,AVAQ66784,Bura,qfever,Irrigated,negative
3058,66644,0,0,25,50,0,Sheep,Black Head Persian,Female,Kid/Lamb/Calf,BDT073191,BSR016839,AVAQ66644,Bura,qfever,Irrigated,negative
3058,65674,0,0,25,50,0,Cattle,Orma Boran,Female,Adult,BDT072877,BSR016862,AVAQ65674,Bura,brucella,Irrigated,negative
3058,66102,0,0,25,50,0,Cattle,Orma Boran,Female,Weaner,BDT072869,BSR016861,AVAQ66102,Bura,rvf,Irrigated,negative
3058,66822,0,0,25,50,0,Cattle,Orma Boran,Male,Kid/Lamb/Calf,BDT073173,BSR016853,AVAQ66822,Bura,brucella,Irrigated,negative
3058,65701,0,0,25,50,0,Cattle,Orma Boran,Female,Adult,BDT072889,BSR015859,AVAQ65701,Bura,qfever,Irrigated,negative
3058,66801,0,0,25,50,0,Sheep,Black Head Persian,Female,Adult,BDT073179,BSR016837,AVAQ66801,Bura,brucella,Irrigated,negative
3058,65642,0,0,25,50,0,Cattle,Orma Boran,Male,Weaner,BDT072859,BSR016868,AVAQ65642,Bura,rvf,Irrigated,negative
3058,66645,0,0,25,50,0,Cattle,Orma Boran,Male,Kid/Lamb/Calf,BDT073069,BSR016846,AVAQ66645,Bura,qfever,Irrigated,negative
3058,66645,0,0,25,50,0,Cattle,Orma Boran,Male,Kid/Lamb/Calf,BDT073069,BSR016846,AVAQ66645,Bura,rvf,Irrigated,negative
3058,65990,0,0,25,50,0,Cattle,Orma Boran,Female,Weaner,BDT073195,BSR016850,AVAQ65990,Bura,rvf,Irrigated,negative
3058,66822,0,0,25,50,0,Cattle,Orma Boran,Male,Kid/Lamb/Calf,BDT073173,BSR016853,AVAQ66822,Bura,rvf,Irrigated,negative
3058,66053,0,0,25,50,0,Cattle,Orma Boran,Female,Kid/Lamb/Calf,BDT073208,BSR016843,AVAQ66053,Bura,brucella,Irrigated,negative
3058,66784,0,0,25,50,0,Cattle,Orma Boran,Male,Kid/Lamb/Calf,BDT073175,BSR016840,AVAQ66784,Bura,brucella,Irrigated,negative
3058,66641,0,0,25,50,0,Goat,"Galla Goat, Cross",Female,Adult,BDT072906,BSR016838,AVAQ66641,Bura,brucella,Irrigated,negative
3058,66641,0,0,25,50,0,Goat,"Galla Goat, Cross",Female,Adult,BDT072906,BSR016838,AVAQ66641,Bura,rvf,Irrigated,negative
3058,65696,0,0,25,50,0,Cattle,"Orma Boran, Cross",Female,Weaner,BDT072880,BSR015855,AVAQ65696,Bura,qfever,Irrigated,negative
3058,65707,0,0,25,50,0,Cattle,"Orma Boran, Cross",Female,Adult,BDT072885,BSR016865,AVAQ65707,Bura,rvf,Irrigated,negative
3058,65707,0,0,25,50,0,Cattle,"Orma Boran, Cross",Female,Adult,BDT072885,BSR016865,AVAQ65707,Bura,qfever,Irrigated,negative
3058,66102,0,0,25,50,0,Cattle,Orma Boran,Female,Weaner,BDT072869,BSR016861,AVAQ66102,Bura,qfever,Irrigated,negative
3058,66665,0,0,25,50,0,Goat,"Galla Goat, Cross",Female,Adult,BDT073171,BSR016835,AVAQ66665,Bura,qfever,Irrigated,negative
3058,66665,0,0,25,50,0,Goat,"Galla Goat, Cross",Female,Adult,BDT073171,BSR016835,AVAQ66665,Bura,rvf,Irrigated,negative
3058,65707,0,0,25,50,0,Cattle,"Orma Boran, Cross",Female,Adult,BDT072885,BSR016865,AVAQ65707,Bura,brucella,Irrigated,negative
3058,66801,0,0,25,50,0,Sheep,Black Head Persian,Female,Adult,BDT073179,BSR016837,AVAQ66801,Bura,qfever,Irrigated,negative
3058,65642,0,0,25,50,0,Cattle,Orma Boran,Male,Weaner,BDT072859,BSR016868,AVAQ65642,Bura,brucella,Irrigated,negative
3058,66059,0,0,25,50,0,Cattle,Orma Boran,Female,Weaner,BDT072895,BSR015846,AVAQ66059,Bura,qfever,Irrigated,negative
3058,65696,0,0,25,50,0,Cattle,"Orma Boran, Cross",Female,Weaner,BDT072880,BSR015855,AVAQ65696,Bura,rvf,Irrigated,negative
3058,66644,0,0,25,50,0,Sheep,Black Head Persian,Female,Kid/Lamb/Calf,BDT073191,BSR016839,AVAQ66644,Bura,rvf,Irrigated,negative
3058,66777,0,0,25,50,0,Sheep,Black Head Persian,Female,Adult,BDT073192,BSR016848,AVAQ66777,Bura,rvf,Irrigated,negative
3058,65701,0,0,25,50,0,Cattle,Orma Boran,Female,Adult,BDT072889,BSR015859,AVAQ65701,Bura,brucella,Irrigated,negative
3058,65696,0,0,25,50,0,Cattle,"Orma Boran, Cross",Female,Weaner,BDT072880,BSR015855,AVAQ65696,Bura,brucella,Irrigated,negative
3058,66059,0,0,25,50,0,Cattle,Orma Boran,Female,Weaner,BDT072895,BSR015846,AVAQ66059,Bura,rvf,Irrigated,negative
3058,65300,0,0,25,50,0,Sheep,Black Head Persian,Female,Adult,BDT073164,BSR016842,AVAQ65300,Bura,qfever,Irrigated,negative
3058,66665,0,0,25,50,0,Goat,"Galla Goat, Cross",Female,Adult,BDT073171,BSR016835,AVAQ66665,Bura,brucella,Irrigated,negative
3058,65701,0,0,25,50,0,Cattle,Orma Boran,Female,Adult,BDT072889,BSR015859,AVAQ65701,Bura,rvf,Irrigated,negative
3058,65300,0,0,25,50,0,Sheep,Black Head Persian,Female,Adult,BDT073164,BSR016842,AVAQ65300,Bura,brucella,Irrigated,negative
3058,65674,0,0,25,50,0,Cattle,Orma Boran,Female,Adult,BDT072877,BSR016862,AVAQ65674,Bura,rvf,Irrigated,negative
3058,66102,0,0,25,50,0,Cattle,Orma Boran,Female,Weaner,BDT072869,BSR016861,AVAQ66102,Bura,brucella,Irrigated,negative
3058,65990,0,0,25,50,0,Cattle,Orma Boran,Female,Weaner,BDT073195,BSR016850,AVAQ65990,Bura,qfever,Irrigated,negative
3059,65666,75.4,20,0,39,0,Cattle,Orma Boran,Female,Adult,BDT072878,BSR015839,AVAQ65666,Bura,rvf,Irrigated,negative
3059,65697,75.4,20,0,39,0,Cattle,Orma Boran,Female,Adult,BDT073190,BSR015845,AVAQ65697,Bura,qfever,Irrigated,negative
3059,66660,75.4,20,0,39,0,Goat,"Galla Goat, Cross",Male,Kid/Lamb/Calf,BDT073165,BSR016832,AVAQ66660,Bura,rvf,Irrigated,negative
3059,65669,75.4,20,0,39,0,Cattle,Orma Boran,Female,Adult,BDT072892,BSR015840,AVAQ65669,Bura,rvf,Irrigated,negative
3059,65301,75.4,20,0,39,0,Cattle,Orma Boran,Female,Adult,BDT073094,BSR016829,AVAQ65301,Bura,qfever,Irrigated,positive
3059,66660,75.4,20,0,39,0,Goat,"Galla Goat, Cross",Male,Kid/Lamb/Calf,BDT073165,BSR016832,AVAQ66660,Bura,brucella,Irrigated,negative
3059,65697,75.4,20,0,39,0,Cattle,Orma Boran,Female,Adult,BDT073190,BSR015845,AVAQ65697,Bura,rvf,Irrigated,negative
3059,66000,75.4,20,0,39,0,Cattle,Orma Boran,Male,Kid/Lamb/Calf,BDT073202,BSR016833,AVAQ66000,Bura,qfever,Irrigated,negative
3059,65662,75.4,20,0,39,0,Goat,"Galla Goat, Cross",Male,Adult,BDT073177,BSR015860,AVAQ65662,Bura,brucella,Irrigated,negative
3059,66790,75.4,20,0,39,0,Goat,"Galla Goat, Cross",Female,Adult,BDT073193,BSR016849,AVAQ66790,Bura,brucella,Irrigated,negative
3059,65628,75.4,20,0,39,0,Cattle,Orma Boran,Female,Kid/Lamb/Calf,BDT073199,BSR016852,AVAQ65628,Bura,qfever,Irrigated,negative
3059,66782,75.4,20,0,39,0,Goat,"Galla Goat, Cross",Female,Adult,BDT073166,BSR015861,AVAQ66782,Bura,rvf,Irrigated,negative
3059,66782,75.4,20,0,39,0,Goat,"Galla Goat, Cross",Female,Adult,BDT073166,BSR015861,AVAQ66782,Bura,brucella,Irrigated,negative
3059,66790,75.4,20,0,39,0,Goat,"Galla Goat, Cross",Female,Adult,BDT073193,BSR016849,AVAQ66790,Bura,qfever,Irrigated,negative
3059,66685,75.4,20,0,39,0,Cattle,Orma Boran,Male,Weaner,BDT072890,BSR015850,AVAQ66685,Bura,qfever,Irrigated,negative
3059,65666,75.4,20,0,39,0,Cattle,Orma Boran,Female,Adult,BDT072878,BSR015839,AVAQ65666,Bura,brucella,Irrigated,negative
3059,66660,75.4,20,0,39,0,Goat,"Galla Goat, Cross",Male,Kid/Lamb/Calf,BDT073165,BSR016832,AVAQ66660,Bura,qfever,Irrigated,negative
3059,65301,75.4,20,0,39,0,Cattle,Orma Boran,Female,Adult,BDT073094,BSR016829,AVAQ65301,Bura,brucella,Irrigated,negative
3059,66000,75.4,20,0,39,0,Cattle,Orma Boran,Male,Kid/Lamb/Calf,BDT073202,BSR016833,AVAQ66000,Bura,brucella,Irrigated,negative
3059,66663,75.4,20,0,39,0,Cattle,Orma Boran,Female,Kid/Lamb/Calf,BDT073184,BSR016845,AVAQ66663,Bura,qfever,Irrigated,negative
3059,65994,75.4,20,0,39,0,Goat,"Galla Goat, Cross",Male,Weaner,BDT072872,BSR015866,AVAQ65994,Bura,rvf,Irrigated,negative
3059,66782,75.4,20,0,39,0,Goat,"Galla Goat, Cross",Female,Adult,BDT073166,BSR015861,AVAQ66782,Bura,qfever,Irrigated,negative
3059,65295,75.4,20,0,39,0,Cattle,Orma Boran,Female,Adult,BDT072901,BSR015870,AVAQ65295,Bura,brucella,Irrigated,negative
3059,65295,75.4,20,0,39,0,Cattle,Orma Boran,Female,Adult,BDT072901,BSR015870,AVAQ65295,Bura,qfever,Irrigated,negative
3059,66783,75.4,20,0,39,0,Cattle,Orma Boran,Female,Adult,BDT072905,BSR015871,AVAQ66783,Bura,qfever,Irrigated,negative
3059,65628,75.4,20,0,39,0,Cattle,Orma Boran,Female,Kid/Lamb/Calf,BDT073199,BSR016852,AVAQ65628,Bura,rvf,Irrigated,negative
3059,65662,75.4,20,0,39,0,Goat,"Galla Goat, Cross",Male,Adult,BDT073177,BSR015860,AVAQ65662,Bura,rvf,Irrigated,negative
3059,65628,75.4,20,0,39,0,Cattle,Orma Boran,Female,Kid/Lamb/Calf,BDT073199,BSR016852,AVAQ65628,Bura,brucella,Irrigated,negative
3059,66000,75.4,20,0,39,0,Cattle,Orma Boran,Male,Kid/Lamb/Calf,BDT073202,BSR016833,AVAQ66000,Bura,rvf,Irrigated,negative
3059,65994,75.4,20,0,39,0,Goat,"Galla Goat, Cross",Male,Weaner,BDT072872,BSR015866,AVAQ65994,Bura,brucella,Irrigated,negative
3059,66790,75.4,20,0,39,0,Goat,"Galla Goat, Cross",Female,Adult,BDT073193,BSR016849,AVAQ66790,Bura,rvf,Irrigated,negative
3059,66663,75.4,20,0,39,0,Cattle,Orma Boran,Female,Kid/Lamb/Calf,BDT073184,BSR016845,AVAQ66663,Bura,brucella,Irrigated,negative
3059,66783,75.4,20,0,39,0,Cattle,Orma Boran,Female,Adult,BDT072905,BSR015871,AVAQ66783,Bura,rvf,Irrigated,negative
3059,65994,75.4,20,0,39,0,Goat,"Galla Goat, Cross",Male,Weaner,BDT072872,BSR015866,AVAQ65994,Bura,qfever,Irrigated,negative
3059,66685,75.4,20,0,39,0,Cattle,Orma Boran,Male,Weaner,BDT072890,BSR015850,AVAQ66685,Bura,rvf,Irrigated,negative
3059,65662,75.4,20,0,39,0,Goat,"Galla Goat, Cross",Male,Adult,BDT073177,BSR015860,AVAQ65662,Bura,qfever,Irrigated,negative
3059,65669,75.4,20,0,39,0,Cattle,Orma Boran,Female,Adult,BDT072892,BSR015840,AVAQ65669,Bura,qfever,Irrigated,negative
3059,65669,75.4,20,0,39,0,Cattle,Orma Boran,Female,Adult,BDT072892,BSR015840,AVAQ65669,Bura,brucella,Irrigated,negative
3059,66685,75.4,20,0,39,0,Cattle,Orma Boran,Male,Weaner,BDT072890,BSR015850,AVAQ66685,Bura,brucella,Irrigated,negative
3059,66663,75.4,20,0,39,0,Cattle,Orma Boran,Female,Kid/Lamb/Calf,BDT073184,BSR016845,AVAQ66663,Bura,rvf,Irrigated,negative
3059,65301,75.4,20,0,39,0,Cattle,Orma Boran,Female,Adult,BDT073094,BSR016829,AVAQ65301,Bura,rvf,Irrigated,negative
3059,66783,75.4,20,0,39,0,Cattle,Orma Boran,Female,Adult,BDT072905,BSR015871,AVAQ66783,Bura,brucella,Irrigated,negative
3059,65697,75.4,20,0,39,0,Cattle,Orma Boran,Female,Adult,BDT073190,BSR015845,AVAQ65697,Bura,brucella,Irrigated,negative
3059,65666,75.4,20,0,39,0,Cattle,Orma Boran,Female,Adult,BDT072878,BSR015839,AVAQ65666,Bura,qfever,Irrigated,negative
3059,65295,75.4,20,0,39,0,Cattle,Orma Boran,Female,Adult,BDT072901,BSR015870,AVAQ65295,Bura,rvf,Irrigated,negative
3060,66110,68.1,0,0,20,0,Cattle,Orma Boran,Female,Adult,BDT073159,BSR016560,AVAQ66110,Bura,qfever,Irrigated,negative
3060,66003,68.1,0,0,20,0,Cattle,Orma Boran,Female,Weaner,BDT073189,BSR016574,AVAQ66003,Bura,brucella,Irrigated,negative
3060,66110,68.1,0,0,20,0,Cattle,Orma Boran,Female,Adult,BDT073159,BSR016560,AVAQ66110,Bura,rvf,Irrigated,negative
3060,66110,68.1,0,0,20,0,Cattle,Orma Boran,Female,Adult,BDT073159,BSR016560,AVAQ66110,Bura,brucella,Irrigated,negative
3060,65600,68.1,0,0,20,0,Cattle,Orma Boran,Female,Weaner,BDT073182,BSR016827,AVAQ65600,Bura,qfever,Irrigated,negative
3060,65600,68.1,0,0,20,0,Cattle,Orma Boran,Female,Weaner,BDT073182,BSR016827,AVAQ65600,Bura,brucella,Irrigated,negative
3060,66003,68.1,0,0,20,0,Cattle,Orma Boran,Female,Weaner,BDT073189,BSR016574,AVAQ66003,Bura,rvf,Irrigated,negative
3060,65648,68.1,0,0,20,0,Cattle,Orma Boran,Female,Weaner,BDT073186,BSR016841,AVAQ65648,Bura,rvf,Irrigated,negative
3060,65648,68.1,0,0,20,0,Cattle,Orma Boran,Female,Weaner,BDT073186,BSR016841,AVAQ65648,Bura,qfever,Irrigated,negative
3060,65648,68.1,0,0,20,0,Cattle,Orma Boran,Female,Weaner,BDT073186,BSR016841,AVAQ65648,Bura,brucella,Irrigated,negative
3060,66650,68.1,0,0,20,0,Cattle,Orma Boran,Male,Weaner,BDT073160,BSR016558,AVAQ66650,Bura,qfever,Irrigated,negative
3060,66650,68.1,0,0,20,0,Cattle,Orma Boran,Male,Weaner,BDT073160,BSR016558,AVAQ66650,Bura,rvf,Irrigated,negative
3060,65600,68.1,0,0,20,0,Cattle,Orma Boran,Female,Weaner,BDT073182,BSR016827,AVAQ65600,Bura,rvf,Irrigated,negative
3060,66003,68.1,0,0,20,0,Cattle,Orma Boran,Female,Weaner,BDT073189,BSR016574,AVAQ66003,Bura,qfever,Irrigated,negative
3060,66650,68.1,0,0,20,0,Cattle,Orma Boran,Male,Weaner,BDT073160,BSR016558,AVAQ66650,Bura,brucella,Irrigated,negative
3061,66671,69.4,6,13,0,0,Sheep,Black Head Persian,Male,Adult,BDT073162,BSR016559,AVAQ66671,Bura,brucella,Irrigated,negative
3061,65694,69.4,6,13,0,0,Goat,"Galla Goat, Cross",Male,Kid/Lamb/Calf,BDT073393,BSR016567,AVAQ65694,Bura,rvf,Irrigated,negative
3061,66071,69.4,6,13,0,0,Sheep,Black Head Persian,Female,Adult,BDT073174,BSR016557,AVAQ66071,Bura,brucella,Irrigated,negative
3061,65694,69.4,6,13,0,0,Goat,"Galla Goat, Cross",Male,Kid/Lamb/Calf,BDT073393,BSR016567,AVAQ65694,Bura,brucella,Irrigated,negative
3061,66671,69.4,6,13,0,0,Sheep,Black Head Persian,Male,Adult,BDT073162,BSR016559,AVAQ66671,Bura,rvf,Irrigated,negative
3061,66071,69.4,6,13,0,0,Sheep,Black Head Persian,Female,Adult,BDT073174,BSR016557,AVAQ66071,Bura,qfever,Irrigated,negative
3061,66060,69.4,6,13,0,0,Goat,"Galla Goat, Cross",Female,Adult,BDT073168,BSR016844,AVAQ66060,Bura,rvf,Irrigated,negative
3061,65689,69.4,6,13,0,0,Sheep,Black Head Persian,Female,Adult,BDT073183,BSR016826,AVAQ65689,Bura,brucella,Irrigated,negative
3061,66060,69.4,6,13,0,0,Goat,"Galla Goat, Cross",Female,Adult,BDT073168,BSR016844,AVAQ66060,Bura,qfever,Irrigated,negative
3061,66060,69.4,6,13,0,0,Goat,"Galla Goat, Cross",Female,Adult,BDT073168,BSR016844,AVAQ66060,Bura,brucella,Irrigated,negative
3061,65305,69.4,6,13,0,0,Sheep,Black Head Persian,Male,Adult,BDT073404,BSR016562,AVAQ65305,Bura,qfever,Irrigated,negative
3061,65689,69.4,6,13,0,0,Sheep,Black Head Persian,Female,Adult,BDT073183,BSR016826,AVAQ65689,Bura,qfever,Irrigated,positive
3061,66071,69.4,6,13,0,0,Sheep,Black Head Persian,Female,Adult,BDT073174,BSR016557,AVAQ66071,Bura,rvf,Irrigated,negative
3061,66662,69.4,6,13,0,0,Sheep,Black Head Persian,Female,Adult,BDT072899,BSR016572,AVAQ66662,Bura,qfever,Irrigated,negative
3061,66662,69.4,6,13,0,0,Sheep,Black Head Persian,Female,Adult,BDT072899,BSR016572,AVAQ66662,Bura,rvf,Irrigated,negative
3061,66671,69.4,6,13,0,0,Sheep,Black Head Persian,Male,Adult,BDT073162,BSR016559,AVAQ66671,Bura,qfever,Irrigated,negative
3061,65305,69.4,6,13,0,0,Sheep,Black Head Persian,Male,Adult,BDT073404,BSR016562,AVAQ65305,Bura,rvf,Irrigated,negative
3061,65689,69.4,6,13,0,0,Sheep,Black Head Persian,Female,Adult,BDT073183,BSR016826,AVAQ65689,Bura,rvf,Irrigated,negative
3061,65694,69.4,6,13,0,0,Goat,"Galla Goat, Cross",Male,Kid/Lamb/Calf,BDT073393,BSR016567,AVAQ65694,Bura,qfever,Irrigated,negative
3061,65305,69.4,6,13,0,0,Sheep,Black Head Persian,Male,Adult,BDT073404,BSR016562,AVAQ65305,Bura,brucella,Irrigated,negative
3061,66662,69.4,6,13,0,0,Sheep,Black Head Persian,Female,Adult,BDT072899,BSR016572,AVAQ66662,Bura,brucella,Irrigated,positive
3062,65995,0,13,11,2,0,Goat,"Galla Goat, Cross",Male,Kid/Lamb/Calf,BDT073185,BSR016836,AVAQ65995,Bura,qfever,Irrigated,negative
3062,66643,0,13,11,2,0,Sheep,Black Head Persian,Female,Adult,BDT073167,BSR016564,AVAQ66643,Bura,qfever,Irrigated,negative
3062,65995,0,13,11,2,0,Goat,"Galla Goat, Cross",Male,Kid/Lamb/Calf,BDT073185,BSR016836,AVAQ65995,Bura,brucella,Irrigated,negative
3062,66916,0,13,11,2,0,Sheep,Black Head Persian,Female,Adult,BDT073169,BSR016870,AVAQ66916,Bura,qfever,Irrigated,positive
3062,66916,0,13,11,2,0,Sheep,Black Head Persian,Female,Adult,BDT073169,BSR016870,AVAQ66916,Bura,rvf,Irrigated,positive
3062,66916,0,13,11,2,0,Sheep,Black Head Persian,Female,Adult,BDT073169,BSR016870,AVAQ66916,Bura,brucella,Irrigated,negative
3062,65647,0,13,11,2,0,Sheep,Black Head Persian,Female,Adult,BDT073201,BSR016556,AVAQ65647,Bura,brucella,Irrigated,negative
3062,66672,0,13,11,2,0,Goat,"Galla Goat, Cross",Male,Kid/Lamb/Calf,BDT073377,BSR016551,AVAQ66672,Bura,rvf,Irrigated,negative
3062,66109,0,13,11,2,0,Goat,"Galla Goat, Cross",Female,Adult,BDT073181,BSR016872,AVAQ66109,Bura,brucella,Irrigated,negative
3062,65647,0,13,11,2,0,Sheep,Black Head Persian,Female,Adult,BDT073201,BSR016556,AVAQ65647,Bura,rvf,Irrigated,negative
3062,65995,0,13,11,2,0,Goat,"Galla Goat, Cross",Male,Kid/Lamb/Calf,BDT073185,BSR016836,AVAQ65995,Bura,rvf,Irrigated,negative
3062,66643,0,13,11,2,0,Sheep,Black Head Persian,Female,Adult,BDT073167,BSR016564,AVAQ66643,Bura,rvf,Irrigated,negative
3062,65691,0,13,11,2,0,Sheep,Black Head Persian,Male,Weaner,BDT073074,BSR016561,AVAQ65691,Bura,qfever,Irrigated,negative
3062,66109,0,13,11,2,0,Goat,"Galla Goat, Cross",Female,Adult,BDT073181,BSR016872,AVAQ66109,Bura,qfever,Irrigated,positive
3062,66672,0,13,11,2,0,Goat,"Galla Goat, Cross",Male,Kid/Lamb/Calf,BDT073377,BSR016551,AVAQ66672,Bura,qfever,Irrigated,negative
3062,65691,0,13,11,2,0,Sheep,Black Head Persian,Male,Weaner,BDT073074,BSR016561,AVAQ65691,Bura,brucella,Irrigated,negative
3062,65290,0,13,11,2,0,Goat,"Galla Goat, Cross",Female,Adult,BDT073187,BSR016548,AVAQ65290,Bura,rvf,Irrigated,negative
3062,66672,0,13,11,2,0,Goat,"Galla Goat, Cross",Male,Kid/Lamb/Calf,BDT073377,BSR016551,AVAQ66672,Bura,brucella,Irrigated,negative
3062,65290,0,13,11,2,0,Goat,"Galla Goat, Cross",Female,Adult,BDT073187,BSR016548,AVAQ65290,Bura,brucella,Irrigated,negative
3062,65647,0,13,11,2,0,Sheep,Black Head Persian,Female,Adult,BDT073201,BSR016556,AVAQ65647,Bura,qfever,Irrigated,positive
3062,66109,0,13,11,2,0,Goat,"Galla Goat, Cross",Female,Adult,BDT073181,BSR016872,AVAQ66109,Bura,rvf,Irrigated,negative
3062,66643,0,13,11,2,0,Sheep,Black Head Persian,Female,Adult,BDT073167,BSR016564,AVAQ66643,Bura,brucella,Irrigated,negative
3062,65691,0,13,11,2,0,Sheep,Black Head Persian,Male,Weaner,BDT073074,BSR016561,AVAQ65691,Bura,rvf,Irrigated,negative
3062,65290,0,13,11,2,0,Goat,"Galla Goat, Cross",Female,Adult,BDT073187,BSR016548,AVAQ65290,Bura,qfever,Irrigated,negative
3063,68782,60.3,60,100,100,0,Cattle,Orma Boran,Female,Adult,BDT073233,BSR016544,AVAQ68782,Bura,qfever,Non Irrigated,negative
3063,70528,60.3,60,100,100,0,Cattle,Orma Boran,Male,Weaner,BDT073232,BSR016566,AVAQ70528,Bura,rvf,Non Irrigated,negative
3063,68693,60.3,60,100,100,0,Cattle,Orma Boran,Female,Adult,BDT073170,BSR016571,AVAQ68693,Bura,brucella,Non Irrigated,negative
3063,70528,60.3,60,100,100,0,Cattle,Orma Boran,Male,Weaner,BDT073232,BSR016566,AVAQ70528,Bura,brucella,Non Irrigated,negative
3063,68687,60.3,60,100,100,0,Cattle,Orma Boran,Female,Adult,BDT073205,BSR016531,AVAQ68687,Bura,rvf,Non Irrigated,positive
3063,68682,60.3,60,100,100,0,Cattle,Orma Boran,Female,Weaner,BDT073180,BSR016555,AVAQ68682,Bura,rvf,Non Irrigated,negative
3063,68725,60.3,60,100,100,0,Cattle,Orma Boran,Female,Weaner,BDT073223,BSR016545,AVAQ68725,Bura,qfever,Non Irrigated,negative
3063,68725,60.3,60,100,100,0,Cattle,Orma Boran,Female,Weaner,BDT073223,BSR016545,AVAQ68725,Bura,brucella,Non Irrigated,negative
3063,68706,60.3,60,100,100,0,Cattle,Orma Boran,Female,Adult,BDT073258,BSR016538,AVAQ68706,Bura,brucella,Non Irrigated,positive
3063,68682,60.3,60,100,100,0,Cattle,Orma Boran,Female,Weaner,BDT073180,BSR016555,AVAQ68682,Bura,brucella,Non Irrigated,negative
3063,68678,60.3,60,100,100,0,Cattle,Orma Boran,Female,Adult,BDT073228,BSR016547,AVAQ68678,Bura,qfever,Non Irrigated,negative
3063,68678,60.3,60,100,100,0,Cattle,Orma Boran,Female,Adult,BDT073228,BSR016547,AVAQ68678,Bura,rvf,Non Irrigated,negative
3063,68675,60.3,60,100,100,0,Cattle,Orma Boran,Female,Weaner,BDT073229,BSR016546,AVAQ68675,Bura,qfever,Non Irrigated,negative
3063,68788,60.3,60,100,100,0,Cattle,Orma Boran,Female,Adult,BDT073227,BSR016530,AVAQ68788,Bura,brucella,Non Irrigated,negative
3063,68706,60.3,60,100,100,0,Cattle,Orma Boran,Female,Adult,BDT073258,BSR016538,AVAQ68706,Bura,rvf,Non Irrigated,negative
3063,68725,60.3,60,100,100,0,Cattle,Orma Boran,Female,Weaner,BDT073223,BSR016545,AVAQ68725,Bura,rvf,Non Irrigated,negative
3063,68687,60.3,60,100,100,0,Cattle,Orma Boran,Female,Adult,BDT073205,BSR016531,AVAQ68687,Bura,qfever,Non Irrigated,negative
3063,68682,60.3,60,100,100,0,Cattle,Orma Boran,Female,Weaner,BDT073180,BSR016555,AVAQ68682,Bura,qfever,Non Irrigated,negative
3063,68693,60.3,60,100,100,0,Cattle,Orma Boran,Female,Adult,BDT073170,BSR016571,AVAQ68693,Bura,qfever,Non Irrigated,negative
3063,68788,60.3,60,100,100,0,Cattle,Orma Boran,Female,Adult,BDT073227,BSR016530,AVAQ68788,Bura,qfever,Non Irrigated,negative
3063,68687,60.3,60,100,100,0,Cattle,Orma Boran,Female,Adult,BDT073205,BSR016531,AVAQ68687,Bura,brucella,Non Irrigated,negative
3063,68788,60.3,60,100,100,0,Cattle,Orma Boran,Female,Adult,BDT073227,BSR016530,AVAQ68788,Bura,rvf,Non Irrigated,negative
3063,68706,60.3,60,100,100,0,Cattle,Orma Boran,Female,Adult,BDT073258,BSR016538,AVAQ68706,Bura,qfever,Non Irrigated,negative
3063,68782,60.3,60,100,100,0,Cattle,Orma Boran,Female,Adult,BDT073233,BSR016544,AVAQ68782,Bura,brucella,Non Irrigated,negative
3063,68675,60.3,60,100,100,0,Cattle,Orma Boran,Female,Weaner,BDT073229,BSR016546,AVAQ68675,Bura,brucella,Non Irrigated,negative
3063,68693,60.3,60,100,100,0,Cattle,Orma Boran,Female,Adult,BDT073170,BSR016571,AVAQ68693,Bura,rvf,Non Irrigated,negative
3063,68678,60.3,60,100,100,0,Cattle,Orma Boran,Female,Adult,BDT073228,BSR016547,AVAQ68678,Bura,brucella,Non Irrigated,positive
3063,68675,60.3,60,100,100,0,Cattle,Orma Boran,Female,Weaner,BDT073229,BSR016546,AVAQ68675,Bura,rvf,Non Irrigated,negative
3063,70528,60.3,60,100,100,0,Cattle,Orma Boran,Male,Weaner,BDT073232,BSR016566,AVAQ70528,Bura,qfever,Non Irrigated,negative
3063,68782,60.3,60,100,100,0,Cattle,Orma Boran,Female,Adult,BDT073233,BSR016544,AVAQ68782,Bura,rvf,Non Irrigated,negative
3064,68688,70.2,0,0,30,0,Cattle,Orma Boran,Female,Adult,BDT073226,BSR016542,AVAQ68688,Bura,rvf,Non Irrigated,positive
3064,68677,70.2,0,0,30,0,Cattle,Orma Boran,Female,Adult,BDT073231,BSR016543,AVAQ68677,Bura,brucella,Non Irrigated,negative
3064,68683,70.2,0,0,30,0,Cattle,Orma Boran,Female,Adult,BDT073225,BSR016834,AVAQ68683,Bura,brucella,Non Irrigated,positive
3064,68673,70.2,0,0,30,0,Cattle,Orma Boran,Female,Adult,BDT073230,BSR016874,AVAQ68673,Bura,rvf,Non Irrigated,negative
3064,68649,70.2,0,0,30,0,Cattle,Orma Boran,Male,Kid/Lamb/Calf,BDT073255,BSR016533,AVAQ68649,Bura,qfever,Non Irrigated,negative
3064,68662,70.2,0,0,30,0,Cattle,Orma Boran,Female,Adult,BDT073224,BSR016553,AVAQ68662,Bura,qfever,Non Irrigated,negative
3064,68713,70.2,0,0,30,0,Cattle,Orma Boran,Female,Kid/Lamb/Calf,BDT073244,BSR016540,AVAQ68713,Bura,brucella,Non Irrigated,negative
3064,68649,70.2,0,0,30,0,Cattle,Orma Boran,Male,Kid/Lamb/Calf,BDT073255,BSR016533,AVAQ68649,Bura,rvf,Non Irrigated,negative
3064,68683,70.2,0,0,30,0,Cattle,Orma Boran,Female,Adult,BDT073225,BSR016834,AVAQ68683,Bura,rvf,Non Irrigated,negative
3064,68694,70.2,0,0,30,0,Cattle,Orma Boran,Female,Adult,BDT073251,BSR016550,AVAQ68694,Bura,rvf,Non Irrigated,negative
3064,68677,70.2,0,0,30,0,Cattle,Orma Boran,Female,Adult,BDT073231,BSR016543,AVAQ68677,Bura,qfever,Non Irrigated,negative
3064,68662,70.2,0,0,30,0,Cattle,Orma Boran,Female,Adult,BDT073224,BSR016553,AVAQ68662,Bura,brucella,Non Irrigated,negative
3064,68673,70.2,0,0,30,0,Cattle,Orma Boran,Female,Adult,BDT073230,BSR016874,AVAQ68673,Bura,brucella,Non Irrigated,negative
3064,68694,70.2,0,0,30,0,Cattle,Orma Boran,Female,Adult,BDT073251,BSR016550,AVAQ68694,Bura,qfever,Non Irrigated,negative
3064,68688,70.2,0,0,30,0,Cattle,Orma Boran,Female,Adult,BDT073226,BSR016542,AVAQ68688,Bura,brucella,Non Irrigated,negative
3064,68649,70.2,0,0,30,0,Cattle,Orma Boran,Male,Kid/Lamb/Calf,BDT073255,BSR016533,AVAQ68649,Bura,brucella,Non Irrigated,negative
3064,68670,70.2,0,0,30,0,Cattle,Orma Boran,Female,Adult,BDT073161,BSR016570,AVAQ68670,Bura,brucella,Non Irrigated,negative
3064,68726,70.2,0,0,30,0,Cattle,Orma Boran,Male,Kid/Lamb/Calf,BDT073221,BSR016541,AVAQ68726,Bura,brucella,Non Irrigated,negative
3064,68694,70.2,0,0,30,0,Cattle,Orma Boran,Female,Adult,BDT073251,BSR016550,AVAQ68694,Bura,brucella,Non Irrigated,negative
3064,68713,70.2,0,0,30,0,Cattle,Orma Boran,Female,Kid/Lamb/Calf,BDT073244,BSR016540,AVAQ68713,Bura,rvf,Non Irrigated,negative
3064,68726,70.2,0,0,30,0,Cattle,Orma Boran,Male,Kid/Lamb/Calf,BDT073221,BSR016541,AVAQ68726,Bura,qfever,Non Irrigated,negative
3064,68683,70.2,0,0,30,0,Cattle,Orma Boran,Female,Adult,BDT073225,BSR016834,AVAQ68683,Bura,qfever,Non Irrigated,negative
3064,68688,70.2,0,0,30,0,Cattle,Orma Boran,Female,Adult,BDT073226,BSR016542,AVAQ68688,Bura,qfever,Non Irrigated,negative
3064,68713,70.2,0,0,30,0,Cattle,Orma Boran,Female,Kid/Lamb/Calf,BDT073244,BSR016540,AVAQ68713,Bura,qfever,Non Irrigated,negative
3064,68673,70.2,0,0,30,0,Cattle,Orma Boran,Female,Adult,BDT073230,BSR016874,AVAQ68673,Bura,qfever,Non Irrigated,negative
3064,68677,70.2,0,0,30,0,Cattle,Orma Boran,Female,Adult,BDT073231,BSR016543,AVAQ68677,Bura,rvf,Non Irrigated,negative
3064,68726,70.2,0,0,30,0,Cattle,Orma Boran,Male,Kid/Lamb/Calf,BDT073221,BSR016541,AVAQ68726,Bura,rvf,Non Irrigated,negative
3064,68670,70.2,0,0,30,0,Cattle,Orma Boran,Female,Adult,BDT073161,BSR016570,AVAQ68670,Bura,qfever,Non Irrigated,negative
3064,68662,70.2,0,0,30,0,Cattle,Orma Boran,Female,Adult,BDT073224,BSR016553,AVAQ68662,Bura,rvf,Non Irrigated,negative
3064,68670,70.2,0,0,30,0,Cattle,Orma Boran,Female,Adult,BDT073161,BSR016570,AVAQ68670,Bura,rvf,Non Irrigated,negative
3065,68718,67.3,34,22,35,0,Goat,"Galla Goat, Cross",Female,Adult,BDT073209,BSR016527,AVAQ68718,Bura,qfever,Non Irrigated,negative
3065,70494,67.3,34,22,35,0,Cattle,Orma Boran,Female,Adult,BDT073188,BSR016537,AVAQ70494,Bura,qfever,Non Irrigated,negative
3065,68717,67.3,34,22,35,0,Cattle,Orma Boran,Female,Adult,BDT073252,BSR016704,AVAQ68717,Bura,rvf,Non Irrigated,negative
3065,70474,67.3,34,22,35,0,Cattle,Orma Boran,Female,Adult,BDT073249,BSR016708,AVAQ70474,Bura,qfever,Non Irrigated,negative
3065,70457,67.3,34,22,35,0,Cattle,Orma Boran,Female,Adult,BDT073213,BSR016703,AVAQ70457,Bura,brucella,Non Irrigated,negative
3065,68684,67.3,34,22,35,0,Goat,"Galla Goat, Cross",Female,Adult,BDT073217,BSR016715,AVAQ68684,Bura,rvf,Non Irrigated,positive
3065,68717,67.3,34,22,35,0,Cattle,Orma Boran,Female,Adult,BDT073252,BSR016704,AVAQ68717,Bura,brucella,Non Irrigated,negative
3065,68715,67.3,34,22,35,0,Goat,"Galla Goat, Toggenburg, Cross",Female,Adult,BDT073222,BSR016721,AVAQ68715,Bura,rvf,Non Irrigated,negative
3065,70490,67.3,34,22,35,0,Cattle,Orma Boran,Female,Adult,BDT073207,BSR016535,AVAQ70490,Bura,brucella,Non Irrigated,negative
3065,70512,67.3,34,22,35,0,Goat,"Galla Goat, Cross",Female,Adult,BDT073219,BSR016565,AVAQ70512,Bura,qfever,Non Irrigated,negative
3065,68664,67.3,34,22,35,0,Cattle,Orma Boran,Female,Kid/Lamb/Calf,BDT073194,BSR016532,AVAQ68664,Bura,rvf,Non Irrigated,negative
3065,68715,67.3,34,22,35,0,Goat,"Galla Goat, Toggenburg, Cross",Female,Adult,BDT073222,BSR016721,AVAQ68715,Bura,brucella,Non Irrigated,negative
3065,70534,67.3,34,22,35,0,Cattle,Orma Boran,Female,Kid/Lamb/Calf,BDT073242,BSR016534,AVAQ70534,Bura,brucella,Non Irrigated,negative
3065,70536,67.3,34,22,35,0,Goat,"Galla Goat, Cross",Male,Adult,BDT073214,BSR016724,AVAQ70536,Bura,qfever,Non Irrigated,negative
3065,68681,67.3,34,22,35,0,Goat,"Galla Goat, Toggenburg, Cross",Female,Adult,BDT073237,BSR016573,AVAQ68681,Bura,rvf,Non Irrigated,negative
3065,70536,67.3,34,22,35,0,Goat,"Galla Goat, Cross",Male,Adult,BDT073214,BSR016724,AVAQ70536,Bura,brucella,Non Irrigated,negative
3065,70512,67.3,34,22,35,0,Goat,"Galla Goat, Cross",Female,Adult,BDT073219,BSR016565,AVAQ70512,Bura,rvf,Non Irrigated,negative
3065,70511,67.3,34,22,35,0,Goat,"Galla Goat, Cross",Female,Weaner,BDT073235,BSR016716,AVAQ70511,Bura,qfever,Non Irrigated,negative
3065,68681,67.3,34,22,35,0,Goat,"Galla Goat, Toggenburg, Cross",Female,Adult,BDT073237,BSR016573,AVAQ68681,Bura,qfever,Non Irrigated,positive
3065,68666,67.3,34,22,35,0,Cattle,Orma Boran,Male,Kid/Lamb/Calf,BDT073198,BSR016709,AVAQ68666,Bura,rvf,Non Irrigated,negative
3065,70490,67.3,34,22,35,0,Cattle,Orma Boran,Female,Adult,BDT073207,BSR016535,AVAQ70490,Bura,rvf,Non Irrigated,negative
3065,68666,67.3,34,22,35,0,Cattle,Orma Boran,Male,Kid/Lamb/Calf,BDT073198,BSR016709,AVAQ68666,Bura,qfever,Non Irrigated,negative
3065,70443,67.3,34,22,35,0,Cattle,Orma Boran,Female,Kid/Lamb/Calf,BDT073204,BSR016536,AVAQ70443,Bura,rvf,Non Irrigated,negative
3065,70474,67.3,34,22,35,0,Cattle,Orma Boran,Female,Adult,BDT073249,BSR016708,AVAQ70474,Bura,brucella,Non Irrigated,negative
3065,70534,67.3,34,22,35,0,Cattle,Orma Boran,Female,Kid/Lamb/Calf,BDT073242,BSR016534,AVAQ70534,Bura,qfever,Non Irrigated,negative
3065,68710,67.3,34,22,35,0,Cattle,Orma Boran,Female,Adult,BDT073253,BSR016700,AVAQ68710,Bura,rvf,Non Irrigated,negative
3065,70494,67.3,34,22,35,0,Cattle,Orma Boran,Female,Adult,BDT073188,BSR016537,AVAQ70494,Bura,brucella,Non Irrigated,negative
3065,70536,67.3,34,22,35,0,Goat,"Galla Goat, Cross",Male,Adult,BDT073214,BSR016724,AVAQ70536,Bura,rvf,Non Irrigated,negative
3065,68710,67.3,34,22,35,0,Cattle,Orma Boran,Female,Adult,BDT073253,BSR016700,AVAQ68710,Bura,qfever,Non Irrigated,negative
3065,68710,67.3,34,22,35,0,Cattle,Orma Boran,Female,Adult,BDT073253,BSR016700,AVAQ68710,Bura,brucella,Non Irrigated,positive
3065,70511,67.3,34,22,35,0,Goat,"Galla Goat, Cross",Female,Weaner,BDT073235,BSR016716,AVAQ70511,Bura,rvf,Non Irrigated,negative
3065,68705,67.3,34,22,35,0,Cattle,Orma Boran,Female,Adult,BDT073247,BSR016705,AVAQ68705,Bura,rvf,Non Irrigated,negative
3065,68450,67.3,34,22,35,0,Goat,"Galla Goat, Cross",Female,Adult,BDT073220,BSR016569,AVAQ68450,Bura,brucella,Non Irrigated,negative
3065,70492,67.3,34,22,35,0,Cattle,Orma Boran,Female,Weaner,BDT073206,BSR016525,AVAQ70492,Bura,qfever,Non Irrigated,negative
3065,70507,67.3,34,22,35,0,Cattle,Orma Boran,Female,Adult,BDT073254,BSR016701,AVAQ70507,Bura,qfever,Non Irrigated,negative
3065,70474,67.3,34,22,35,0,Cattle,Orma Boran,Female,Adult,BDT073249,BSR016708,AVAQ70474,Bura,rvf,Non Irrigated,negative
3065,68679,67.3,34,22,35,0,Goat,"Toggenburg, Cross",Male,Adult,BDT073239,BSR016722,AVAQ68679,Bura,brucella,Non Irrigated,negative
3065,70507,67.3,34,22,35,0,Cattle,Orma Boran,Female,Adult,BDT073254,BSR016701,AVAQ70507,Bura,rvf,Non Irrigated,negative
3065,68705,67.3,34,22,35,0,Cattle,Orma Boran,Female,Adult,BDT073247,BSR016705,AVAQ68705,Bura,brucella,Non Irrigated,negative
3065,70464,67.3,34,22,35,0,Cattle,Orma Boran,Female,Adult,BDT073250,BSR016702,AVAQ70464,Bura,brucella,Non Irrigated,negative
3065,70492,67.3,34,22,35,0,Cattle,Orma Boran,Female,Weaner,BDT073206,BSR016525,AVAQ70492,Bura,brucella,Non Irrigated,negative
3065,70443,67.3,34,22,35,0,Cattle,Orma Boran,Female,Kid/Lamb/Calf,BDT073204,BSR016536,AVAQ70443,Bura,qfever,Non Irrigated,negative
3065,68679,67.3,34,22,35,0,Goat,"Toggenburg, Cross",Male,Adult,BDT073239,BSR016722,AVAQ68679,Bura,rvf,Non Irrigated,negative
3065,68666,67.3,34,22,35,0,Cattle,Orma Boran,Male,Kid/Lamb/Calf,BDT073198,BSR016709,AVAQ68666,Bura,brucella,Non Irrigated,negative
3065,68450,67.3,34,22,35,0,Goat,"Galla Goat, Cross",Female,Adult,BDT073220,BSR016569,AVAQ68450,Bura,rvf,Non Irrigated,negative
3065,68450,67.3,34,22,35,0,Goat,"Galla Goat, Cross",Female,Adult,BDT073220,BSR016569,AVAQ68450,Bura,qfever,Non Irrigated,negative
3065,68705,67.3,34,22,35,0,Cattle,Orma Boran,Female,Adult,BDT073247,BSR016705,AVAQ68705,Bura,qfever,Non Irrigated,negative
3065,70457,67.3,34,22,35,0,Cattle,Orma Boran,Female,Adult,BDT073213,BSR016703,AVAQ70457,Bura,qfever,Non Irrigated,negative
3065,70501,67.3,34,22,35,0,Cattle,Orma Boran,Female,Kid/Lamb/Calf,BDT073246,BSR016554,AVAQ70501,Bura,brucella,Non Irrigated,negative
3065,68717,67.3,34,22,35,0,Cattle,Orma Boran,Female,Adult,BDT073252,BSR016704,AVAQ68717,Bura,qfever,Non Irrigated,negative
3065,68689,67.3,34,22,35,0,Goat,"Galla Goat, Cross",Female,Adult,BDT073241,BSR016719,AVAQ68689,Bura,brucella,Non Irrigated,negative
3065,68704,67.3,34,22,35,0,Goat,"Galla Goat, Cross",Female,Adult,BDT073218,BSR016529,AVAQ68704,Bura,qfever,Non Irrigated,positive
3065,70535,67.3,34,22,35,0,Goat,"Galla Goat, Cross",Female,Kid/Lamb/Calf,BDT073211,BSR016720,AVAQ70535,Bura,brucella,Non Irrigated,negative
3065,70512,67.3,34,22,35,0,Goat,"Galla Goat, Cross",Female,Adult,BDT073219,BSR016565,AVAQ70512,Bura,brucella,Non Irrigated,negative
3065,68679,67.3,34,22,35,0,Goat,"Toggenburg, Cross",Male,Adult,BDT073239,BSR016722,AVAQ68679,Bura,qfever,Non Irrigated,negative
3065,68671,67.3,34,22,35,0,Cattle,Orma Boran,Female,Adult,BDT073245,BSR016568,AVAQ68671,Bura,rvf,Non Irrigated,positive
3065,70501,67.3,34,22,35,0,Cattle,Orma Boran,Female,Kid/Lamb/Calf,BDT073246,BSR016554,AVAQ70501,Bura,qfever,Non Irrigated,negative
3065,68689,67.3,34,22,35,0,Goat,"Galla Goat, Cross",Female,Adult,BDT073241,BSR016719,AVAQ68689,Bura,qfever,Non Irrigated,negative
3065,70464,67.3,34,22,35,0,Cattle,Orma Boran,Female,Adult,BDT073250,BSR016702,AVAQ70464,Bura,qfever,Non Irrigated,negative
3065,68681,67.3,34,22,35,0,Goat,"Galla Goat, Toggenburg, Cross",Female,Adult,BDT073237,BSR016573,AVAQ68681,Bura,brucella,Non Irrigated,negative
3065,68664,67.3,34,22,35,0,Cattle,Orma Boran,Female,Kid/Lamb/Calf,BDT073194,BSR016532,AVAQ68664,Bura,qfever,Non Irrigated,negative
3065,68689,67.3,34,22,35,0,Goat,"Galla Goat, Cross",Female,Adult,BDT073241,BSR016719,AVAQ68689,Bura,rvf,Non Irrigated,negative
3065,70535,67.3,34,22,35,0,Goat,"Galla Goat, Cross",Female,Kid/Lamb/Calf,BDT073211,BSR016720,AVAQ70535,Bura,rvf,Non Irrigated,negative
3065,70490,67.3,34,22,35,0,Cattle,Orma Boran,Female,Adult,BDT073207,BSR016535,AVAQ70490,Bura,qfever,Non Irrigated,positive
3065,68684,67.3,34,22,35,0,Goat,"Galla Goat, Cross",Female,Adult,BDT073217,BSR016715,AVAQ68684,Bura,brucella,Non Irrigated,positive
3065,70513,67.3,34,22,35,0,Goat,"Galla Goat, Cross",Female,Adult,BDT073248,BSR016706,AVAQ70513,Bura,qfever,Non Irrigated,negative
3065,70534,67.3,34,22,35,0,Cattle,Orma Boran,Female,Kid/Lamb/Calf,BDT073242,BSR016534,AVAQ70534,Bura,rvf,Non Irrigated,negative
3065,70513,67.3,34,22,35,0,Goat,"Galla Goat, Cross",Female,Adult,BDT073248,BSR016706,AVAQ70513,Bura,brucella,Non Irrigated,negative
3065,70492,67.3,34,22,35,0,Cattle,Orma Boran,Female,Weaner,BDT073206,BSR016525,AVAQ70492,Bura,rvf,Non Irrigated,negative
3065,68704,67.3,34,22,35,0,Goat,"Galla Goat, Cross",Female,Adult,BDT073218,BSR016529,AVAQ68704,Bura,brucella,Non Irrigated,negative
3065,70443,67.3,34,22,35,0,Cattle,Orma Boran,Female,Kid/Lamb/Calf,BDT073204,BSR016536,AVAQ70443,Bura,brucella,Non Irrigated,negative
3065,70507,67.3,34,22,35,0,Cattle,Orma Boran,Female,Adult,BDT073254,BSR016701,AVAQ70507,Bura,brucella,Non Irrigated,negative
3065,70513,67.3,34,22,35,0,Goat,"Galla Goat, Cross",Female,Adult,BDT073248,BSR016706,AVAQ70513,Bura,rvf,Non Irrigated,negative
3065,68727,67.3,34,22,35,0,Goat,"Galla Goat, Cross",Male,Adult,BDT073236,BSR016711,AVAQ68727,Bura,brucella,Non Irrigated,negative
3065,70494,67.3,34,22,35,0,Cattle,Orma Boran,Female,Adult,BDT073188,BSR016537,AVAQ70494,Bura,rvf,Non Irrigated,negative
3065,70464,67.3,34,22,35,0,Cattle,Orma Boran,Female,Adult,BDT073250,BSR016702,AVAQ70464,Bura,rvf,Non Irrigated,negative
3065,70511,67.3,34,22,35,0,Goat,"Galla Goat, Cross",Female,Weaner,BDT073235,BSR016716,AVAQ70511,Bura,brucella,Non Irrigated,negative
3065,70457,67.3,34,22,35,0,Cattle,Orma Boran,Female,Adult,BDT073213,BSR016703,AVAQ70457,Bura,rvf,Non Irrigated,negative
3065,70501,67.3,34,22,35,0,Cattle,Orma Boran,Female,Kid/Lamb/Calf,BDT073246,BSR016554,AVAQ70501,Bura,rvf,Non Irrigated,negative
3065,68715,67.3,34,22,35,0,Goat,"Galla Goat, Toggenburg, Cross",Female,Adult,BDT073222,BSR016721,AVAQ68715,Bura,qfever,Non Irrigated,negative
3065,68718,67.3,34,22,35,0,Goat,"Galla Goat, Cross",Female,Adult,BDT073209,BSR016527,AVAQ68718,Bura,rvf,Non Irrigated,negative
3065,68727,67.3,34,22,35,0,Goat,"Galla Goat, Cross",Male,Adult,BDT073236,BSR016711,AVAQ68727,Bura,rvf,Non Irrigated,positive
3065,68684,67.3,34,22,35,0,Goat,"Galla Goat, Cross",Female,Adult,BDT073217,BSR016715,AVAQ68684,Bura,qfever,Non Irrigated,negative
3065,68718,67.3,34,22,35,0,Goat,"Galla Goat, Cross",Female,Adult,BDT073209,BSR016527,AVAQ68718,Bura,brucella,Non Irrigated,negative
3065,68704,67.3,34,22,35,0,Goat,"Galla Goat, Cross",Female,Adult,BDT073218,BSR016529,AVAQ68704,Bura,rvf,Non Irrigated,positive
3065,68671,67.3,34,22,35,0,Cattle,Orma Boran,Female,Adult,BDT073245,BSR016568,AVAQ68671,Bura,qfever,Non Irrigated,negative
3065,68664,67.3,34,22,35,0,Cattle,Orma Boran,Female,Kid/Lamb/Calf,BDT073194,BSR016532,AVAQ68664,Bura,brucella,Non Irrigated,negative
3065,70535,67.3,34,22,35,0,Goat,"Galla Goat, Cross",Female,Kid/Lamb/Calf,BDT073211,BSR016720,AVAQ70535,Bura,qfever,Non Irrigated,negative
3065,68671,67.3,34,22,35,0,Cattle,Orma Boran,Female,Adult,BDT073245,BSR016568,AVAQ68671,Bura,brucella,Non Irrigated,negative
3066,70524,70.1,50,130,80,0,Cattle,Orma Boran,Female,Weaner,BDT072446,BSR016686,AVAQ70524,Bura,brucella,Non Irrigated,negative
3066,68534,70.1,50,130,80,0,Cattle,Orma Boran,Male,Adult,BDT072454,BSR016539,AVAQ68534,Bura,rvf,Non Irrigated,negative
3066,66740,70.1,50,130,80,0,Goat,"Galla Goat, Cross",Female,Adult,BDT073062,BSR016802,AVAQ66740,Bura,qfever,Non Irrigated,positive
3066,70538,70.1,50,130,80,0,Cattle,Orma Boran,Female,Adult,BDT072444,BSR016676,AVAQ70538,Bura,brucella,Non Irrigated,negative
3066,68651,70.1,50,130,80,0,Cattle,Orma Boran,Male,Weaner,BDT072440,BSR016685,AVAQ68651,Bura,rvf,Non Irrigated,negative
3066,66735,70.1,50,130,80,0,Goat,"Galla Goat, Cross",Female,Adult,BDT073082,BSR016679,AVAQ66735,Bura,rvf,Non Irrigated,negative
3066,70463,70.1,50,130,80,0,Goat,"Galla Goat, Cross",Female,Weaner,BDT072962,BSR016814,AVAQ70463,Bura,brucella,Non Irrigated,negative
3066,70486,70.1,50,130,80,0,Goat,"Galla Goat, Cross",Male,Adult,BDT073083,BSR016800,AVAQ70486,Bura,rvf,Non Irrigated,negative
3066,68777,70.1,50,130,80,0,Cattle,Orma Boran,Female,Adult,BDT072430,BSR016718,AVAQ68777,Bura,qfever,Non Irrigated,negative
3066,70486,70.1,50,130,80,0,Goat,"Galla Goat, Cross",Male,Adult,BDT073083,BSR016800,AVAQ70486,Bura,qfever,Non Irrigated,positive
3066,66580,70.1,50,130,80,0,Goat,"Galla Goat, Cross",Male,Adult,BDT072426,BSR016817,AVAQ66580,Bura,brucella,Non Irrigated,positive
3066,70499,70.1,50,130,80,0,Goat,"Galla Goat, Cross",Female,Adult,BDT072973,BSR016795,AVAQ70499,Bura,qfever,Non Irrigated,positive
3066,70521,70.1,50,130,80,0,Goat,Galla Goat,Female,Weaner,BDT073238,BSR016798,AVAQ70521,Bura,qfever,Non Irrigated,negative
3066,68692,70.1,50,130,80,0,Cattle,Orma Boran,Female,Adult,BDT072438,BSR016552,AVAQ68692,Bura,rvf,Non Irrigated,positive
3066,70454,70.1,50,130,80,0,Cattle,Orma Boran,Male,Weaner,BDT072432,BSR016712,AVAQ70454,Bura,qfever,Non Irrigated,negative
3066,66733,70.1,50,130,80,0,Goat,"Galla Goat, Cross",Male,Weaner,BDT073107,BSR016799,AVAQ66733,Bura,rvf,Non Irrigated,negative
3066,68534,70.1,50,130,80,0,Cattle,Orma Boran,Male,Adult,BDT072454,BSR016539,AVAQ68534,Bura,brucella,Non Irrigated,negative
3066,66735,70.1,50,130,80,0,Goat,"Galla Goat, Cross",Female,Adult,BDT073082,BSR016679,AVAQ66735,Bura,brucella,Non Irrigated,negative
3066,66737,70.1,50,130,80,0,Goat,"Galla Goat, Cross",Female,Adult,BDT073108,BSR016803,AVAQ66737,Bura,rvf,Non Irrigated,negative
3066,70521,70.1,50,130,80,0,Goat,Galla Goat,Female,Weaner,BDT073238,BSR016798,AVAQ70521,Bura,rvf,Non Irrigated,negative
3066,70538,70.1,50,130,80,0,Cattle,Orma Boran,Female,Adult,BDT072444,BSR016676,AVAQ70538,Bura,qfever,Non Irrigated,negative
3066,70502,70.1,50,130,80,0,Cattle,Orma Boran,Female,Adult,BDT072436,BSR016723,AVAQ70502,Bura,qfever,Non Irrigated,negative
3066,68721,70.1,50,130,80,0,Cattle,Orma Boran,Male,Weaner,BDT072458,BSR016684,AVAQ68721,Bura,qfever,Non Irrigated,negative
3066,68692,70.1,50,130,80,0,Cattle,Orma Boran,Female,Adult,BDT072438,BSR016552,AVAQ68692,Bura,brucella,Non Irrigated,negative
3066,70441,70.1,50,130,80,0,Goat,"Galla Goat, Cross",Male,Adult,BDT072964,BSR016808,AVAQ70441,Bura,rvf,Non Irrigated,negative
3066,70447,70.1,50,130,80,0,Goat,"Galla Goat, Cross",Female,Weaner,BDT073257,BSR016804,AVAQ70447,Bura,brucella,Non Irrigated,negative
3066,66517,70.1,50,130,80,0,Goat,"Galla Goat, Cross",Female,Weaner,BDT072418,BSR016815,AVAQ66517,Bura,brucella,Non Irrigated,negative
3066,68783,70.1,50,130,80,0,Cattle,Orma Boran,Female,Weaner,BDT073210,BSR016677,AVAQ68783,Bura,rvf,Non Irrigated,negative
3066,68783,70.1,50,130,80,0,Cattle,Orma Boran,Female,Weaner,BDT073210,BSR016677,AVAQ68783,Bura,brucella,Non Irrigated,negative
3066,70455,70.1,50,130,80,0,Cattle,Orma Boran,Female,Adult,BDT072431,BSR016710,AVAQ70455,Bura,rvf,Non Irrigated,negative
3066,66733,70.1,50,130,80,0,Goat,"Galla Goat, Cross",Male,Weaner,BDT073107,BSR016799,AVAQ66733,Bura,brucella,Non Irrigated,negative
3066,68783,70.1,50,130,80,0,Cattle,Orma Boran,Female,Weaner,BDT073210,BSR016677,AVAQ68783,Bura,qfever,Non Irrigated,negative
3066,66580,70.1,50,130,80,0,Goat,"Galla Goat, Cross",Male,Adult,BDT072426,BSR016817,AVAQ66580,Bura,qfever,Non Irrigated,negative
3066,70524,70.1,50,130,80,0,Cattle,Orma Boran,Female,Weaner,BDT072446,BSR016686,AVAQ70524,Bura,qfever,Non Irrigated,negative
3066,68778,70.1,50,130,80,0,Cattle,Orma Boran,Female,Adult,BDT072447,BSR016689,AVAQ68778,Bura,qfever,Non Irrigated,negative
3066,70515,70.1,50,130,80,0,Cattle,Orma Boran,Male,Weaner,BDT072434,BSR016714,AVAQ70515,Bura,qfever,Non Irrigated,negative
3066,70516,70.1,50,130,80,0,Cattle,Orma Boran,Male,Weaner,BDT072437,BSR016717,AVAQ70516,Bura,rvf,Non Irrigated,negative
3066,68778,70.1,50,130,80,0,Cattle,Orma Boran,Female,Adult,BDT072447,BSR016689,AVAQ68778,Bura,brucella,Non Irrigated,negative
3066,68724,70.1,50,130,80,0,Cattle,Orma Boran,Male,Adult,BDT072435,BSR016847,AVAQ68724,Bura,brucella,Non Irrigated,negative
3066,68724,70.1,50,130,80,0,Cattle,Orma Boran,Male,Adult,BDT072435,BSR016847,AVAQ68724,Bura,qfever,Non Irrigated,negative
3066,70455,70.1,50,130,80,0,Cattle,Orma Boran,Female,Adult,BDT072431,BSR016710,AVAQ70455,Bura,brucella,Non Irrigated,negative
3066,70455,70.1,50,130,80,0,Cattle,Orma Boran,Female,Adult,BDT072431,BSR016710,AVAQ70455,Bura,qfever,Non Irrigated,negative
3066,68721,70.1,50,130,80,0,Cattle,Orma Boran,Male,Weaner,BDT072458,BSR016684,AVAQ68721,Bura,rvf,Non Irrigated,negative
3066,66517,70.1,50,130,80,0,Goat,"Galla Goat, Cross",Female,Weaner,BDT072418,BSR016815,AVAQ66517,Bura,rvf,Non Irrigated,negative
3066,70532,70.1,50,130,80,0,Goat,Galla Goat,Male,Adult,BDT073103,BSR016785,AVAQ70532,Bura,qfever,Non Irrigated,negative
3066,70483,70.1,50,130,80,0,Goat,"Galla Goat, Cross",Female,Adult,BDT073087,BSR016813,AVAQ70483,Bura,rvf,Non Irrigated,negative
3066,70447,70.1,50,130,80,0,Goat,"Galla Goat, Cross",Female,Weaner,BDT073257,BSR016804,AVAQ70447,Bura,qfever,Non Irrigated,negative
3066,66735,70.1,50,130,80,0,Goat,"Galla Goat, Cross",Female,Adult,BDT073082,BSR016679,AVAQ66735,Bura,qfever,Non Irrigated,negative
3066,68724,70.1,50,130,80,0,Cattle,Orma Boran,Male,Adult,BDT072435,BSR016847,AVAQ68724,Bura,rvf,Non Irrigated,positive
3066,66517,70.1,50,130,80,0,Goat,"Galla Goat, Cross",Female,Weaner,BDT072418,BSR016815,AVAQ66517,Bura,qfever,Non Irrigated,negative
3066,70524,70.1,50,130,80,0,Cattle,Orma Boran,Female,Weaner,BDT072446,BSR016686,AVAQ70524,Bura,rvf,Non Irrigated,negative
3066,70441,70.1,50,130,80,0,Goat,"Galla Goat, Cross",Male,Adult,BDT072964,BSR016808,AVAQ70441,Bura,qfever,Non Irrigated,negative
3066,70538,70.1,50,130,80,0,Cattle,Orma Boran,Female,Adult,BDT072444,BSR016676,AVAQ70538,Bura,rvf,Non Irrigated,positive
3066,68721,70.1,50,130,80,0,Cattle,Orma Boran,Male,Weaner,BDT072458,BSR016684,AVAQ68721,Bura,brucella,Non Irrigated,negative
3066,66737,70.1,50,130,80,0,Goat,"Galla Goat, Cross",Female,Adult,BDT073108,BSR016803,AVAQ66737,Bura,qfever,Non Irrigated,negative
3066,66733,70.1,50,130,80,0,Goat,"Galla Goat, Cross",Male,Weaner,BDT073107,BSR016799,AVAQ66733,Bura,qfever,Non Irrigated,negative
3066,70441,70.1,50,130,80,0,Goat,"Galla Goat, Cross",Male,Adult,BDT072964,BSR016808,AVAQ70441,Bura,brucella,Non Irrigated,negative
3066,70515,70.1,50,130,80,0,Cattle,Orma Boran,Male,Weaner,BDT072434,BSR016714,AVAQ70515,Bura,brucella,Non Irrigated,negative
3066,70515,70.1,50,130,80,0,Cattle,Orma Boran,Male,Weaner,BDT072434,BSR016714,AVAQ70515,Bura,rvf,Non Irrigated,negative
3066,70532,70.1,50,130,80,0,Goat,Galla Goat,Male,Adult,BDT073103,BSR016785,AVAQ70532,Bura,rvf,Non Irrigated,negative
3066,68777,70.1,50,130,80,0,Cattle,Orma Boran,Female,Adult,BDT072430,BSR016718,AVAQ68777,Bura,brucella,Non Irrigated,negative
3066,70516,70.1,50,130,80,0,Cattle,Orma Boran,Male,Weaner,BDT072437,BSR016717,AVAQ70516,Bura,qfever,Non Irrigated,negative
3066,66580,70.1,50,130,80,0,Goat,"Galla Goat, Cross",Male,Adult,BDT072426,BSR016817,AVAQ66580,Bura,rvf,Non Irrigated,negative
3066,70483,70.1,50,130,80,0,Goat,"Galla Goat, Cross",Female,Adult,BDT073087,BSR016813,AVAQ70483,Bura,brucella,Non Irrigated,negative
3066,70454,70.1,50,130,80,0,Cattle,Orma Boran,Male,Weaner,BDT072432,BSR016712,AVAQ70454,Bura,brucella,Non Irrigated,negative
3066,68692,70.1,50,130,80,0,Cattle,Orma Boran,Female,Adult,BDT072438,BSR016552,AVAQ68692,Bura,qfever,Non Irrigated,negative
3066,70521,70.1,50,130,80,0,Goat,Galla Goat,Female,Weaner,BDT073238,BSR016798,AVAQ70521,Bura,brucella,Non Irrigated,negative
3066,70499,70.1,50,130,80,0,Goat,"Galla Goat, Cross",Female,Adult,BDT072973,BSR016795,AVAQ70499,Bura,brucella,Non Irrigated,negative
3066,66599,70.1,50,130,80,0,Goat,"Galla Goat, Cross",Female,Adult,BDT072965,BSR016794,AVAQ66599,Bura,brucella,Non Irrigated,negative
3066,70447,70.1,50,130,80,0,Goat,"Galla Goat, Cross",Female,Weaner,BDT073257,BSR016804,AVAQ70447,Bura,rvf,Non Irrigated,negative
3066,70454,70.1,50,130,80,0,Cattle,Orma Boran,Male,Weaner,BDT072432,BSR016712,AVAQ70454,Bura,rvf,Non Irrigated,negative
3066,70502,70.1,50,130,80,0,Cattle,Orma Boran,Female,Adult,BDT072436,BSR016723,AVAQ70502,Bura,rvf,Non Irrigated,negative
3066,70502,70.1,50,130,80,0,Cattle,Orma Boran,Female,Adult,BDT072436,BSR016723,AVAQ70502,Bura,brucella,Non Irrigated,negative
3066,70463,70.1,50,130,80,0,Goat,"Galla Goat, Cross",Female,Weaner,BDT072962,BSR016814,AVAQ70463,Bura,qfever,Non Irrigated,negative
3066,70486,70.1,50,130,80,0,Goat,"Galla Goat, Cross",Male,Adult,BDT073083,BSR016800,AVAQ70486,Bura,brucella,Non Irrigated,positive
3066,66740,70.1,50,130,80,0,Goat,"Galla Goat, Cross",Female,Adult,BDT073062,BSR016802,AVAQ66740,Bura,brucella,Non Irrigated,positive
3066,68651,70.1,50,130,80,0,Cattle,Orma Boran,Male,Weaner,BDT072440,BSR016685,AVAQ68651,Bura,qfever,Non Irrigated,negative
3066,70463,70.1,50,130,80,0,Goat,"Galla Goat, Cross",Female,Weaner,BDT072962,BSR016814,AVAQ70463,Bura,rvf,Non Irrigated,negative
3066,68534,70.1,50,130,80,0,Cattle,Orma Boran,Male,Adult,BDT072454,BSR016539,AVAQ68534,Bura,qfever,Non Irrigated,negative
3066,68778,70.1,50,130,80,0,Cattle,Orma Boran,Female,Adult,BDT072447,BSR016689,AVAQ68778,Bura,rvf,Non Irrigated,negative
3066,68777,70.1,50,130,80,0,Cattle,Orma Boran,Female,Adult,BDT072430,BSR016718,AVAQ68777,Bura,rvf,Non Irrigated,positive
3066,66740,70.1,50,130,80,0,Goat,"Galla Goat, Cross",Female,Adult,BDT073062,BSR016802,AVAQ66740,Bura,rvf,Non Irrigated,negative
3066,70499,70.1,50,130,80,0,Goat,"Galla Goat, Cross",Female,Adult,BDT072973,BSR016795,AVAQ70499,Bura,rvf,Non Irrigated,negative
3066,66599,70.1,50,130,80,0,Goat,"Galla Goat, Cross",Female,Adult,BDT072965,BSR016794,AVAQ66599,Bura,rvf,Non Irrigated,negative
3066,68651,70.1,50,130,80,0,Cattle,Orma Boran,Male,Weaner,BDT072440,BSR016685,AVAQ68651,Bura,brucella,Non Irrigated,negative
3066,66599,70.1,50,130,80,0,Goat,"Galla Goat, Cross",Female,Adult,BDT072965,BSR016794,AVAQ66599,Bura,qfever,Non Irrigated,negative
3066,66737,70.1,50,130,80,0,Goat,"Galla Goat, Cross",Female,Adult,BDT073108,BSR016803,AVAQ66737,Bura,brucella,Non Irrigated,negative
3066,70532,70.1,50,130,80,0,Goat,Galla Goat,Male,Adult,BDT073103,BSR016785,AVAQ70532,Bura,brucella,Non Irrigated,negative
3066,70516,70.1,50,130,80,0,Cattle,Orma Boran,Male,Weaner,BDT072437,BSR016717,AVAQ70516,Bura,brucella,Non Irrigated,negative
3067,70460,62.3,,,,,Cattle,Orma Boran,Female,Adult,BDT072414,BSR016549,AVAQ70460,Bura,qfever,,negative
3067,70467,55.5,,,,,Cattle,Orma Boran,Female,Weaner,BDT072429,BSR016699,AVAQ70467,Bura,rvf,,negative
3067,70497,62,,,,,Cattle,Orma Boran,Female,Adult,BDT072417,BSR016697,AVAQ70497,Bura,qfever,,negative
3067,70462,54.9,,,,,Cattle,Orma Boran,Male,Weaner,BDT072411,BSR016688,AVAQ70462,Bura,qfever,Non Irrigated,negative
3067,70453,62.4,,,,,Cattle,Orma Boran,Female,Adult,BDT072428,BSR016690,AVAQ70453,Bura,brucella,,negative
3067,70498,55,,,,,Cattle,Orma Boran,Female,Weaner,BDT072410,BSR016692,AVAQ70498,Bura,brucella,,negative
3067,70523,62.3,,,,,Cattle,Orma Boran,Male,Adult,BDT072415,BSR015877,AVAQ70523,Bura,brucella,,negative
3067,70472,55,,,,,Cattle,Orma Boran,Female,Adult,BDT072427,BSR016693,AVAQ70472,Bura,rvf,,negative
3067,68655,61.4,,,,,Cattle,Orma Boran,Female,Adult,BDT072422,BSR016675,AVAQ68655,Bura,qfever,Non Irrigated,negative
3067,70531,62.1,,,,,Cattle,Orma Boran,Female,Adult,BDT072421,BSR016687,AVAQ70531,Bura,qfever,,negative
3067,66514,62.6,,,,,Cattle,Orma Boran,Male,Adult,BDT073061,BSR016823,AVAQ66514,Bura,qfever,,negative
3067,70498,55,,,,,Cattle,Orma Boran,Female,Weaner,BDT072410,BSR016692,AVAQ70498,Bura,rvf,,negative
3067,70498,55,,,,,Cattle,Orma Boran,Female,Weaner,BDT072410,BSR016692,AVAQ70498,Bura,qfever,,negative
3067,70531,62.1,,,,,Cattle,Orma Boran,Female,Adult,BDT072421,BSR016687,AVAQ70531,Bura,rvf,,positive
3067,70467,55.5,,,,,Cattle,Orma Boran,Female,Weaner,BDT072429,BSR016699,AVAQ70467,Bura,brucella,,negative
3067,70462,54.9,,,,,Cattle,Orma Boran,Male,Weaner,BDT072411,BSR016688,AVAQ70462,Bura,brucella,Non Irrigated,negative
3067,68655,61.4,,,,,Cattle,Orma Boran,Female,Adult,BDT072422,BSR016675,AVAQ68655,Bura,rvf,Non Irrigated,negative
3067,70460,62.3,,,,,Cattle,Orma Boran,Female,Adult,BDT072414,BSR016549,AVAQ70460,Bura,rvf,,negative
3067,70462,54.9,,,,,Cattle,Orma Boran,Male,Weaner,BDT072411,BSR016688,AVAQ70462,Bura,rvf,Non Irrigated,negative
3067,70448,62.4,,,,,Cattle,Orma Boran,Female,Adult,BDT073256,BSR016698,AVAQ70448,Bura,brucella,,negative
3067,70495,62.3,,,,,Cattle,Orma Boran,Female,Adult,BDT072433,BSR016707,AVAQ70495,Bura,rvf,,positive
3067,70497,62,,,,,Cattle,Orma Boran,Female,Adult,BDT072417,BSR016697,AVAQ70497,Bura,brucella,,negative
3067,66514,62.6,,,,,Cattle,Orma Boran,Male,Adult,BDT073061,BSR016823,AVAQ66514,Bura,rvf,,negative
3067,70527,61.8,,,,,Cattle,Orma Boran,Female,Adult,BDT072423,BSR016691,AVAQ70527,Bura,brucella,,negative
3067,70530,58.7,,,,,Cattle,Orma Boran,Male,Adult,BDT072413,BSR016681,AVAQ70530,Bura,rvf,,negative
3067,70478,55.1,,,,,Cattle,Orma Boran,Female,Adult,BDT072412,BSR016683,AVAQ70478,Bura,rvf,,negative
3067,70523,62.3,,,,,Cattle,Orma Boran,Male,Adult,BDT072415,BSR015877,AVAQ70523,Bura,qfever,,negative
3067,70476,54.7,,,,,Cattle,Orma Boran,Female,Adult,BDT072409,BSR016682,AVAQ70476,Bura,qfever,,negative
3067,70531,62.1,,,,,Cattle,Orma Boran,Female,Adult,BDT072421,BSR016687,AVAQ70531,Bura,brucella,,positive
3067,70478,55.1,,,,,Cattle,Orma Boran,Female,Adult,BDT072412,BSR016683,AVAQ70478,Bura,qfever,,negative
3067,70496,55,,,,,Cattle,Orma Boran,Female,Adult,BDT072416,BSR016678,AVAQ70496,Bura,rvf,,negative
3067,70495,62.3,,,,,Cattle,Orma Boran,Female,Adult,BDT072433,BSR016707,AVAQ70495,Bura,qfever,,negative
3067,66514,62.6,,,,,Cattle,Orma Boran,Male,Adult,BDT073061,BSR016823,AVAQ66514,Bura,brucella,,negative
3067,68655,61.4,,,,,Cattle,Orma Boran,Female,Adult,BDT072422,BSR016675,AVAQ68655,Bura,brucella,Non Irrigated,negative
3067,70495,62.3,,,,,Cattle,Orma Boran,Female,Adult,BDT072433,BSR016707,AVAQ70495,Bura,brucella,,negative
3067,70522,61.7,,,,,Cattle,Orma Boran,Female,Adult,BDT072419,BSR016694,AVAQ70522,Bura,brucella,,negative
3067,70496,55,,,,,Cattle,Orma Boran,Female,Adult,BDT072416,BSR016678,AVAQ70496,Bura,brucella,,negative
3067,70476,54.7,,,,,Cattle,Orma Boran,Female,Adult,BDT072409,BSR016682,AVAQ70476,Bura,rvf,,negative
3067,70482,62.4,,,,,Cattle,Orma Boran,Male,Weaner,BDT072420,BSR016696,AVAQ70482,Bura,brucella,,negative
3067,70453,62.4,,,,,Cattle,Orma Boran,Female,Adult,BDT072428,BSR016690,AVAQ70453,Bura,rvf,,negative
3067,70476,54.7,,,,,Cattle,Orma Boran,Female,Adult,BDT072409,BSR016682,AVAQ70476,Bura,brucella,,negative
3067,70530,58.7,,,,,Cattle,Orma Boran,Male,Adult,BDT072413,BSR016681,AVAQ70530,Bura,qfever,,negative
3067,70527,61.8,,,,,Cattle,Orma Boran,Female,Adult,BDT072423,BSR016691,AVAQ70527,Bura,rvf,,positive
3067,70478,55.1,,,,,Cattle,Orma Boran,Female,Adult,BDT072412,BSR016683,AVAQ70478,Bura,brucella,,negative
3067,70522,61.7,,,,,Cattle,Orma Boran,Female,Adult,BDT072419,BSR016694,AVAQ70522,Bura,qfever,,negative
3067,70453,62.4,,,,,Cattle,Orma Boran,Female,Adult,BDT072428,BSR016690,AVAQ70453,Bura,qfever,,negative
3067,70467,55.5,,,,,Cattle,Orma Boran,Female,Weaner,BDT072429,BSR016699,AVAQ70467,Bura,qfever,,negative
3067,70522,61.7,,,,,Cattle,Orma Boran,Female,Adult,BDT072419,BSR016694,AVAQ70522,Bura,rvf,,negative
3067,70460,62.3,,,,,Cattle,Orma Boran,Female,Adult,BDT072414,BSR016549,AVAQ70460,Bura,brucella,,negative
3067,70472,55,,,,,Cattle,Orma Boran,Female,Adult,BDT072427,BSR016693,AVAQ70472,Bura,qfever,,negative
3067,70482,62.4,,,,,Cattle,Orma Boran,Male,Weaner,BDT072420,BSR016696,AVAQ70482,Bura,qfever,,negative
3067,70482,62.4,,,,,Cattle,Orma Boran,Male,Weaner,BDT072420,BSR016696,AVAQ70482,Bura,rvf,,negative
3067,70530,58.7,,,,,Cattle,Orma Boran,Male,Adult,BDT072413,BSR016681,AVAQ70530,Bura,brucella,,negative
3067,70523,62.3,,,,,Cattle,Orma Boran,Male,Adult,BDT072415,BSR015877,AVAQ70523,Bura,rvf,,negative
3067,70527,61.8,,,,,Cattle,Orma Boran,Female,Adult,BDT072423,BSR016691,AVAQ70527,Bura,qfever,,negative
3067,70472,55,,,,,Cattle,Orma Boran,Female,Adult,BDT072427,BSR016693,AVAQ70472,Bura,brucella,,negative
3067,70448,62.4,,,,,Cattle,Orma Boran,Female,Adult,BDT073256,BSR016698,AVAQ70448,Bura,qfever,,negative
3067,70448,62.4,,,,,Cattle,Orma Boran,Female,Adult,BDT073256,BSR016698,AVAQ70448,Bura,rvf,,negative
3067,70496,55,,,,,Cattle,Orma Boran,Female,Adult,BDT072416,BSR016678,AVAQ70496,Bura,qfever,,negative
3067,70497,62,,,,,Cattle,Orma Boran,Female,Adult,BDT072417,BSR016697,AVAQ70497,Bura,rvf,,negative
